drug1,drug2,classes,source_line,mechanism,source_file_id
D00326,D00076,P,1,unclassified,d0049
D00326,D00095,P,2,unclassified,d0049
D00326,D00109,P,3,unclassified,d0049
D00326,D00126,P,4,Enzyme: CYP2C9,d0049
D00326,D00132,P,5,unclassified,d0049
D00326,D00136,P,6,Enzyme: CYP2D6 / CYP inhibition: CYP2D6,d0049
D00326,D00228,P,7,Enzyme: CYP2D6 / Target: SLC6A4 / CYP inhibition: CYP2D6,d0049
D00326,D00252,P,8,unclassified,d0049
D00326,D00255,P,9,Enzyme: CYP2D6 CYP2C9 / CYP inhibition: CYP2D6,d0049
D00326,D00293,P,10,CYP inhibition: CYP2C19,d0049
D00326,D00295,P,11,CYP inhibition: CYP2D6,d0049
D00326,D00311,P,12,CYP inhibition: CYP3A,d0049
D00326,D00320,P,13,unclassified,d0049
D00326,D00348,P,14,CYP inhibition: CYP3A,d0049
D00326,D00415,P,15,unclassified,d0049
D00326,D00426,P,16,Enzyme: CYP2D6 / CYP inhibition: CYP2D6,d0049
D00326,D00435,P,17,Enzyme: CYP2D6 / CYP inhibition: CYP2D6,d0049
D00326,D00451,P,18,unclassified,d0049
D00326,D00512,P,19,Enzyme: CYP2C9,d0049
D00326,D00550,P,20,unclassified,d0049
D00326,D00563,P,21,Enzyme: CYP2D6 / CYP inhibition: CYP2D6,d0049
D00326,D00570,"CI,P",22,Transporter inhibition: ABCB1,d0049
D00326,D00601,P,23,Enzyme: CYP2D6 / CYP inhibition: CYP2D6,d0049
D00326,D00603,P,24,Enzyme: CYP2D6 / CYP inhibition: CYP2D6,d0049
D00326,D00605,P,25,unclassified,d0049
D00326,D00619,P,26,Transporter inhibition: ABCB1,d0049
D00326,D00661,P,27,Enzyme: CYP2D6 / CYP inhibition: CYP2D6,d0049
D00326,D00670,P,28,unclassified,d0049
D00326,D00674,P,29,Enzyme: CYP2C9 CYP2D6 / CYP inhibition: CYP2D6,d0049
D00326,D00675,P,30,unclassified,d0049
D00326,D00676,P,31,unclassified,d0049
D00326,D00677,P,32,unclassified,d0049
D00326,D00678,P,33,Enzyme: CYP2D6 / CYP inhibition: CYP2D6,d0049
D00326,D00754,P,34,unclassified,d0049
D00326,D00769,P,35,CYP inhibition: CYP2C19,d0049
D00326,D00785,CI,36,Enzyme: CYP2D6 / CYP inhibition: CYP2D6,d0049
D00326,D00801,P,37,unclassified,d0049
D00326,D00809,P,38,Enzyme: CYP2D6 / Target: SLC6A4 / CYP inhibition: CYP2C19 CYP2D6,d0049
D00326,D00811,P,39,Enzyme: CYP2D6 / Target: SLC6A4 / CYP inhibition: CYP2C19 CYP2D6,d0049
D00326,D00815,P,40,Enzyme: CYP2D6 / Target: SLC6A4 / CYP inhibition: CYP2C19 CYP2D6,d0049
D00326,D00818,P,41,Enzyme: CYP2D6 / CYP inhibition: CYP2D6,d0049
D00326,D00820,P,42,Enzyme: CYP2D6 / Target: SLC6A4 / CYP inhibition: CYP2D6,d0049
D00326,D00821,P,43,Enzyme: CYP2D6 / Target: SLC6A4 / CYP inhibition: CYP2D6,d0049
D00326,D00824,P,44,Enzyme: CYP2D6 / Target: SLC6A4 / CYP inhibition: CYP2D6,d0049
D00326,D00848,P,45,Enzyme: CYP2D6 / CYP inhibition: CYP2D6,d0049
D00326,D00904,P,46,Enzyme: CYP2C9,d0049
D00326,D00947,P,47,unclassified,d0049
D00326,D00966,P,48,Enzyme: CYP2D6 / CYP inhibition: CYP2D6,d0049
D00326,D00969,P,49,Enzyme: CYP2C9,d0049
D00326,D01028,P,50,CYP inhibition: CYP2D6,d0049
D00326,D01061,P,51,unclassified,d0049
D00326,D01164,P,52,Enzyme: CYP2D6 / CYP inhibition: CYP2D6,d0049
D00326,D01179,P,53,Target: SLC6A4 / CYP inhibition: CYP2D6,d0049
D00326,D01213,P,54,Transporter inhibition: ABCB1,d0049
D00326,D01253,P,55,CYP inhibition: CYP2C19,d0049
D00326,D01280,P,56,Enzyme: CYP2C9,d0049
D00326,D01296,P,57,unclassified,d0049
D00326,D01355,P,58,Enzyme: CYP2D6 / CYP inhibition: CYP2D6,d0049
D00326,D01383,P,59,unclassified,d0049
D00326,D01399,P,60,unclassified,d0049
D00326,D01896,P,61,CYP inhibition: CYP2C19,d0049
D00326,D01898,P,62,Enzyme: CYP2D6 / CYP inhibition: CYP2D6,d0049
D00326,D01973,P,63,unclassified,d0049
D00326,D01992,P,64,unclassified,d0049
D00326,D02008,CI,65,unclassified,d0049
D00326,D02102,P,66,Enzyme: CYP2C9 CYP2D6 / CYP inhibition: CYP2C19 CYP2D6 / Transporter inhibition: ABCB1,d0049
D00326,D02103,P,67,Enzyme: CYP2C9,d0049
D00326,D02106,P,68,unclassified,d0049
D00326,D02234,P,69,unclassified,d0049
D00326,D02235,P,70,unclassified,d0049
D00326,D02260,P,71,Enzyme: CYP2D6 / Target: SLC6A4 / CYP inhibition: CYP2D6,d0049
D00326,D02484,P,72,CYP inhibition: CYP3A,d0049
D00326,D02562,CI,73,unclassified,d0049
D00326,D02567,P,74,Enzyme: CYP2D6 / Target: SLC6A4 / CYP inhibition: CYP2C19 CYP2D6,d0049
D00326,D02574,P,75,Enzyme: CYP2D6 / CYP inhibition: CYP2D6,d0049
D00326,D02968,P,76,CYP induction: CYP2C9,d0049
D00326,D03855,P,77,unclassified,d0049
D00326,D03960,P,78,unclassified,d0049
D00326,D04024,P,79,Transporter inhibition: ABCB1,d0049
D00326,D04052,P,80,unclassified,d0049
D00326,D04148,P,81,Enzyme: CYP2D6 / Target: SLC6A4 / CYP inhibition: CYP2C19 CYP2D6,d0049
D00326,D04340,P,82,Enzyme: CYP2D6 / CYP inhibition: CYP2D6,d0049
D00326,D04641,P,83,unclassified,d0049
D00326,D04747,P,84,unclassified,d0049
D00326,D04768,"CI,P",85,CYP inhibition: CYP3A / Transporter inhibition: ABCB1,d0049
D00326,D05177,P,86,CYP inhibition: CYP2C9,d0049
D00326,D05928,P,87,CYP inhibition: CYP2C19 CYP2D6 CYP2C9,d0049
D00326,D06068,P,88,unclassified,d0049
D00326,D06199,P,89,unclassified,d0049
D00326,D06405,P,90,unclassified,d0049
D00326,D06412,P,91,Transporter inhibition: ABCB1,d0049
D00326,D06597,P,92,CYP induction: CYP2C9,d0049
D00326,D06637,P,93,CYP inhibition: CYP3A,d0049
D00326,D07082,"CI,P",94,Transporter inhibition: ABCB1,d0049
D00326,D07086,P,95,Transporter inhibition: ABCB1,d0049
D00326,D07505,P,96,unclassified,d0049
D00326,D07583,P,97,Enzyme: CYP2C9,d0049
D00326,D07869,P,98,unclassified,d0049
D00326,D08095,P,99,unclassified,d0049
D00326,D08493,P,100,Enzyme: CYP2C9 CYP2D6 / CYP inhibition: CYP2C19 CYP2D6,d0049
D00326,D08575,P,101,Enzyme: CYP2D6 / CYP inhibition: CYP2D6,d0049
D00326,D08923,P,102,Enzyme: CYP2D6 / CYP inhibition: CYP2D6,d0049
D00326,D08964,P,103,CYP inhibition: CYP3A,d0049
D00326,D09017,"CI,P",104,CYP inhibition: CYP3A / Transporter inhibition: ABCB1,d0049
D00326,D09319,P,105,Transporter inhibition: ABCB1,d0049
D00326,D09348,P,106,unclassified,d0049
D00326,D09365,"CI,P",107,CYP inhibition: CYP2C19,d0049
D00326,D09535,P,108,CYP inhibition: CYP2D6,d0049
D00326,D09546,P,109,Transporter inhibition: ABCB1,d0049
D00326,D09572,P,110,CYP inhibition: CYP3A / Transporter inhibition: ABCB1,d0049
D00326,D09638,"CI,P",111,unclassified,d0049
D00326,D09686,P,112,unclassified,d0049
D00326,D09701,P,113,unclassified,d0049
D00326,D09728,P,114,unclassified,d0049
D00326,D09730,P,115,CYP inhibition: CYP3A,d0049
D00326,D09731,P,116,unclassified,d0049
D00326,D09733,P,117,Transporter inhibition: ABCB1,d0049
D00326,D09815,P,118,unclassified,d0049
D00326,D09894,"CI,P",119,Enzyme: CYP2D6 / CYP inhibition: CYP2D6 / Transporter inhibition: ABCB1,d0049
D00326,D09920,P,120,CYP inhibition: CYP3A / Transporter inhibition: ABCB1,d0049
D00326,D09951,P,121,CYP inhibition: CYP3A,d0049
D00326,D09956,P,122,CYP inhibition: CYP3A,d0049
D00326,D09996,P,123,CYP inhibition: CYP2C9,d0049
D00326,D09999,P,124,Enzyme: CYP2D6 / CYP inhibition: CYP2D6,d0049
D00326,D10003,P,125,CYP induction: CYP2D6,d0049
D00326,D10014,P,126,unclassified,d0049
D00326,D10024,P,127,Enzyme: CYP2C9,d0049
D00326,D10082,P,128,CYP inhibition: CYP3A,d0049
D00326,D10095,P,129,unclassified,d0049
D00326,D10104,P,130,CYP induction: CYP2C9,d0049
D00326,D10185,P,131,Enzyme: CYP2C9 CYP2D6 / Target: SLC6A4 / CYP inhibition: CYP2C19 CYP2D6,d0049
D00326,D10191,CI,132,unclassified,d0049
D00326,D10218,P,133,unclassified,d0049
D00326,D10223,P,134,CYP inhibition: CYP3A,d0049
D00326,D10298,P,135,unclassified,d0049
D00326,D10309,P,136,Enzyme: CYP2D6 / CYP inhibition: CYP2D6,d0049
D00326,D10372,P,137,unclassified,d0049
D00326,D10396,P,138,Transporter inhibition: ABCB1,d0049
D00326,D10424,P,139,unclassified,d0049
D00326,D10450,P,140,unclassified,d0049
D00326,D10452,P,141,CYP inhibition: CYP3A,d0049
D00326,D10478,P,142,unclassified,d0049
D00326,D10505,P,143,Transporter inhibition: ABCB1,d0049
D00326,D10512,P,144,Enzyme: CYP2C9 CYP2D6 / CYP inhibition: CYP2D6,d0049
D00326,D10513,P,145,CYP inhibition: CYP2C19,d0049
D00326,D10516,P,146,Enzyme: CYP2D6 / CYP inhibition: CYP2D6,d0049
D00326,D10527,P,147,CYP inhibition: CYP2C19,d0049
D00326,D10537,P,148,CYP inhibition: CYP2C9,d0049
D00326,D10551,P,149,CYP inhibition: CYP3A CYP2C9,d0049
D00326,D10564,P,150,CYP inhibition: CYP3A,d0049
D00326,D10569,P,151,unclassified,d0049
D00326,D10633,P,152,unclassified,d0049
D00326,D10643,P,153,CYP inhibition: CYP3A,d0049
D00326,D10663,P,154,unclassified,d0049
D00326,D10679,"CI,P",155,unclassified,d0049
D00326,D10688,P,156,CYP inhibition: CYP3A,d0049
D00326,D10733,P,157,unclassified,d0049
D00326,D10761,P,158,CYP inhibition: CYP3A,d0049
D00326,D10780,P,159,CYP inhibition: CYP3A,d0049
D00326,D10793,P,160,unclassified,d0049
D00326,D10800,P,161,Transporter inhibition: ABCB1,d0049
D00326,D10801,P,162,CYP induction: CYP2C9,d0049
D00326,D10866,P,163,unclassified,d0049
D00326,D10891,P,164,unclassified,d0049
D00326,D10892,P,165,CYP inhibition: CYP3A,d0049
D00326,D10893,P,166,CYP inhibition: CYP3A,d0049
D00326,D10926,P,167,unclassified,d0049
D00326,D10927,P,168,Enzyme: CYP2C9 / Transporter inhibition: ABCB1,d0049
D00326,D10931,P,169,Enzyme: CYP2C9,d0049
D00326,D10993,P,170,unclassified,d0049
D00326,D10999,P,171,unclassified,d0049
D00326,D11012,P,172,CYP inhibition: CYP3A,d0049
D00326,D11022,P,173,unclassified,d0049
D00326,D11027,P,174,unclassified,d0049
D00326,D11040,P,175,unclassified,d0049
D00326,D11048,P,176,unclassified,d0049
D00326,D11053,P,177,unclassified,d0049
D00326,D11070,P,178,unclassified,d0049
D00326,D11090,P,179,unclassified,d0049
D00326,D11138,P,180,CYP inhibition: CYP3A,d0049
D00326,D11159,P,181,unclassified,d0049
D00326,D11296,P,182,CYP inhibition: CYP2C19,d0049
D00326,D11370,P,183,unclassified,d0049
D00326,D11371,P,184,CYP inhibition: CYP3A,d0049
D00326,D11400,P,185,Enzyme: CYP2C9 / CYP inhibition: CYP2C19,d0049
D00326,D11404,P,186,unclassified,d0049
D00326,D11417,P,187,unclassified,d0049
D00326,D11422,P,188,CYP inhibition: CYP3A,d0049
D00326,D11454,P,189,unclassified,d0049
D00326,D11485,P,190,Transporter inhibition: ABCB1,d0049
D00326,D11525,P,191,unclassified,d0049
D00326,D11659,P,192,unclassified,d0049
D00326,D11662,P,193,unclassified,d0049
D00326,D11674,P,194,CYP inhibition: CYP2D6 / Transporter inhibition: ABCB1,d0049
D00326,D11708,P,195,unclassified,d0049
D00326,D11713,P,196,unclassified,d0049
D00326,D11725,P,197,unclassified,d0049
D00326,D11793,P,198,unclassified,d0049
D00326,D11804,P,199,unclassified,d0049
D00326,D11814,P,200,unclassified,d0049
D00326,D11835,P,201,Enzyme: CYP2C9 CYP2D6 / CYP inhibition: CYP2C19 CYP2D6 CYP3A,d0049
D00326,D11861,P,202,unclassified,d0049
D00326,D11862,P,203,unclassified,d0049
D00326,D11873,P,204,CYP inhibition: CYP3A,d0049
D00326,D11887,P,205,CYP inhibition: CYP3A,d0049
D00326,D11954,P,206,CYP inhibition: CYP2C19,d0049
D00326,D12049,P,207,CYP inhibition: CYP3A CYP2C9,d0049
D00326,D12217,P,208,unclassified,d0049
D00326,D12245,P,209,unclassified,d0049
D00326,D12265,P,210,Enzyme: CYP2C9 / CYP inhibition: CYP2C19,d0049
D00326,D12285,P,211,unclassified,d0049
D00326,D12364,P,212,Enzyme: CYP2C9 / CYP inhibition: CYP3A,d0049
D00326,D12396,P,213,unclassified,d0049
D00326,D12442,P,214,unclassified,d0049
D00326,D12586,P,215,CYP inhibition: CYP3A,d0049
D00326,D12611,P,216,unclassified,d0049
D00326,D12704,P,217,CYP inhibition: CYP3A,d0049
D00326,D12837,P,218,CYP induction: CYP2C9,d0049
D00326,D12975,P,219,CYP inhibition: CYP3A,d0049
D00326,D13026,P,220,unclassified,d0049
D00346,cpd:C00304,P,1,unclassified,d0117
D00346,cpd:C00483,P,2,unclassified,d0117
D00346,cpd:C07055,P,3,unclassified,d0117
D00346,cpd:C07506,P,4,unclassified,d0117
D00346,cpd:C07811,P,5,unclassified,d0117
D00346,cpd:C07814,P,6,unclassified,d0117
D00346,cpd:C07818,P,7,unclassified,d0117
D00346,cpd:C07849,P,8,unclassified,d0117
D00346,cpd:C07861,P,9,unclassified,d0117
D00346,cpd:C12768,P,10,unclassified,d0117
D00346,D00032,P,11,unclassified,d0117
D00346,D00058,P,12,unclassified,d0117
D00346,D00059,P,13,unclassified,d0117
D00346,D00076,P,14,unclassified,d0117
D00346,D00085,P,15,unclassified,d0117
D00346,D00095,P,16,unclassified,d0117
D00346,D00113,P,17,unclassified,d0117
D00346,D00124,P,18,unclassified,d0117
D00346,D00131,P,19,unclassified,d0117
D00346,D00135,P,20,unclassified,d0117
D00346,D00138,P,21,unclassified,d0117
D00346,D00144,P,22,unclassified,d0117
D00346,D00147,P,23,unclassified,d0117
D00346,D00162,P,24,unclassified,d0117
D00346,D00184,P,25,unclassified,d0117
D00346,D00197,P,26,unclassified,d0117
D00346,D00198,P,27,unclassified,d0117
D00346,D00211,P,28,unclassified,d0117
D00346,D00216,P,29,unclassified,d0117
D00346,D00217,P,30,unclassified,d0117
D00346,D00219,P,31,unclassified,d0117
D00346,D00225,P,32,unclassified,d0117
D00346,D00228,"CI,P",33,unclassified,d0117
D00346,D00232,P,34,unclassified,d0117
D00346,D00252,P,35,unclassified,d0117
D00346,D00253,P,36,unclassified,d0117
D00346,D00265,P,37,unclassified,d0117
D00346,D00267,P,38,unclassified,d0117
D00346,D00270,P,39,unclassified,d0117
D00346,D00271,P,40,unclassified,d0117
D00346,D00280,P,41,unclassified,d0117
D00346,D00281,P,42,unclassified,d0117
D00346,D00283,P,43,unclassified,d0117
D00346,D00293,P,44,unclassified,d0117
D00346,D00294,P,45,unclassified,d0117
D00346,D00304,P,46,unclassified,d0117
D00346,D00308,P,47,unclassified,d0117
D00346,D00311,P,48,unclassified,d0117
D00346,D00320,P,49,unclassified,d0117
D00346,D00335,P,50,unclassified,d0117
D00346,D00336,P,51,unclassified,d0117
D00346,D00346,P,52,unclassified,d0117
D00346,D00350,P,53,unclassified,d0117
D00346,D00354,P,54,unclassified,d0117
D00346,D00365,P,55,unclassified,d0117
D00346,D00367,CI,56,unclassified,d0117
D00346,D00375,P,57,unclassified,d0117
D00346,D00379,P,58,unclassified,d0117
D00346,D00380,P,59,unclassified,d0117
D00346,D00387,P,60,unclassified,d0117
D00346,D00388,P,61,unclassified,d0117
D00346,D00392,P,62,unclassified,d0117
D00346,D00394,P,63,unclassified,d0117
D00346,D00395,P,64,unclassified,d0117
D00346,D00397,P,65,unclassified,d0117
D00346,D00399,P,66,unclassified,d0117
D00346,D00402,P,67,unclassified,d0117
D00346,D00404,P,68,unclassified,d0117
D00346,D00405,P,69,unclassified,d0117
D00346,D00415,CI,70,unclassified,d0117
D00346,D00418,P,71,unclassified,d0117
D00346,D00424,P,72,unclassified,d0117
D00346,D00451,CI,73,unclassified,d0117
D00346,D00457,P,74,unclassified,d0117
D00346,D00465,P,75,unclassified,d0117
D00346,D00474,P,76,unclassified,d0117
D00346,D00481,P,77,unclassified,d0117
D00346,D00484,P,78,unclassified,d0117
D00346,D00485,P,79,unclassified,d0117
D00346,D00495,P,80,unclassified,d0117
D00346,D00504,P,81,unclassified,d0117
D00346,D00506,P,82,unclassified,d0117
D00346,D00508,P,83,unclassified,d0117
D00346,D00511,P,84,unclassified,d0117
D00346,D00512,P,85,unclassified,d0117
D00346,D00514,P,86,unclassified,d0117
D00346,D00520,CI,87,unclassified,d0117
D00346,D00531,P,88,unclassified,d0117
D00346,D00533,P,89,unclassified,d0117
D00346,D00535,P,90,unclassified,d0117
D00346,D00536,P,91,unclassified,d0117
D00346,D00537,P,92,unclassified,d0117
D00346,D00538,P,93,unclassified,d0117
D00346,D00539,P,94,unclassified,d0117
D00346,D00540,P,95,unclassified,d0117
D00346,D00550,P,96,unclassified,d0117
D00346,D00563,CI,97,unclassified,d0117
D00346,D00564,P,98,unclassified,d0117
D00346,D00588,P,99,unclassified,d0117
D00346,D00591,P,100,unclassified,d0117
D00346,D00593,P,101,unclassified,d0117
D00346,D00594,P,102,unclassified,d0117
D00346,D00595,P,103,unclassified,d0117
D00346,D00596,P,104,unclassified,d0117
D00346,D00604,P,105,unclassified,d0117
D00346,D00606,P,106,unclassified,d0117
D00346,D00607,P,107,unclassified,d0117
D00346,D00608,P,108,unclassified,d0117
D00346,D00609,P,109,unclassified,d0117
D00346,D00611,P,110,unclassified,d0117
D00346,D00612,P,111,unclassified,d0117
D00346,D00614,P,112,unclassified,d0117
D00346,D00625,P,113,unclassified,d0117
D00346,D00632,P,114,unclassified,d0117
D00346,D00633,P,115,unclassified,d0117
D00346,D00636,P,116,unclassified,d0117
D00346,D00646,P,117,unclassified,d0117
D00346,D00665,P,118,unclassified,d0117
D00346,D00666,P,119,unclassified,d0117
D00346,D00668,P,120,unclassified,d0117
D00346,D00669,P,121,unclassified,d0117
D00346,D00672,P,122,unclassified,d0117
D00346,D00675,CI,123,unclassified,d0117
D00346,D00676,CI,124,unclassified,d0117
D00346,D00677,P,125,unclassified,d0117
D00346,D00678,P,126,unclassified,d0117
D00346,D00683,P,127,unclassified,d0117
D00346,D00684,P,128,unclassified,d0117
D00346,D00685,P,129,unclassified,d0117
D00346,D00686,P,130,unclassified,d0117
D00346,D00687,P,131,unclassified,d0117
D00346,D00688,P,132,unclassified,d0117
D00346,D00694,P,133,unclassified,d0117
D00346,D00700,P,134,unclassified,d0117
D00346,D00701,P,135,unclassified,d0117
D00346,D00708,P,136,unclassified,d0117
D00346,D00709,P,137,unclassified,d0117
D00346,D00710,P,138,unclassified,d0117
D00346,D00713,P,139,unclassified,d0117
D00346,D00714,P,140,unclassified,d0117
D00346,D00715,P,141,unclassified,d0117
D00346,D00716,P,142,unclassified,d0117
D00346,D00717,P,143,unclassified,d0117
D00346,D00719,P,144,unclassified,d0117
D00346,D00720,P,145,unclassified,d0117
D00346,D00721,P,146,unclassified,d0117
D00346,D00722,P,147,unclassified,d0117
D00346,D00723,P,148,unclassified,d0117
D00346,D00743,P,149,unclassified,d0117
D00346,D00744,P,150,unclassified,d0117
D00346,D00756,P,151,unclassified,d0117
D00346,D00762,P,152,unclassified,d0117
D00346,D00765,P,153,unclassified,d0117
D00346,D00770,P,154,unclassified,d0117
D00346,D00774,P,155,unclassified,d0117
D00346,D00776,P,156,unclassified,d0117
D00346,D00778,P,157,unclassified,d0117
D00346,D00779,P,158,unclassified,d0117
D00346,D00782,P,159,unclassified,d0117
D00346,D00785,CI,160,unclassified,d0117
D00346,D00787,P,161,unclassified,d0117
D00346,D00789,P,162,unclassified,d0117
D00346,D00809,"CI,P",163,unclassified,d0117
D00346,D00811,"CI,P",164,unclassified,d0117
D00346,D00812,P,165,unclassified,d0117
D00346,D00814,P,166,unclassified,d0117
D00346,D00815,"CI,P",167,unclassified,d0117
D00346,D00816,"CI,P",168,unclassified,d0117
D00346,D00818,CI,169,unclassified,d0117
D00346,D00820,P,170,unclassified,d0117
D00346,D00821,CI,171,unclassified,d0117
D00346,D00824,CI,172,unclassified,d0117
D00346,D00825,CI,173,unclassified,d0117
D00346,D00836,P,174,unclassified,d0117
D00346,D00839,P,175,unclassified,d0117
D00346,D00842,P,176,unclassified,d0117
D00346,D00866,P,177,unclassified,d0117
D00346,D00875,P,178,unclassified,d0117
D00346,D00877,P,179,unclassified,d0117
D00346,D00878,P,180,unclassified,d0117
D00346,D00879,P,181,unclassified,d0117
D00346,D00944,P,182,unclassified,d0117
D00346,D00945,P,183,unclassified,d0117
D00346,D00947,P,184,unclassified,d0117
D00346,D00996,P,185,unclassified,d0117
D00346,D01002,P,186,unclassified,d0117
D00346,D01003,P,187,unclassified,d0117
D00346,D01004,P,188,unclassified,d0117
D00346,D01005,P,189,unclassified,d0117
D00346,D01006,P,190,unclassified,d0117
D00346,D01007,P,191,unclassified,d0117
D00346,D01008,"CI,P",192,unclassified,d0117
D00346,D01017,P,193,unclassified,d0117
D00346,D01019,P,194,unclassified,d0117
D00346,D01020,P,195,unclassified,d0117
D00346,D01021,"CI,P",196,unclassified,d0117
D00346,D01022,P,197,unclassified,d0117
D00346,D01023,P,198,unclassified,d0117
D00346,D01056,P,199,unclassified,d0117
D00346,D01077,P,200,unclassified,d0117
D00346,D01096,P,201,unclassified,d0117
D00346,D01103,P,202,unclassified,d0117
D00346,D01107,CI,203,unclassified,d0117
D00346,D01110,P,204,unclassified,d0117
D00346,D01111,P,205,unclassified,d0117
D00346,D01118,P,206,unclassified,d0117
D00346,D01148,P,207,unclassified,d0117
D00346,D01165,P,208,unclassified,d0117
D00346,D01179,CI,209,unclassified,d0117
D00346,D01190,P,210,unclassified,d0117
D00346,D01195,P,211,unclassified,d0117
D00346,D01201,P,212,unclassified,d0117
D00346,D01205,P,213,unclassified,d0117
D00346,D01224,P,214,unclassified,d0117
D00346,D01226,P,215,unclassified,d0117
D00346,D01227,P,216,unclassified,d0117
D00346,D01230,P,217,unclassified,d0117
D00346,D01231,P,218,unclassified,d0117
D00346,D01245,P,219,unclassified,d0117
D00346,D01253,P,220,unclassified,d0117
D00346,D01263,P,221,unclassified,d0117
D00346,D01268,P,222,unclassified,d0117
D00346,D01269,P,223,unclassified,d0117
D00346,D01277,P,224,unclassified,d0117
D00346,D01278,P,225,unclassified,d0117
D00346,D01280,P,226,unclassified,d0117
D00346,D01285,P,227,unclassified,d0117
D00346,D01292,P,228,unclassified,d0117
D00346,D01293,P,229,unclassified,d0117
D00346,D01296,CI,230,unclassified,d0117
D00346,D01297,P,231,unclassified,d0117
D00346,D01302,P,232,unclassified,d0117
D00346,D01307,P,233,unclassified,d0117
D00346,D01314,P,234,unclassified,d0117
D00346,D01315,P,235,unclassified,d0117
D00346,D01324,P,236,unclassified,d0117
D00346,D01328,P,237,unclassified,d0117
D00346,D01333,P,238,unclassified,d0117
D00346,D01347,CI,239,unclassified,d0117
D00346,D01349,P,240,unclassified,d0117
D00346,D01350,P,241,unclassified,d0117
D00346,D01355,CI,242,unclassified,d0117
D00346,D01356,P,243,unclassified,d0117
D00346,D01358,CI,244,unclassified,d0117
D00346,D01359,P,245,unclassified,d0117
D00346,D01360,P,246,unclassified,d0117
D00346,D01362,P,247,unclassified,d0117
D00346,D01373,P,248,unclassified,d0117
D00346,D01377,P,249,unclassified,d0117
D00346,D01382,P,250,unclassified,d0117
D00346,D01383,"CI,P",251,unclassified,d0117
D00346,D01386,P,252,unclassified,d0117
D00346,D01389,P,253,unclassified,d0117
D00346,D01390,P,254,unclassified,d0117
D00346,D01399,P,255,unclassified,d0117
D00346,D01405,P,256,unclassified,d0117
D00346,D01408,P,257,unclassified,d0117
D00346,D01428,P,258,unclassified,d0117
D00346,D01451,P,259,unclassified,d0117
D00346,D01453,P,260,unclassified,d0117
D00346,D01463,P,261,unclassified,d0117
D00346,D01477,P,262,unclassified,d0117
D00346,D01481,P,263,unclassified,d0117
D00346,D01491,P,264,unclassified,d0117
D00346,D01501,P,265,unclassified,d0117
D00346,D01514,P,266,unclassified,d0117
D00346,D01521,P,267,unclassified,d0117
D00346,D01538,P,268,unclassified,d0117
D00346,D01546,P,269,unclassified,d0117
D00346,D01564,P,270,unclassified,d0117
D00346,D01589,P,271,unclassified,d0117
D00346,D01599,P,272,unclassified,d0117
D00346,D01600,P,273,unclassified,d0117
D00346,D01603,P,274,unclassified,d0117
D00346,D01635,P,275,unclassified,d0117
D00346,D01643,P,276,unclassified,d0117
D00346,D01648,P,277,unclassified,d0117
D00346,D01657,P,278,unclassified,d0117
D00346,D01665,P,279,unclassified,d0117
D00346,D01699,P,280,unclassified,d0117
D00346,D01744,P,281,unclassified,d0117
D00346,D01748,P,282,unclassified,d0117
D00346,D01787,P,283,unclassified,d0117
D00346,D01804,P,284,unclassified,d0117
D00346,D01815,P,285,unclassified,d0117
D00346,D01832,P,286,unclassified,d0117
D00346,D01835,P,287,unclassified,d0117
D00346,D01854,P,288,unclassified,d0117
D00346,D01871,P,289,unclassified,d0117
D00346,D01872,P,290,unclassified,d0117
D00346,D01875,P,291,unclassified,d0117
D00346,D01898,P,292,unclassified,d0117
D00346,D01903,P,293,unclassified,d0117
D00346,D01929,P,294,unclassified,d0117
D00346,D01946,P,295,unclassified,d0117
D00346,D01952,P,296,unclassified,d0117
D00346,D01973,P,297,unclassified,d0117
D00346,D01976,P,298,unclassified,d0117
D00346,D01978,P,299,unclassified,d0117
D00346,D02002,P,300,unclassified,d0117
D00346,D02016,P,301,unclassified,d0117
D00346,D02034,CI,302,unclassified,d0117
D00346,D02064,P,303,unclassified,d0117
D00346,D02066,P,304,unclassified,d0117
D00346,D02069,P,305,unclassified,d0117
D00346,D02070,P,306,unclassified,d0117
D00346,D02071,P,307,unclassified,d0117
D00346,D02076,P,308,unclassified,d0117
D00346,D02093,P,309,unclassified,d0117
D00346,D02096,P,310,unclassified,d0117
D00346,D02097,P,311,unclassified,d0117
D00346,D02101,P,312,unclassified,d0117
D00346,D02102,P,313,unclassified,d0117
D00346,D02103,P,314,unclassified,d0117
D00346,D02109,P,315,unclassified,d0117
D00346,D02135,P,316,unclassified,d0117
D00346,D02147,P,317,unclassified,d0117
D00346,D02149,P,318,unclassified,d0117
D00346,D02150,P,319,unclassified,d0117
D00346,D02151,P,320,unclassified,d0117
D00346,D02206,P,321,unclassified,d0117
D00346,D02212,P,322,unclassified,d0117
D00346,D02234,P,323,unclassified,d0117
D00346,D02237,P,324,unclassified,d0117
D00346,D02242,CI,325,unclassified,d0117
D00346,D02246,P,326,unclassified,d0117
D00346,D02247,P,327,unclassified,d0117
D00346,D02260,CI,328,unclassified,d0117
D00346,D02271,P,329,unclassified,d0117
D00346,D02281,P,330,unclassified,d0117
D00346,D02323,P,331,unclassified,d0117
D00346,D02349,P,332,unclassified,d0117
D00346,D02359,P,333,unclassified,d0117
D00346,D02363,P,334,unclassified,d0117
D00346,D02388,P,335,unclassified,d0117
D00346,D02396,P,336,unclassified,d0117
D00346,D02397,P,337,unclassified,d0117
D00346,D02404,P,338,unclassified,d0117
D00346,D02408,"CI,P",339,unclassified,d0117
D00346,D02409,P,340,unclassified,d0117
D00346,D02416,P,341,unclassified,d0117
D00346,D02417,P,342,unclassified,d0117
D00346,D02425,P,343,unclassified,d0117
D00346,D02427,P,344,unclassified,d0117
D00346,D02430,P,345,unclassified,d0117
D00346,D02535,P,346,unclassified,d0117
D00346,D02537,P,347,unclassified,d0117
D00346,D02549,P,348,unclassified,d0117
D00346,D02550,P,349,unclassified,d0117
D00346,D02551,P,350,unclassified,d0117
D00346,D02552,P,351,unclassified,d0117
D00346,D02553,P,352,unclassified,d0117
D00346,D02554,P,353,unclassified,d0117
D00346,D02562,CI,354,unclassified,d0117
D00346,D02564,P,355,unclassified,d0117
D00346,D02565,P,356,unclassified,d0117
D00346,D02567,CI,357,unclassified,d0117
D00346,D02574,CI,358,unclassified,d0117
D00346,D02599,P,359,unclassified,d0117
D00346,D02614,P,360,unclassified,d0117
D00346,D02689,P,361,unclassified,d0117
D00346,D02702,P,362,unclassified,d0117
D00346,D02704,P,363,unclassified,d0117
D00346,D02766,P,364,unclassified,d0117
D00346,D02774,P,365,unclassified,d0117
D00346,D02876,P,366,unclassified,d0117
D00346,D02901,P,367,unclassified,d0117
D00346,D02910,P,368,unclassified,d0117
D00346,D02976,P,369,unclassified,d0117
D00346,D02981,P,370,unclassified,d0117
D00346,D03038,P,371,unclassified,d0117
D00346,D03087,P,372,unclassified,d0117
D00346,D03164,P,373,unclassified,d0117
D00346,D03195,P,374,unclassified,d0117
D00346,D03199,P,375,unclassified,d0117
D00346,D03230,P,376,unclassified,d0117
D00346,D03250,P,377,unclassified,d0117
D00346,D03262,P,378,unclassified,d0117
D00346,D03264,P,379,unclassified,d0117
D00346,D03274,P,380,unclassified,d0117
D00346,D03276,P,381,unclassified,d0117
D00346,D03278,P,382,unclassified,d0117
D00346,D03368,P,383,unclassified,d0117
D00346,D03402,P,384,unclassified,d0117
D00346,D03491,P,385,unclassified,d0117
D00346,D03502,P,386,unclassified,d0117
D00346,D03587,P,387,unclassified,d0117
D00346,D03654,P,388,unclassified,d0117
D00346,D03664,P,389,unclassified,d0117
D00346,D03702,P,390,unclassified,d0117
D00346,D03711,P,391,unclassified,d0117
D00346,D03798,P,392,unclassified,d0117
D00346,D03814,P,393,unclassified,d0117
D00346,D03824,P,394,unclassified,d0117
D00346,D03844,P,395,unclassified,d0117
D00346,D03855,"CI,P",396,unclassified,d0117
D00346,D03879,P,397,unclassified,d0117
D00346,D03880,P,398,unclassified,d0117
D00346,D03881,P,399,unclassified,d0117
D00346,D03891,P,400,unclassified,d0117
D00346,D03892,P,401,unclassified,d0117
D00346,D03914,P,402,unclassified,d0117
D00346,D03994,P,403,unclassified,d0117
D00346,D04018,P,404,unclassified,d0117
D00346,D04034,P,405,unclassified,d0117
D00346,D04044,P,406,unclassified,d0117
D00346,D04052,P,407,unclassified,d0117
D00346,D04057,P,408,unclassified,d0117
D00346,D04062,P,409,unclassified,d0117
D00346,D04081,P,410,unclassified,d0117
D00346,D04087,P,411,unclassified,d0117
D00346,D04116,P,412,unclassified,d0117
D00346,D04121,P,413,unclassified,d0117
D00346,D04148,"CI,P",414,unclassified,d0117
D00346,D04157,P,415,unclassified,d0117
D00346,D04251,CI,416,unclassified,d0117
D00346,D04259,P,417,unclassified,d0117
D00346,D04261,P,418,unclassified,d0117
D00346,D04265,P,419,unclassified,d0117
D00346,D04266,P,420,unclassified,d0117
D00346,D04300,P,421,unclassified,d0117
D00346,D04313,P,422,unclassified,d0117
D00346,D04342,P,423,unclassified,d0117
D00346,D04364,P,424,unclassified,d0117
D00346,D04382,P,425,unclassified,d0117
D00346,D04386,P,426,unclassified,d0117
D00346,D04398,P,427,unclassified,d0117
D00346,D04399,P,428,unclassified,d0117
D00346,D04403,P,429,unclassified,d0117
D00346,D04447,P,430,unclassified,d0117
D00346,D04458,P,431,unclassified,d0117
D00346,D04475,P,432,unclassified,d0117
D00346,D04477,P,433,unclassified,d0117
D00346,D04479,P,434,unclassified,d0117
D00346,D04531,P,435,unclassified,d0117
D00346,D04532,P,436,unclassified,d0117
D00346,D04539,P,437,unclassified,d0117
D00346,D04540,P,438,unclassified,d0117
D00346,D04541,P,439,unclassified,d0117
D00346,D04542,P,440,unclassified,d0117
D00346,D04543,P,441,unclassified,d0117
D00346,D04547,P,442,unclassified,d0117
D00346,D04548,P,443,unclassified,d0117
D00346,D04550,P,444,unclassified,d0117
D00346,D04551,P,445,unclassified,d0117
D00346,D04556,P,446,unclassified,d0117
D00346,D04605,P,447,unclassified,d0117
D00346,D04625,P,448,unclassified,d0117
D00346,D04626,P,449,unclassified,d0117
D00346,D04652,P,450,unclassified,d0117
D00346,D04701,P,451,unclassified,d0117
D00346,D04703,P,452,unclassified,d0117
D00346,D04708,P,453,unclassified,d0117
D00346,D04747,CI,454,unclassified,d0117
D00346,D04765,P,455,unclassified,d0117
D00346,D04813,P,456,unclassified,d0117
D00346,D04868,P,457,unclassified,d0117
D00346,D04883,P,458,unclassified,d0117
D00346,D04954,P,459,unclassified,d0117
D00346,D04966,P,460,unclassified,d0117
D00346,D05037,P,461,unclassified,d0117
D00346,D05087,P,462,unclassified,d0117
D00346,D05206,P,463,unclassified,d0117
D00346,D05231,P,464,unclassified,d0117
D00346,D05276,P,465,unclassified,d0117
D00346,D05277,P,466,unclassified,d0117
D00346,D05366,P,467,unclassified,d0117
D00346,D05457,P,468,unclassified,d0117
D00346,D05460,P,469,unclassified,d0117
D00346,D05462,P,470,unclassified,d0117
D00346,D05466,P,471,unclassified,d0117
D00346,D05476,P,472,unclassified,d0117
D00346,D05482,P,473,unclassified,d0117
D00346,D05594,P,474,unclassified,d0117
D00346,D05595,P,475,unclassified,d0117
D00346,D05606,P,476,unclassified,d0117
D00346,D05621,P,477,unclassified,d0117
D00346,D05622,P,478,unclassified,d0117
D00346,D05648,P,479,unclassified,d0117
D00346,D05649,P,480,unclassified,d0117
D00346,D05691,P,481,unclassified,d0117
D00346,D05705,P,482,unclassified,d0117
D00346,D05718,P,483,unclassified,d0117
D00346,D05730,P,484,unclassified,d0117
D00346,D05775,P,485,unclassified,d0117
D00346,D05792,P,486,unclassified,d0117
D00346,D05832,P,487,unclassified,d0117
D00346,D05879,P,488,unclassified,d0117
D00346,D05928,P,489,unclassified,d0117
D00346,D06177,P,490,unclassified,d0117
D00346,D06234,P,491,unclassified,d0117
D00346,D06273,P,492,unclassified,d0117
D00346,D06344,P,493,unclassified,d0117
D00346,D06374,P,494,unclassified,d0117
D00346,D06394,P,495,unclassified,d0117
D00346,D06404,P,496,unclassified,d0117
D00346,D06553,P,497,unclassified,d0117
D00346,D06573,P,498,unclassified,d0117
D00346,D06645,P,499,unclassified,d0117
D00346,D06698,P,500,unclassified,d0117
D00346,D06921,P,501,unclassified,d0117
D00346,D06927,P,502,unclassified,d0117
D00346,D06928,P,503,unclassified,d0117
D00346,D06951,P,504,unclassified,d0117
D00346,D06953,P,505,unclassified,d0117
D00346,D06955,P,506,unclassified,d0117
D00346,D06956,P,507,unclassified,d0117
D00346,D06987,P,508,unclassified,d0117
D00346,D06994,P,509,unclassified,d0117
D00346,D07041,P,510,unclassified,d0117
D00346,D07042,P,511,unclassified,d0117
D00346,D07043,P,512,unclassified,d0117
D00346,D07044,P,513,unclassified,d0117
D00346,D07045,P,514,unclassified,d0117
D00346,D07048,P,515,unclassified,d0117
D00346,D07064,P,516,unclassified,d0117
D00346,D07076,P,517,unclassified,d0117
D00346,D07077,P,518,unclassified,d0117
D00346,D07080,P,519,unclassified,d0117
D00346,D07099,P,520,unclassified,d0117
D00346,D07117,P,521,unclassified,d0117
D00346,D07118,P,522,unclassified,d0117
D00346,D07131,P,523,unclassified,d0117
D00346,D07132,P,524,unclassified,d0117
D00346,D07135,P,525,unclassified,d0117
D00346,D07136,P,526,unclassified,d0117
D00346,D07137,P,527,unclassified,d0117
D00346,D07139,P,528,unclassified,d0117
D00346,D07148,P,529,unclassified,d0117
D00346,D07166,P,530,unclassified,d0117
D00346,D07167,P,531,unclassified,d0117
D00346,D07168,P,532,unclassified,d0117
D00346,D07169,P,533,unclassified,d0117
D00346,D07170,P,534,unclassified,d0117
D00346,D07171,P,535,unclassified,d0117
D00346,D07192,P,536,unclassified,d0117
D00346,D07226,P,537,unclassified,d0117
D00346,D07246,P,538,unclassified,d0117
D00346,D07247,P,539,unclassified,d0117
D00346,D07248,P,540,unclassified,d0117
D00346,D07298,P,541,unclassified,d0117
D00346,D07299,P,542,unclassified,d0117
D00346,D07300,P,543,unclassified,d0117
D00346,D07301,P,544,unclassified,d0117
D00346,D07302,P,545,unclassified,d0117
D00346,D07303,P,546,unclassified,d0117
D00346,D07334,P,547,unclassified,d0117
D00346,D07335,P,548,unclassified,d0117
D00346,D07336,P,549,unclassified,d0117
D00346,D07377,P,550,unclassified,d0117
D00346,D07406,P,551,unclassified,d0117
D00346,D07448,P,552,unclassified,d0117
D00346,D07457,P,553,unclassified,d0117
D00346,D07461,P,554,unclassified,d0117
D00346,D07463,P,555,unclassified,d0117
D00346,D07489,P,556,unclassified,d0117
D00346,D07508,P,557,unclassified,d0117
D00346,D07511,P,558,unclassified,d0117
D00346,D07513,P,559,unclassified,d0117
D00346,D07534,P,560,unclassified,d0117
D00346,D07538,P,561,unclassified,d0117
D00346,D07540,P,562,unclassified,d0117
D00346,D07560,P,563,unclassified,d0117
D00346,D07583,P,564,unclassified,d0117
D00346,D07595,P,565,unclassified,d0117
D00346,D07601,P,566,unclassified,d0117
D00346,D07607,P,567,unclassified,d0117
D00346,D07713,P,568,unclassified,d0117
D00346,D07727,P,569,unclassified,d0117
D00346,D07736,P,570,unclassified,d0117
D00346,D07759,P,571,unclassified,d0117
D00346,D07791,P,572,unclassified,d0117
D00346,D07795,P,573,unclassified,d0117
D00346,D07804,P,574,unclassified,d0117
D00346,D07812,P,575,unclassified,d0117
D00346,D07820,P,576,unclassified,d0117
D00346,D07821,P,577,unclassified,d0117
D00346,D07830,P,578,unclassified,d0117
D00346,D07872,P,579,unclassified,d0117
D00346,D07874,P,580,unclassified,d0117
D00346,D07875,P,581,unclassified,d0117
D00346,D07897,P,582,unclassified,d0117
D00346,D07925,P,583,unclassified,d0117
D00346,D07945,P,584,unclassified,d0117
D00346,D07951,P,585,unclassified,d0117
D00346,D07969,P,586,unclassified,d0117
D00346,D07990,P,587,unclassified,d0117
D00346,D07993,P,588,unclassified,d0117
D00346,D08030,P,589,unclassified,d0117
D00346,D08031,P,590,unclassified,d0117
D00346,D08039,P,591,unclassified,d0117
D00346,D08044,P,592,unclassified,d0117
D00346,D08070,P,593,unclassified,d0117
D00346,D08071,P,594,unclassified,d0117
D00346,D08072,P,595,unclassified,d0117
D00346,D08080,P,596,unclassified,d0117
D00346,D08090,P,597,unclassified,d0117
D00346,D08092,P,598,unclassified,d0117
D00346,D08093,P,599,unclassified,d0117
D00346,D08099,P,600,unclassified,d0117
D00346,D08120,P,601,unclassified,d0117
D00346,D08124,P,602,unclassified,d0117
D00346,D08140,P,603,unclassified,d0117
D00346,D08141,P,604,unclassified,d0117
D00346,D08157,P,605,unclassified,d0117
D00346,D08160,P,606,unclassified,d0117
D00346,D08165,P,607,unclassified,d0117
D00346,D08171,P,608,unclassified,d0117
D00346,D08192,P,609,unclassified,d0117
D00346,D08194,P,610,unclassified,d0117
D00346,D08201,P,611,unclassified,d0117
D00346,D08205,P,612,unclassified,d0117
D00346,D08206,P,613,unclassified,d0117
D00346,D08209,P,614,unclassified,d0117
D00346,D08212,P,615,unclassified,d0117
D00346,D08220,P,616,unclassified,d0117
D00346,D08253,P,617,unclassified,d0117
D00346,D08254,P,618,unclassified,d0117
D00346,D08284,P,619,unclassified,d0117
D00346,D08286,P,620,unclassified,d0117
D00346,D08288,P,621,unclassified,d0117
D00346,D08297,P,622,unclassified,d0117
D00346,D08300,P,623,unclassified,d0117
D00346,D08305,P,624,unclassified,d0117
D00346,D08308,P,625,unclassified,d0117
D00346,D08309,P,626,unclassified,d0117
D00346,D08322,P,627,unclassified,d0117
D00346,D08325,P,628,unclassified,d0117
D00346,D08351,P,629,unclassified,d0117
D00346,D08352,P,630,unclassified,d0117
D00346,D08354,P,631,unclassified,d0117
D00346,D08356,P,632,unclassified,d0117
D00346,D08365,P,633,unclassified,d0117
D00346,D08366,P,634,unclassified,d0117
D00346,D08368,P,635,unclassified,d0117
D00346,D08378,P,636,unclassified,d0117
D00346,D08382,P,637,unclassified,d0117
D00346,D08384,P,638,unclassified,d0117
D00346,D08387,P,639,unclassified,d0117
D00346,D08389,P,640,unclassified,d0117
D00346,D08395,P,641,unclassified,d0117
D00346,D08411,P,642,unclassified,d0117
D00346,D08424,P,643,unclassified,d0117
D00346,D08425,P,644,unclassified,d0117
D00346,D08426,P,645,unclassified,d0117
D00346,D08441,P,646,unclassified,d0117
D00346,D08447,P,647,unclassified,d0117
D00346,D08449,P,648,unclassified,d0117
D00346,D08453,P,649,unclassified,d0117
D00346,D08474,P,650,unclassified,d0117
D00346,D08479,P,651,unclassified,d0117
D00346,D08480,P,652,unclassified,d0117
D00346,D08482,P,653,unclassified,d0117
D00346,D08487,P,654,unclassified,d0117
D00346,D08491,P,655,unclassified,d0117
D00346,D08516,P,656,unclassified,d0117
D00346,D08517,P,657,unclassified,d0117
D00346,D08522,P,658,unclassified,d0117
D00346,D08531,P,659,unclassified,d0117
D00346,D08570,P,660,unclassified,d0117
D00346,D08575,CI,661,unclassified,d0117
D00346,D08578,P,662,unclassified,d0117
D00346,D08584,P,663,unclassified,d0117
D00346,D08588,P,664,unclassified,d0117
D00346,D08595,P,665,unclassified,d0117
D00346,D08611,P,666,unclassified,d0117
D00346,D08616,P,667,unclassified,d0117
D00346,D08629,P,668,unclassified,d0117
D00346,D08638,P,669,unclassified,d0117
D00346,D08653,P,670,unclassified,d0117
D00346,D08662,P,671,unclassified,d0117
D00346,D08667,P,672,unclassified,d0117
D00346,D08682,P,673,unclassified,d0117
D00346,D08683,P,674,unclassified,d0117
D00346,D08695,P,675,unclassified,d0117
D00346,D08769,P,676,unclassified,d0117
D00346,D08837,P,677,unclassified,d0117
D00346,D08838,P,678,unclassified,d0117
D00346,D08843,P,679,unclassified,d0117
D00346,D08850,P,680,unclassified,d0117
D00346,D08851,P,681,unclassified,d0117
D00346,D08879,P,682,unclassified,d0117
D00346,D08897,P,683,unclassified,d0117
D00346,D08923,P,684,unclassified,d0117
D00346,D08945,P,685,unclassified,d0117
D00346,D08964,P,686,unclassified,d0117
D00346,D08966,P,687,unclassified,d0117
D00346,D08996,P,688,unclassified,d0117
D00346,D09013,P,689,unclassified,d0117
D00346,D09186,P,690,unclassified,d0117
D00346,D09215,P,691,unclassified,d0117
D00346,D09318,P,692,unclassified,d0117
D00346,D09319,P,693,unclassified,d0117
D00346,D09344,P,694,unclassified,d0117
D00346,D09402,P,695,unclassified,d0117
D00346,D09535,P,696,unclassified,d0117
D00346,D09566,P,697,unclassified,d0117
D00346,D09569,P,698,unclassified,d0117
D00346,D09572,P,699,unclassified,d0117
D00346,D09592,P,700,unclassified,d0117
D00346,D09612,P,701,unclassified,d0117
D00346,D09670,P,702,unclassified,d0117
D00346,D09676,P,703,unclassified,d0117
D00346,D09677,P,704,unclassified,d0117
D00346,D09696,P,705,unclassified,d0117
D00346,D09697,P,706,unclassified,d0117
D00346,D09727,P,707,unclassified,d0117
D00346,D09729,P,708,unclassified,d0117
D00346,D09732,P,709,unclassified,d0117
D00346,D09744,P,710,unclassified,d0117
D00346,D09753,P,711,unclassified,d0117
D00346,D09756,P,712,unclassified,d0117
D00346,D09763,P,713,unclassified,d0117
D00346,D09773,P,714,unclassified,d0117
D00346,D09780,P,715,unclassified,d0117
D00346,D09784,P,716,unclassified,d0117
D00346,D09785,P,717,unclassified,d0117
D00346,D09794,P,718,unclassified,d0117
D00346,D09807,P,719,unclassified,d0117
D00346,D09819,P,720,unclassified,d0117
D00346,D09842,P,721,unclassified,d0117
D00346,D09848,P,722,unclassified,d0117
D00346,D09872,P,723,unclassified,d0117
D00346,D09873,P,724,unclassified,d0117
D00346,D09889,P,725,unclassified,d0117
D00346,D09978,P,726,unclassified,d0117
D00346,D09999,"CI,P",727,unclassified,d0117
D00346,D10020,P,728,unclassified,d0117
D00346,D10025,P,729,unclassified,d0117
D00346,D10135,P,730,unclassified,d0117
D00346,D10145,P,731,unclassified,d0117
D00346,D10159,P,732,unclassified,d0117
D00346,D10160,P,733,unclassified,d0117
D00346,D10179,P,734,unclassified,d0117
D00346,D10180,P,735,unclassified,d0117
D00346,D10181,P,736,unclassified,d0117
D00346,D10185,CI,737,unclassified,d0117
D00346,D10191,CI,738,unclassified,d0117
D00346,D10195,P,739,unclassified,d0117
D00346,D10196,P,740,unclassified,d0117
D00346,D10200,P,741,unclassified,d0117
D00346,D10219,P,742,unclassified,d0117
D00346,D10220,P,743,unclassified,d0117
D00346,D10244,P,744,unclassified,d0117
D00346,D10251,P,745,unclassified,d0117
D00346,D10253,P,746,unclassified,d0117
D00346,D10258,P,747,unclassified,d0117
D00346,D10261,P,748,unclassified,d0117
D00346,D10262,P,749,unclassified,d0117
D00346,D10263,P,750,unclassified,d0117
D00346,D10264,P,751,unclassified,d0117
D00346,D10265,P,752,unclassified,d0117
D00346,D10266,P,753,unclassified,d0117
D00346,D10267,P,754,unclassified,d0117
D00346,D10293,P,755,unclassified,d0117
D00346,D10298,P,756,unclassified,d0117
D00346,D10313,P,757,unclassified,d0117
D00346,D10317,P,758,unclassified,d0117
D00346,D10424,P,759,unclassified,d0117
D00346,D10459,P,760,unclassified,d0117
D00346,D10473,P,761,unclassified,d0117
D00346,D10500,P,762,unclassified,d0117
D00346,D10502,P,763,unclassified,d0117
D00346,D10505,P,764,unclassified,d0117
D00346,D10533,P,765,unclassified,d0117
D00346,D10570,P,766,unclassified,d0117
D00346,D10586,P,767,unclassified,d0117
D00346,D10587,P,768,unclassified,d0117
D00346,D10588,P,769,unclassified,d0117
D00346,D10591,P,770,unclassified,d0117
D00346,D10669,P,771,unclassified,d0117
D00346,D10722,P,772,unclassified,d0117
D00346,D10743,P,773,unclassified,d0117
D00346,D10744,P,774,unclassified,d0117
D00346,D10752,P,775,unclassified,d0117
D00346,D10780,P,776,unclassified,d0117
D00346,D10826,P,777,unclassified,d0117
D00346,D10854,P,778,unclassified,d0117
D00346,D10865,P,779,unclassified,d0117
D00346,D10897,P,780,unclassified,d0117
D00346,D10915,P,781,unclassified,d0117
D00346,D10938,P,782,unclassified,d0117
D00346,D10939,P,783,unclassified,d0117
D00346,D10967,P,784,unclassified,d0117
D00346,D10989,P,785,unclassified,d0117
D00346,D10999,P,786,unclassified,d0117
D00346,D11009,P,787,unclassified,d0117
D00346,D11023,P,788,unclassified,d0117
D00346,D11034,P,789,unclassified,d0117
D00346,D11043,P,790,unclassified,d0117
D00346,D11064,P,791,unclassified,d0117
D00346,D11066,P,792,unclassified,d0117
D00346,D11067,P,793,unclassified,d0117
D00346,D11109,P,794,unclassified,d0117
D00346,D11150,P,795,unclassified,d0117
D00346,D11290,P,796,unclassified,d0117
D00346,D11342,P,797,unclassified,d0117
D00346,D11360,P,798,unclassified,d0117
D00346,D11441,P,799,unclassified,d0117
D00346,D11567,P,800,unclassified,d0117
D00346,D11711,P,801,unclassified,d0117
D00346,D11807,P,802,unclassified,d0117
D00346,D11856,P,803,unclassified,d0117
D00346,D11861,P,804,unclassified,d0117
D00346,D11862,P,805,unclassified,d0117
D00346,D11923,P,806,unclassified,d0117
D00346,D11924,P,807,unclassified,d0117
D00346,D11968,P,808,unclassified,d0117
D00346,D12294,P,809,unclassified,d0117
D00346,D12358,P,810,unclassified,d0117
D00346,D12437,P,811,unclassified,d0117
D00346,D12484,P,812,unclassified,d0117
D00346,D12494,P,813,unclassified,d0117
D00346,D12634,P,814,unclassified,d0117
D00346,D12703,P,815,unclassified,d0117
D00346,D12789,P,816,unclassified,d0117
D00346,D12934,P,817,unclassified,d0117
D00346,D12935,P,818,unclassified,d0117
D00346,D12963,P,819,unclassified,d0117
D00346,D13015,P,820,unclassified,d0117
D00346,D13028,P,821,unclassified,d0117
D00346,D13055,P,822,unclassified,d0117
D00346,D13245,P,823,unclassified,d0117
D00505,D00076,P,1,unclassified,d0109
D00505,D00095,P,2,unclassified,d0109
D00505,D00216,P,3,unclassified,d0109
D00505,D00225,P,4,unclassified,d0109
D00505,D00228,CI,5,unclassified,d0109
D00505,D00252,P,6,unclassified,d0109
D00505,D00265,P,7,unclassified,d0109
D00505,D00267,P,8,unclassified,d0109
D00505,D00280,P,9,unclassified,d0109
D00505,D00283,P,10,unclassified,d0109
D00505,D00293,P,11,unclassified,d0109
D00505,D00295,P,12,unclassified,d0109
D00505,D00308,P,13,unclassified,d0109
D00505,D00311,P,14,unclassified,d0109
D00505,D00320,P,15,unclassified,d0109
D00505,D00336,P,16,unclassified,d0109
D00505,D00365,P,17,unclassified,d0109
D00505,D00367,CI,18,unclassified,d0109
D00505,D00387,P,19,unclassified,d0109
D00505,D00388,P,20,unclassified,d0109
D00505,D00402,P,21,unclassified,d0109
D00505,D00415,CI,22,Enzyme-Target: MAOA,d0109
D00505,D00451,CI,23,Enzyme-Target: MAOA,d0109
D00505,D00457,P,24,unclassified,d0109
D00505,D00474,P,25,unclassified,d0109
D00505,D00481,P,26,unclassified,d0109
D00505,D00506,P,27,unclassified,d0109
D00505,D00511,P,28,unclassified,d0109
D00505,D00520,CI,29,unclassified,d0109
D00505,D00531,P,30,unclassified,d0109
D00505,D00550,P,31,unclassified,d0109
D00505,D00563,CI,32,unclassified,d0109
D00505,D00593,P,33,unclassified,d0109
D00505,D00594,P,34,unclassified,d0109
D00505,D00605,P,35,unclassified,d0109
D00505,D00625,P,36,unclassified,d0109
D00505,D00633,P,37,Enzyme-Target: MAOB,d0109
D00505,D00665,P,38,unclassified,d0109
D00505,D00666,P,39,unclassified,d0109
D00505,D00668,P,40,unclassified,d0109
D00505,D00669,P,41,unclassified,d0109
D00505,D00672,P,42,unclassified,d0109
D00505,D00675,CI,43,unclassified,d0109
D00505,D00676,CI,44,Enzyme-Target: MAOA,d0109
D00505,D00677,P,45,unclassified,d0109
D00505,D00678,P,46,unclassified,d0109
D00505,D00694,P,47,unclassified,d0109
D00505,D00701,P,48,unclassified,d0109
D00505,D00713,P,49,unclassified,d0109
D00505,D00714,P,50,unclassified,d0109
D00505,D00720,P,51,unclassified,d0109
D00505,D00722,P,52,unclassified,d0109
D00505,D00744,P,53,unclassified,d0109
D00505,D00754,P,54,unclassified,d0109
D00505,D00765,P,55,unclassified,d0109
D00505,D00770,P,56,unclassified,d0109
D00505,D00785,CI,57,Target: MAOB,d0109
D00505,D00787,P,58,unclassified,d0109
D00505,D00809,CI,59,unclassified,d0109
D00505,D00811,CI,60,unclassified,d0109
D00505,D00815,CI,61,unclassified,d0109
D00505,D00816,CI,62,unclassified,d0109
D00505,D00818,CI,63,unclassified,d0109
D00505,D00820,P,64,unclassified,d0109
D00505,D00821,CI,65,unclassified,d0109
D00505,D00824,CI,66,unclassified,d0109
D00505,D00825,CI,67,unclassified,d0109
D00505,D00836,P,68,unclassified,d0109
D00505,D00839,P,69,unclassified,d0109
D00505,D00842,P,70,unclassified,d0109
D00505,D00944,P,71,unclassified,d0109
D00505,D00945,P,72,unclassified,d0109
D00505,D00947,P,73,unclassified,d0109
D00505,D01007,P,74,unclassified,d0109
D00505,D01008,CI,75,unclassified,d0109
D00505,D01021,CI,76,unclassified,d0109
D00505,D01022,P,77,unclassified,d0109
D00505,D01096,P,78,unclassified,d0109
D00505,D01107,CI,79,unclassified,d0109
D00505,D01111,P,80,unclassified,d0109
D00505,D01165,P,81,unclassified,d0109
D00505,D01179,CI,82,unclassified,d0109
D00505,D01226,P,83,unclassified,d0109
D00505,D01230,P,84,unclassified,d0109
D00505,D01245,P,85,unclassified,d0109
D00505,D01253,P,86,unclassified,d0109
D00505,D01268,P,87,unclassified,d0109
D00505,D01269,P,88,unclassified,d0109
D00505,D01277,P,89,unclassified,d0109
D00505,D01278,P,90,unclassified,d0109
D00505,D01280,P,91,unclassified,d0109
D00505,D01292,P,92,unclassified,d0109
D00505,D01293,P,93,unclassified,d0109
D00505,D01296,CI,94,unclassified,d0109
D00505,D01302,P,95,unclassified,d0109
D00505,D01324,P,96,unclassified,d0109
D00505,D01328,P,97,unclassified,d0109
D00505,D01347,CI,98,unclassified,d0109
D00505,D01355,CI,99,unclassified,d0109
D00505,D01358,CI,100,unclassified,d0109
D00505,D01383,CI,101,unclassified,d0109
D00505,D01386,P,102,unclassified,d0109
D00505,D01389,P,103,unclassified,d0109
D00505,D01399,P,104,unclassified,d0109
D00505,D01408,P,105,unclassified,d0109
D00505,D01451,P,106,unclassified,d0109
D00505,D01453,P,107,unclassified,d0109
D00505,D01481,P,108,unclassified,d0109
D00505,D01514,P,109,unclassified,d0109
D00505,D01564,P,110,unclassified,d0109
D00505,D01599,P,111,unclassified,d0109
D00505,D01657,P,112,unclassified,d0109
D00505,D01665,P,113,unclassified,d0109
D00505,D01744,P,114,unclassified,d0109
D00505,D01832,P,115,unclassified,d0109
D00505,D01854,P,116,unclassified,d0109
D00505,D01872,P,117,unclassified,d0109
D00505,D01875,P,118,unclassified,d0109
D00505,D01898,P,119,unclassified,d0109
D00505,D01903,P,120,unclassified,d0109
D00505,D02016,P,121,unclassified,d0109
D00505,D02034,CI,122,unclassified,d0109
D00505,D02064,P,123,unclassified,d0109
D00505,D02069,P,124,unclassified,d0109
D00505,D02076,P,125,unclassified,d0109
D00505,D02101,P,126,unclassified,d0109
D00505,D02102,P,127,unclassified,d0109
D00505,D02106,P,128,unclassified,d0109
D00505,D02109,P,129,unclassified,d0109
D00505,D02234,P,130,unclassified,d0109
D00505,D02242,CI,131,unclassified,d0109
D00505,D02246,P,132,unclassified,d0109
D00505,D02247,P,133,unclassified,d0109
D00505,D02260,CI,134,unclassified,d0109
D00505,D02271,P,135,unclassified,d0109
D00505,D02408,CI,136,unclassified,d0109
D00505,D02409,P,137,unclassified,d0109
D00505,D02484,P,138,unclassified,d0109
D00505,D02535,P,139,unclassified,d0109
D00505,D02562,CI,140,Target: MAOB,d0109
D00505,D02567,CI,141,unclassified,d0109
D00505,D02574,CI,142,unclassified,d0109
D00505,D03230,P,143,unclassified,d0109
D00505,D03250,P,144,unclassified,d0109
D00505,D03855,CI,145,unclassified,d0109
D00505,D04044,P,146,unclassified,d0109
D00505,D04052,P,147,unclassified,d0109
D00505,D04062,P,148,unclassified,d0109
D00505,D04081,P,149,unclassified,d0109
D00505,D04148,CI,150,unclassified,d0109
D00505,D04251,CI,151,unclassified,d0109
D00505,D04259,P,152,unclassified,d0109
D00505,D04261,P,153,unclassified,d0109
D00505,D04313,P,154,unclassified,d0109
D00505,D04342,P,155,unclassified,d0109
D00505,D04364,P,156,unclassified,d0109
D00505,D04447,P,157,unclassified,d0109
D00505,D04475,P,158,unclassified,d0109
D00505,D04477,P,159,unclassified,d0109
D00505,D04539,P,160,unclassified,d0109
D00505,D04540,P,161,unclassified,d0109
D00505,D04547,P,162,unclassified,d0109
D00505,D04747,CI,163,unclassified,d0109
D00505,D04813,P,164,unclassified,d0109
D00505,D05462,P,165,unclassified,d0109
D00505,D05928,P,166,unclassified,d0109
D00505,D06273,P,167,unclassified,d0109
D00505,D06405,P,168,unclassified,d0109
D00505,D06553,P,169,unclassified,d0109
D00505,D06645,P,170,unclassified,d0109
D00505,D06698,P,171,unclassified,d0109
D00505,D06921,P,172,unclassified,d0109
D00505,D06927,P,173,unclassified,d0109
D00505,D06928,P,174,unclassified,d0109
D00505,D06951,P,175,unclassified,d0109
D00505,D06953,P,176,unclassified,d0109
D00505,D06955,P,177,unclassified,d0109
D00505,D06956,P,178,unclassified,d0109
D00505,D06987,P,179,unclassified,d0109
D00505,D06994,P,180,unclassified,d0109
D00505,D07041,P,181,unclassified,d0109
D00505,D07042,P,182,unclassified,d0109
D00505,D07043,P,183,unclassified,d0109
D00505,D07044,P,184,unclassified,d0109
D00505,D07045,P,185,unclassified,d0109
D00505,D07048,P,186,unclassified,d0109
D00505,D07080,P,187,unclassified,d0109
D00505,D07132,P,188,unclassified,d0109
D00505,D07583,P,189,unclassified,d0109
D00505,D08080,P,190,unclassified,d0109
D00505,D08575,CI,191,unclassified,d0109
D00505,D08695,P,192,unclassified,d0109
D00505,D08769,P,193,unclassified,d0109
D00505,D08897,P,194,unclassified,d0109
D00505,D08923,P,195,unclassified,d0109
D00505,D09186,P,196,unclassified,d0109
D00505,D09319,P,197,unclassified,d0109
D00505,D09566,P,198,unclassified,d0109
D00505,D09592,P,199,unclassified,d0109
D00505,D09727,P,200,unclassified,d0109
D00505,D09744,P,201,unclassified,d0109
D00505,D09753,P,202,unclassified,d0109
D00505,D09756,P,203,unclassified,d0109
D00505,D09763,P,204,unclassified,d0109
D00505,D09780,P,205,unclassified,d0109
D00505,D09848,P,206,unclassified,d0109
D00505,D09889,P,207,unclassified,d0109
D00505,D09978,P,208,unclassified,d0109
D00505,D09999,CI,209,unclassified,d0109
D00505,D10159,P,210,unclassified,d0109
D00505,D10160,P,211,unclassified,d0109
D00505,D10179,P,212,unclassified,d0109
D00505,D10185,CI,213,unclassified,d0109
D00505,D10191,CI,214,Target: MAOB / Enzyme-Target: MAOA,d0109
D00505,D10195,P,215,unclassified,d0109
D00505,D10200,P,216,unclassified,d0109
D00505,D10253,P,217,unclassified,d0109
D00505,D10298,P,218,unclassified,d0109
D00505,D10317,P,219,unclassified,d0109
D00505,D10424,P,220,unclassified,d0109
D00505,D10459,P,221,unclassified,d0109
D00505,D10505,P,222,unclassified,d0109
D00505,D10570,P,223,unclassified,d0109
D00505,D10588,P,224,unclassified,d0109
D00505,D10743,P,225,unclassified,d0109
D00505,D10744,P,226,unclassified,d0109
D00505,D10854,P,227,unclassified,d0109
D00505,D10897,P,228,unclassified,d0109
D00505,D10967,P,229,unclassified,d0109
D00505,D10999,P,230,unclassified,d0109
D00505,D11034,P,231,unclassified,d0109
D00505,D11064,P,232,unclassified,d0109
D00505,D11109,P,233,unclassified,d0109
D00505,D11290,P,234,unclassified,d0109
D00505,D11567,P,235,unclassified,d0109
D00505,D11807,P,236,unclassified,d0109
D00505,D11861,P,237,unclassified,d0109
D00505,D11862,P,238,unclassified,d0109
D00505,D12358,P,239,unclassified,d0109
D00505,D12437,P,240,unclassified,d0109
D00505,D13245,P,241,unclassified,d0109
D00785,cpd:C06807,P,1,unclassified,d0096
D00785,D00059,P,2,unclassified,d0096
D00785,D00076,P,3,unclassified,d0096
D00785,D00095,P,4,unclassified,d0096
D00785,D00124,P,5,unclassified,d0096
D00785,D00136,P,6,Enzyme: CYP2D6 CYP3A4,d0096
D00785,D00139,P,7,unclassified,d0096
D00785,D00140,P,8,unclassified,d0096
D00785,D00197,P,9,unclassified,d0096
D00785,D00211,P,10,CYP induction: CYP3A4,d0096
D00785,D00216,P,11,unclassified,d0096
D00785,D00225,P,12,unclassified,d0096
D00785,D00228,CI,13,Enzyme: CYP2D6,d0096
D00785,D00252,P,14,Enzyme: CYP3A4 / CYP induction: CYP3A4,d0096
D00785,D00253,P,15,unclassified,d0096
D00785,D00265,P,16,unclassified,d0096
D00785,D00267,P,17,unclassified,d0096
D00785,D00270,P,18,Enzyme: CYP2D6 / CYP inhibition: CYP2D6,d0096
D00785,D00276,P,19,Enzyme: CYP3A4 / CYP inhibition: CYP3A4,d0096
D00785,D00280,P,20,unclassified,d0096
D00785,D00281,P,21,unclassified,d0096
D00785,D00282,P,22,CYP inhibition: CYP3A4,d0096
D00785,D00283,P,23,Enzyme: CYP3A4,d0096
D00785,D00292,P,24,Enzyme: CYP3A4 / CYP induction: CYP3A4,d0096
D00785,D00293,P,25,Enzyme: CYP3A4,d0096
D00785,D00295,P,26,CYP inhibition: CYP2D6 CYP3A4,d0096
D00785,D00308,P,27,unclassified,d0096
D00785,D00311,P,28,unclassified,d0096
D00785,D00320,P,29,Enzyme: CYP3A4,d0096
D00785,D00322,P,30,CYP inhibition: CYP3A4,d0096
D00785,D00326,CI,31,Enzyme: CYP2D6 / CYP inhibition: CYP2D6,d0096
D00785,D00336,P,32,Enzyme: CYP3A4,d0096
D00785,D00346,CI,33,unclassified,d0096
D00785,D00350,P,34,Enzyme: CYP3A4 / CYP inhibition: CYP3A4,d0096
D00785,D00365,P,35,unclassified,d0096
D00785,D00367,CI,36,unclassified,d0096
D00785,D00373,P,37,unclassified,d0096
D00785,D00387,P,38,Enzyme: CYP3A4,d0096
D00785,D00388,P,39,unclassified,d0096
D00785,D00390,P,40,unclassified,d0096
D00785,D00394,CI,41,unclassified,d0096
D00785,D00402,P,42,unclassified,d0096
D00785,D00403,P,43,unclassified,d0096
D00785,D00405,P,44,unclassified,d0096
D00785,D00415,CI,45,unclassified,d0096
D00785,D00416,P,46,unclassified,d0096
D00785,D00420,P,47,unclassified,d0096
D00785,D00435,P,48,Enzyme: CYP3A4 CYP2B6 CYP2D6,d0096
D00785,D00451,CI,49,unclassified,d0096
D00785,D00457,P,50,Enzyme: CYP3A4,d0096
D00785,D00474,P,51,unclassified,d0096
D00785,D00479,P,52,unclassified,d0096
D00785,D00481,P,53,unclassified,d0096
D00785,D00484,CI,54,unclassified,d0096
D00785,D00485,P,55,unclassified,d0096
D00785,D00493,P,56,unclassified,d0096
D00785,D00503,P,57,Enzyme: CYP2D6,d0096
D00785,D00505,CI,58,Target: MAOB,d0096
D00785,D00506,P,59,CYP induction: CYP2B6,d0096
D00785,D00511,P,60,unclassified,d0096
D00785,D00512,P,61,CYP induction: CYP2B6,d0096
D00785,D00514,P,62,Enzyme: CYP2D6,d0096
D00785,D00520,CI,63,unclassified,d0096
D00785,D00531,P,64,unclassified,d0096
D00785,D00550,P,65,Enzyme: CYP3A4,d0096
D00785,D00554,P,66,Enzyme: CYP3A4 / CYP inhibition: CYP3A4,d0096
D00785,D00559,P,67,unclassified,d0096
D00785,D00563,CI,68,Enzyme: CYP2D6 CYP3A4,d0096
D00785,D00593,P,69,unclassified,d0096
D00785,D00594,P,70,unclassified,d0096
D00785,D00604,P,71,unclassified,d0096
D00785,D00606,P,72,Enzyme: CYP3A4,d0096
D00785,D00607,P,73,unclassified,d0096
D00785,D00616,P,74,Enzyme: CYP3A4,d0096
D00785,D00619,P,75,Enzyme: CYP3A4 / CYP inhibition: CYP3A4,d0096
D00785,D00625,P,76,unclassified,d0096
D00785,D00632,P,77,unclassified,d0096
D00785,D00633,P,78,Enzyme-Target: MAOB,d0096
D00785,D00636,P,79,Enzyme: CYP3A4,d0096
D00785,D00640,P,80,Enzyme: CYP2D6 CYP3A4,d0096
D00785,D00665,P,81,unclassified,d0096
D00785,D00666,P,82,CYP inhibition: CYP2D6,d0096
D00785,D00668,P,83,Enzyme: CYP2D6 / CYP inhibition: CYP2D6,d0096
D00785,D00669,P,84,unclassified,d0096
D00785,D00672,P,85,unclassified,d0096
D00785,D00675,CI,86,unclassified,d0096
D00785,D00676,CI,87,unclassified,d0096
D00785,D00677,P,88,Enzyme: CYP3A4,d0096
D00785,D00678,P,89,Enzyme: CYP2D6 CYP3A4,d0096
D00785,D00683,P,90,unclassified,d0096
D00785,D00684,P,91,unclassified,d0096
D00785,D00685,P,92,unclassified,d0096
D00785,D00686,P,93,unclassified,d0096
D00785,D00687,P,94,Enzyme: CYP3A4,d0096
D00785,D00688,P,95,unclassified,d0096
D00785,D00694,P,96,unclassified,d0096
D00785,D00701,P,97,CYP induction: CYP2B6,d0096
D00785,D00713,P,98,unclassified,d0096
D00785,D00714,P,99,unclassified,d0096
D00785,D00720,P,100,unclassified,d0096
D00785,D00722,P,101,Enzyme: CYP3A4,d0096
D00785,D00726,P,102,Enzyme: CYP2D6 / CYP inhibition: CYP2D6,d0096
D00785,D00743,P,103,unclassified,d0096
D00785,D00744,P,104,unclassified,d0096
D00785,D00756,P,105,unclassified,d0096
D00785,D00765,P,106,unclassified,d0096
D00785,D00770,P,107,unclassified,d0096
D00785,D00776,P,108,unclassified,d0096
D00785,D00777,P,109,unclassified,d0096
D00785,D00780,P,110,Enzyme: CYP3A4 / CYP inhibition: CYP3A4,d0096
D00785,D00781,P,111,unclassified,d0096
D00785,D00784,P,112,unclassified,d0096
D00785,D00785,CI,113,Enzyme: CYP2B6 CYP2D6 CYP3A4 / Target: MAOB,d0096
D00785,D00787,P,114,unclassified,d0096
D00785,D00788,P,115,unclassified,d0096
D00785,D00789,P,116,Enzyme: CYP2D6 / CYP inhibition: CYP2D6,d0096
D00785,D00791,P,117,Enzyme: CYP2D6,d0096
D00785,D00792,P,118,Enzyme: CYP2D6,d0096
D00785,D00793,P,119,Enzyme: CYP2D6,d0096
D00785,D00795,P,120,unclassified,d0096
D00785,D00797,P,121,unclassified,d0096
D00785,D00798,P,122,unclassified,d0096
D00785,D00799,P,123,unclassified,d0096
D00785,D00800,P,124,unclassified,d0096
D00785,D00809,CI,125,Enzyme: CYP2D6 CYP3A4,d0096
D00785,D00811,CI,126,Enzyme: CYP2D6 CYP3A4,d0096
D00785,D00812,CI,127,unclassified,d0096
D00785,D00814,CI,128,Enzyme: CYP2D6,d0096
D00785,D00815,CI,129,Enzyme: CYP2D6 CYP3A4,d0096
D00785,D00816,CI,130,Enzyme: CYP2D6,d0096
D00785,D00818,CI,131,Enzyme: CYP2D6,d0096
D00785,D00820,P,132,Enzyme: CYP2D6 CYP3A4,d0096
D00785,D00821,CI,133,Enzyme: CYP2D6,d0096
D00785,D00822,CI,134,Enzyme: CYP2D6 CYP3A4,d0096
D00785,D00823,CI,135,Enzyme: CYP2D6 / CYP inhibition: CYP2D6,d0096
D00785,D00824,CI,136,Enzyme: CYP2D6 / CYP inhibition: CYP2D6 CYP3A4,d0096
D00785,D00825,CI,137,Enzyme: CYP2B6 CYP3A4,d0096
D00785,D00826,CI,138,Target: MAOB,d0096
D00785,D00831,P,139,unclassified,d0096
D00785,D00836,P,140,Enzyme: CYP3A4,d0096
D00785,D00839,P,141,unclassified,d0096
D00785,D00842,P,142,unclassified,d0096
D00785,D00848,P,143,Enzyme: CYP2D6,d0096
D00785,D00851,P,144,unclassified,d0096
D00785,D00882,P,145,unclassified,d0096
D00785,D00944,P,146,unclassified,d0096
D00785,D00945,P,147,unclassified,d0096
D00785,D00947,P,148,unclassified,d0096
D00785,D00961,P,149,CYP inhibition: CYP3A4,d0096
D00785,D00996,P,150,unclassified,d0096
D00785,D01007,P,151,Enzyme: CYP3A4,d0096
D00785,D01008,"CI,P",152,unclassified,d0096
D00785,D01017,P,153,unclassified,d0096
D00785,D01019,P,154,unclassified,d0096
D00785,D01020,P,155,unclassified,d0096
D00785,D01021,"CI,P",156,unclassified,d0096
D00785,D01022,P,157,unclassified,d0096
D00785,D01023,P,158,unclassified,d0096
D00785,D01051,P,159,unclassified,d0096
D00785,D01096,P,160,unclassified,d0096
D00785,D01097,CI,161,Target: MAOB,d0096
D00785,D01101,P,162,Enzyme: CYP3A4,d0096
D00785,D01105,P,163,unclassified,d0096
D00785,D01107,CI,164,unclassified,d0096
D00785,D01110,CI,165,unclassified,d0096
D00785,D01111,P,166,unclassified,d0096
D00785,D01130,P,167,unclassified,d0096
D00785,D01165,P,168,unclassified,d0096
D00785,D01179,CI,169,CYP inhibition: CYP2D6,d0096
D00785,D01205,P,170,Enzyme: CYP2D6,d0096
D00785,D01224,P,171,unclassified,d0096
D00785,D01226,P,172,unclassified,d0096
D00785,D01230,P,173,unclassified,d0096
D00785,D01235,P,174,CYP inhibition: CYP3A4,d0096
D00785,D01245,P,175,unclassified,d0096
D00785,D01253,P,176,Enzyme: CYP3A4,d0096
D00785,D01263,P,177,unclassified,d0096
D00785,D01268,P,178,unclassified,d0096
D00785,D01269,P,179,Enzyme: CYP3A4,d0096
D00785,D01277,P,180,unclassified,d0096
D00785,D01278,P,181,unclassified,d0096
D00785,D01280,P,182,unclassified,d0096
D00785,D01285,CI,183,unclassified,d0096
D00785,D01292,P,184,unclassified,d0096
D00785,D01293,P,185,Enzyme: CYP3A4,d0096
D00785,D01296,CI,186,unclassified,d0096
D00785,D01302,P,187,CYP inhibition: CYP2D6,d0096
D00785,D01307,P,188,CYP inhibition: CYP2D6,d0096
D00785,D01314,CI,189,unclassified,d0096
D00785,D01324,P,190,Enzyme: CYP2D6,d0096
D00785,D01328,P,191,unclassified,d0096
D00785,D01347,CI,192,unclassified,d0096
D00785,D01349,P,193,unclassified,d0096
D00785,D01355,CI,194,Enzyme: CYP2D6 CYP3A4,d0096
D00785,D01358,CI,195,Enzyme: CYP2D6 CYP3A4,d0096
D00785,D01360,P,196,unclassified,d0096
D00785,D01361,P,197,unclassified,d0096
D00785,D01362,P,198,unclassified,d0096
D00785,D01373,P,199,unclassified,d0096
D00785,D01383,CI,200,unclassified,d0096
D00785,D01386,P,201,unclassified,d0096
D00785,D01389,P,202,unclassified,d0096
D00785,D01390,P,203,unclassified,d0096
D00785,D01399,P,204,Enzyme: CYP3A4,d0096
D00785,D01405,P,205,unclassified,d0096
D00785,D01408,P,206,unclassified,d0096
D00785,D01412,P,207,unclassified,d0096
D00785,D01428,P,208,unclassified,d0096
D00785,D01429,P,209,CYP inhibition: CYP3A4,d0096
D00785,D01447,P,210,unclassified,d0096
D00785,D01448,P,211,unclassified,d0096
D00785,D01451,P,212,unclassified,d0096
D00785,D01453,P,213,unclassified,d0096
D00785,D01477,CI,214,unclassified,d0096
D00785,D01481,P,215,Enzyme: CYP2D6,d0096
D00785,D01482,P,216,unclassified,d0096
D00785,D01485,P,217,unclassified,d0096
D00785,D01501,CI,218,unclassified,d0096
D00785,D01514,P,219,Enzyme: CYP3A4,d0096
D00785,D01520,P,220,unclassified,d0096
D00785,D01546,CI,221,Enzyme: CYP2D6,d0096
D00785,D01564,P,222,Enzyme: CYP3A4,d0096
D00785,D01589,P,223,unclassified,d0096
D00785,D01599,P,224,unclassified,d0096
D00785,D01635,P,225,unclassified,d0096
D00785,D01657,P,226,unclassified,d0096
D00785,D01665,P,227,unclassified,d0096
D00785,D01744,P,228,Enzyme: CYP3A4,d0096
D00785,D01748,P,229,unclassified,d0096
D00785,D01832,P,230,Enzyme: CYP3A4 / CYP induction: CYP2B6 CYP3A4,d0096
D00785,D01835,P,231,unclassified,d0096
D00785,D01854,P,232,unclassified,d0096
D00785,D01860,P,233,unclassified,d0096
D00785,D01872,P,234,Enzyme: CYP3A4,d0096
D00785,D01875,P,235,unclassified,d0096
D00785,D01888,CI,236,Target: MAOB,d0096
D00785,D01898,P,237,Enzyme: CYP2D6 CYP3A4,d0096
D00785,D01903,P,238,unclassified,d0096
D00785,D01952,P,239,unclassified,d0096
D00785,D01978,P,240,unclassified,d0096
D00785,D02002,CI,241,unclassified,d0096
D00785,D02009,P,242,unclassified,d0096
D00785,D02016,P,243,Enzyme: CYP2D6,d0096
D00785,D02022,P,244,unclassified,d0096
D00785,D02034,CI,245,unclassified,d0096
D00785,D02035,P,246,unclassified,d0096
D00785,D02037,P,247,Enzyme: CYP2D6,d0096
D00785,D02064,P,248,unclassified,d0096
D00785,D02066,P,249,unclassified,d0096
D00785,D02069,P,250,unclassified,d0096
D00785,D02076,P,251,unclassified,d0096
D00785,D02078,CI,252,Enzyme: CYP2D6,d0096
D00785,D02080,CI,253,unclassified,d0096
D00785,D02093,P,254,unclassified,d0096
D00785,D02101,P,255,Enzyme: CYP2D6,d0096
D00785,D02102,P,256,Enzyme: CYP2B6 CYP2D6 CYP3A4 / CYP induction: CYP3A4 CYP2B6,d0096
D00785,D02103,P,257,CYP induction: CYP2B6,d0096
D00785,D02109,P,258,unclassified,d0096
D00785,D02135,P,259,unclassified,d0096
D00785,D02147,P,260,unclassified,d0096
D00785,D02149,P,261,unclassified,d0096
D00785,D02150,P,262,unclassified,d0096
D00785,D02151,P,263,unclassified,d0096
D00785,D02163,P,264,Enzyme: CYP2D6,d0096
D00785,D02184,P,265,unclassified,d0096
D00785,D02200,P,266,unclassified,d0096
D00785,D02213,P,267,Enzyme: CYP2D6 / CYP inhibition: CYP2D6,d0096
D00785,D02234,P,268,unclassified,d0096
D00785,D02237,CI,269,unclassified,d0096
D00785,D02242,CI,270,Enzyme: CYP2D6,d0096
D00785,D02246,P,271,unclassified,d0096
D00785,D02247,P,272,unclassified,d0096
D00785,D02248,P,273,unclassified,d0096
D00785,D02260,CI,274,Enzyme: CYP2D6 / CYP inhibition: CYP2D6,d0096
D00785,D02271,P,275,unclassified,d0096
D00785,D02272,P,276,Enzyme: CYP3A4,d0096
D00785,D02281,P,277,unclassified,d0096
D00785,D02349,P,278,unclassified,d0096
D00785,D02354,P,279,unclassified,d0096
D00785,D02359,P,280,unclassified,d0096
D00785,D02360,CI,281,Enzyme: CYP2B6 CYP3A4,d0096
D00785,D02362,CI,282,Enzyme: CYP2D6 / CYP inhibition: CYP2D6,d0096
D00785,D02372,P,283,unclassified,d0096
D00785,D02388,P,284,unclassified,d0096
D00785,D02396,P,285,unclassified,d0096
D00785,D02404,P,286,Enzyme: CYP3A4,d0096
D00785,D02408,CI,287,unclassified,d0096
D00785,D02409,P,288,unclassified,d0096
D00785,D02484,P,289,unclassified,d0096
D00785,D02523,P,290,unclassified,d0096
D00785,D02524,P,291,unclassified,d0096
D00785,D02525,P,292,unclassified,d0096
D00785,D02535,P,293,unclassified,d0096
D00785,D02537,P,294,CYP inhibition: CYP2D6,d0096
D00785,D02559,CI,295,unclassified,d0096
D00785,D02560,CI,296,unclassified,d0096
D00785,D02561,CI,297,CYP inhibition: CYP2D6,d0096
D00785,D02562,CI,298,Target: MAOB,d0096
D00785,D02563,CI,299,unclassified,d0096
D00785,D02564,CI,300,Target: MAOB,d0096
D00785,D02565,CI,301,unclassified,d0096
D00785,D02566,CI,302,Enzyme: CYP2D6,d0096
D00785,D02567,CI,303,Enzyme: CYP2D6 CYP3A4 / CYP inhibition: CYP2D6,d0096
D00785,D02570,CI,304,Enzyme: CYP3A4,d0096
D00785,D02572,CI,305,Enzyme: CYP2D6,d0096
D00785,D02573,CI,306,unclassified,d0096
D00785,D02574,CI,307,Enzyme: CYP2D6,d0096
D00785,D02579,CI,308,Target: MAOB,d0096
D00785,D02580,CI,309,Target: MAOB,d0096
D00785,D02581,CI,310,unclassified,d0096
D00785,D02604,P,311,unclassified,d0096
D00785,D02605,P,312,unclassified,d0096
D00785,D02607,P,313,unclassified,d0096
D00785,D02608,P,314,unclassified,d0096
D00785,D02609,P,315,unclassified,d0096
D00785,D02610,P,316,unclassified,d0096
D00785,D02614,P,317,unclassified,d0096
D00785,D02620,P,318,unclassified,d0096
D00785,D02621,P,319,unclassified,d0096
D00785,D02622,P,320,unclassified,d0096
D00785,D02623,P,321,unclassified,d0096
D00785,D02625,P,322,unclassified,d0096
D00785,D02626,P,323,Enzyme: CYP3A4,d0096
D00785,D02627,P,324,unclassified,d0096
D00785,D02628,P,325,unclassified,d0096
D00785,D02642,P,326,unclassified,d0096
D00785,D02643,P,327,unclassified,d0096
D00785,D02644,P,328,unclassified,d0096
D00785,D02651,P,329,unclassified,d0096
D00785,D02653,P,330,unclassified,d0096
D00785,D02668,P,331,unclassified,d0096
D00785,D02671,P,332,unclassified,d0096
D00785,D02679,P,333,unclassified,d0096
D00785,D02680,P,334,unclassified,d0096
D00785,D02686,P,335,unclassified,d0096
D00785,D02691,P,336,unclassified,d0096
D00785,D02702,P,337,unclassified,d0096
D00785,D02704,CI,338,unclassified,d0096
D00785,D02732,P,339,Enzyme: CYP3A4,d0096
D00785,D02774,P,340,unclassified,d0096
D00785,D02787,CI,341,unclassified,d0096
D00785,D02901,P,342,unclassified,d0096
D00785,D02910,P,343,Enzyme: CYP3A4,d0096
D00785,D02968,P,344,Enzyme: CYP3A4 / CYP inhibition: CYP3A4 / CYP induction: CYP3A4,d0096
D00785,D02972,CI,345,unclassified,d0096
D00785,D02976,P,346,unclassified,d0096
D00785,D02981,P,347,unclassified,d0096
D00785,D03038,CI,348,unclassified,d0096
D00785,D03071,CI,349,unclassified,d0096
D00785,D03098,P,350,unclassified,d0096
D00785,D03106,P,351,unclassified,d0096
D00785,D03195,P,352,unclassified,d0096
D00785,D03199,CI,353,unclassified,d0096
D00785,D03230,P,354,unclassified,d0096
D00785,D03239,CI,355,Target: MAOB,d0096
D00785,D03248,CI,356,unclassified,d0096
D00785,D03250,P,357,unclassified,d0096
D00785,D03274,P,358,Enzyme: CYP2D6 / CYP inhibition: CYP2D6,d0096
D00785,D03402,P,359,unclassified,d0096
D00785,D03409,CI,360,Target: MAOB,d0096
D00785,D03491,CI,361,unclassified,d0096
D00785,D03502,P,362,unclassified,d0096
D00785,D03503,P,363,CYP inhibition: CYP2D6 CYP3A4,d0096
D00785,D03587,P,364,unclassified,d0096
D00785,D03649,CI,365,unclassified,d0096
D00785,D03658,P,366,Enzyme: CYP3A4,d0096
D00785,D03666,P,367,unclassified,d0096
D00785,D03669,P,368,CYP induction: CYP3A4,d0096
D00785,D03702,P,369,unclassified,d0096
D00785,D03731,CI,370,Enzyme: CYP2B6 CYP2D6 CYP3A4 / Target: MAOB,d0096
D00785,D03733,CI,371,Target: MAOB,d0096
D00785,D03740,CI,372,Enzyme: CYP2D6,d0096
D00785,D03855,CI,373,unclassified,d0096
D00785,D03879,P,374,unclassified,d0096
D00785,D03880,P,375,unclassified,d0096
D00785,D03881,P,376,unclassified,d0096
D00785,D03891,P,377,unclassified,d0096
D00785,D03892,P,378,unclassified,d0096
D00785,D03914,P,379,CYP inhibition: CYP2D6,d0096
D00785,D03921,P,380,unclassified,d0096
D00785,D04018,P,381,unclassified,d0096
D00785,D04024,P,382,Enzyme: CYP3A4,d0096
D00785,D04034,P,383,Enzyme: CYP2D6 / CYP inhibition: CYP2D6,d0096
D00785,D04038,P,384,Enzyme: CYP2D6,d0096
D00785,D04044,P,385,unclassified,d0096
D00785,D04052,P,386,Enzyme: CYP3A4,d0096
D00785,D04054,P,387,unclassified,d0096
D00785,D04055,CI,388,unclassified,d0096
D00785,D04062,P,389,unclassified,d0096
D00785,D04081,P,390,unclassified,d0096
D00785,D04092,CI,391,Target: MAOB,d0096
D00785,D04105,CI,392,unclassified,d0096
D00785,D04148,CI,393,Enzyme: CYP2B6 CYP2D6 CYP3A4,d0096
D00785,D04157,P,394,unclassified,d0096
D00785,D04251,CI,395,unclassified,d0096
D00785,D04259,P,396,unclassified,d0096
D00785,D04261,P,397,unclassified,d0096
D00785,D04313,P,398,Enzyme: CYP2D6,d0096
D00785,D04340,P,399,Enzyme: CYP2D6 CYP3A4,d0096
D00785,D04342,P,400,unclassified,d0096
D00785,D04364,P,401,unclassified,d0096
D00785,D04382,CI,402,unclassified,d0096
D00785,D04447,P,403,Enzyme: CYP3A4,d0096
D00785,D04463,P,404,Enzyme: CYP3A4,d0096
D00785,D04473,CI,405,unclassified,d0096
D00785,D04475,P,406,unclassified,d0096
D00785,D04477,P,407,unclassified,d0096
D00785,D04482,P,408,Enzyme: CYP3A4,d0096
D00785,D04483,P,409,Enzyme: CYP3A4,d0096
D00785,D04484,P,410,Enzyme: CYP3A4,d0096
D00785,D04539,P,411,unclassified,d0096
D00785,D04540,P,412,unclassified,d0096
D00785,D04547,P,413,unclassified,d0096
D00785,D04556,CI,414,unclassified,d0096
D00785,D04605,CI,415,unclassified,d0096
D00785,D04616,P,416,unclassified,d0096
D00785,D04625,P,417,unclassified,d0096
D00785,D04626,P,418,unclassified,d0096
D00785,D04641,P,419,Enzyme: CYP3A4 / CYP inhibition: CYP3A4,d0096
D00785,D04652,CI,420,unclassified,d0096
D00785,D04666,P,421,unclassified,d0096
D00785,D04681,CI,422,Target: MAOB,d0096
D00785,D04701,P,423,unclassified,d0096
D00785,D04703,P,424,unclassified,d0096
D00785,D04708,P,425,unclassified,d0096
D00785,D04747,CI,426,unclassified,d0096
D00785,D04765,P,427,unclassified,d0096
D00785,D04781,CI,428,unclassified,d0096
D00785,D04813,P,429,Enzyme: CYP3A4,d0096
D00785,D04883,P,430,unclassified,d0096
D00785,D04911,P,431,unclassified,d0096
D00785,D04935,P,432,unclassified,d0096
D00785,D04954,P,433,unclassified,d0096
D00785,D04965,P,434,Enzyme: CYP2D6,d0096
D00785,D05008,P,435,Enzyme: CYP2D6 / CYP inhibition: CYP2D6,d0096
D00785,D05033,CI,436,Target: MAOB,d0096
D00785,D05037,P,437,unclassified,d0096
D00785,D05039,CI,438,Enzyme: CYP2D6,d0096
D00785,D05040,CI,439,Enzyme: CYP2D6,d0096
D00785,D05120,CI,440,unclassified,d0096
D00785,D05173,CI,441,unclassified,d0096
D00785,D05200,CI,442,unclassified,d0096
D00785,D05206,P,443,unclassified,d0096
D00785,D05231,CI,444,unclassified,d0096
D00785,D05277,P,445,unclassified,d0096
D00785,D05284,CI,446,unclassified,d0096
D00785,D05351,P,447,CYP inhibition: CYP3A4,d0096
D00785,D05366,P,448,Enzyme: CYP3A4,d0096
D00785,D05374,CI,449,Enzyme: CYP2D6 / CYP inhibition: CYP2D6,d0096
D00785,D05375,CI,450,Enzyme: CYP2D6 / CYP inhibition: CYP2D6,d0096
D00785,D05462,P,451,Enzyme: CYP3A4,d0096
D00785,D05466,P,452,unclassified,d0096
D00785,D05476,P,453,unclassified,d0096
D00785,D05491,CI,454,unclassified,d0096
D00785,D05495,P,455,unclassified,d0096
D00785,D05606,P,456,unclassified,d0096
D00785,D05648,P,457,unclassified,d0096
D00785,D05649,P,458,unclassified,d0096
D00785,D05691,P,459,unclassified,d0096
D00785,D05718,P,460,unclassified,d0096
D00785,D05730,P,461,unclassified,d0096
D00785,D05768,P,462,unclassified,d0096
D00785,D05775,P,463,unclassified,d0096
D00785,D05792,P,464,Enzyme: CYP3A4,d0096
D00785,D05832,P,465,unclassified,d0096
D00785,D05879,P,466,unclassified,d0096
D00785,D05997,CI,467,unclassified,d0096
D00785,D06004,CI,468,unclassified,d0096
D00785,D06273,P,469,Enzyme: CYP3A4,d0096
D00785,D06344,P,470,unclassified,d0096
D00785,D06367,CI,471,unclassified,d0096
D00785,D06374,P,472,unclassified,d0096
D00785,D06394,P,473,unclassified,d0096
D00785,D06413,P,474,Enzyme: CYP3A4,d0096
D00785,D06414,P,475,Enzyme: CYP3A4,d0096
D00785,D06553,P,476,unclassified,d0096
D00785,D06597,P,477,Enzyme: CYP3A4 / CYP inhibition: CYP3A4 / CYP induction: CYP3A4,d0096
D00785,D06645,P,478,unclassified,d0096
D00785,D06698,P,479,unclassified,d0096
D00785,D06921,P,480,unclassified,d0096
D00785,D06927,P,481,unclassified,d0096
D00785,D06928,P,482,unclassified,d0096
D00785,D06951,P,483,unclassified,d0096
D00785,D06953,P,484,unclassified,d0096
D00785,D06955,P,485,unclassified,d0096
D00785,D06956,P,486,unclassified,d0096
D00785,D06987,P,487,unclassified,d0096
D00785,D06994,P,488,unclassified,d0096
D00785,D07041,P,489,unclassified,d0096
D00785,D07042,P,490,unclassified,d0096
D00785,D07043,P,491,unclassified,d0096
D00785,D07044,P,492,unclassified,d0096
D00785,D07045,P,493,unclassified,d0096
D00785,D07048,P,494,unclassified,d0096
D00785,D07065,P,495,unclassified,d0096
D00785,D07080,P,496,unclassified,d0096
D00785,D07132,P,497,Enzyme: CYP3A4,d0096
D00785,D07148,P,498,unclassified,d0096
D00785,D07307,P,499,unclassified,d0096
D00785,D07308,P,500,unclassified,d0096
D00785,D07309,P,501,unclassified,d0096
D00785,D07334,CI,502,unclassified,d0096
D00785,D07335,CI,503,unclassified,d0096
D00785,D07336,CI,504,unclassified,d0096
D00785,D07337,CI,505,Target: MAOB,d0096
D00785,D07338,CI,506,Target: MAOB,d0096
D00785,D07377,P,507,unclassified,d0096
D00785,D07448,CI,508,Enzyme: CYP2D6 CYP3A4,d0096
D00785,D07461,P,509,unclassified,d0096
D00785,D07463,P,510,unclassified,d0096
D00785,D07473,CI,511,Enzyme: CYP2D6,d0096
D00785,D07489,P,512,unclassified,d0096
D00785,D07534,P,513,unclassified,d0096
D00785,D07540,P,514,unclassified,d0096
D00785,D07560,P,515,unclassified,d0096
D00785,D07583,P,516,CYP induction: CYP2B6,d0096
D00785,D07595,P,517,CYP induction: CYP3A4 CYP2B6,d0096
D00785,D07601,CI,518,unclassified,d0096
D00785,D07685,P,519,unclassified,d0096
D00785,D07704,CI,520,Enzyme: CYP2D6 CYP3A4,d0096
D00785,D07705,CI,521,Enzyme: CYP2D6 CYP3A4,d0096
D00785,D07710,P,522,Enzyme: CYP3A4 / CYP inhibition: CYP3A4,d0096
D00785,D07713,P,523,unclassified,d0096
D00785,D07727,CI,524,Enzyme: CYP2D6 CYP3A4,d0096
D00785,D07756,P,525,unclassified,d0096
D00785,D07791,CI,526,unclassified,d0096
D00785,D07793,CI,527,Enzyme: CYP3A4,d0096
D00785,D07795,P,528,unclassified,d0096
D00785,D07812,CI,529,unclassified,d0096
D00785,D07865,P,530,unclassified,d0096
D00785,D07872,CI,531,Enzyme: CYP2D6,d0096
D00785,D07875,CI,532,Enzyme: CYP2D6,d0096
D00785,D07880,CI,533,CYP inhibition: CYP2D6,d0096
D00785,D07909,P,534,unclassified,d0096
D00785,D07910,P,535,unclassified,d0096
D00785,D07913,CI,536,Enzyme: CYP2D6 CYP3A4 / CYP inhibition: CYP2D6,d0096
D00785,D07928,P,537,Enzyme: CYP3A4 / CYP inhibition: CYP3A4,d0096
D00785,D07977,P,538,Enzyme: CYP2D6,d0096
D00785,D07984,CI,539,Enzyme: CYP2D6 / CYP inhibition: CYP2D6 CYP3A4,d0096
D00785,D07990,P,540,unclassified,d0096
D00785,D08030,CI,541,unclassified,d0096
D00785,D08031,P,542,Enzyme: CYP3A4,d0096
D00785,D08035,P,543,Enzyme: CYP2D6 CYP3A4,d0096
D00785,D08039,P,544,unclassified,d0096
D00785,D08070,CI,545,Enzyme: CYP2D6 CYP3A4,d0096
D00785,D08071,CI,546,Enzyme: CYP2D6 CYP3A4,d0096
D00785,D08072,CI,547,unclassified,d0096
D00785,D08080,P,548,unclassified,d0096
D00785,D08085,CI,549,Target: MAOB,d0096
D00785,D08090,P,550,unclassified,d0096
D00785,D08092,P,551,unclassified,d0096
D00785,D08093,P,552,unclassified,d0096
D00785,D08124,P,553,unclassified,d0096
D00785,D08140,CI,554,unclassified,d0096
D00785,D08141,P,555,unclassified,d0096
D00785,D08165,P,556,unclassified,d0096
D00785,D08171,CI,557,unclassified,d0096
D00785,D08172,P,558,unclassified,d0096
D00785,D08192,P,559,unclassified,d0096
D00785,D08201,P,560,unclassified,d0096
D00785,D08205,P,561,unclassified,d0096
D00785,D08206,P,562,unclassified,d0096
D00785,D08216,CI,563,Enzyme: CYP2D6 CYP3A4,d0096
D00785,D08220,P,564,CYP inhibition: CYP2D6,d0096
D00785,D08222,CI,565,unclassified,d0096
D00785,D08253,P,566,unclassified,d0096
D00785,D08284,P,567,unclassified,d0096
D00785,D08286,P,568,unclassified,d0096
D00785,D08288,CI,569,Enzyme: CYP2D6,d0096
D00785,D08297,CI,570,unclassified,d0096
D00785,D08300,P,571,unclassified,d0096
D00785,D08308,P,572,unclassified,d0096
D00785,D08309,P,573,unclassified,d0096
D00785,D08322,P,574,unclassified,d0096
D00785,D08341,P,575,Enzyme: CYP2D6,d0096
D00785,D08342,P,576,Enzyme: CYP2D6,d0096
D00785,D08347,CI,577,unclassified,d0096
D00785,D08348,CI,578,unclassified,d0096
D00785,D08349,CI,579,Target: MAOB,d0096
D00785,D08365,P,580,unclassified,d0096
D00785,D08366,P,581,unclassified,d0096
D00785,D08368,P,582,unclassified,d0096
D00785,D08385,P,583,unclassified,d0096
D00785,D08387,P,584,unclassified,d0096
D00785,D08392,CI,585,unclassified,d0096
D00785,D08393,CI,586,unclassified,d0096
D00785,D08424,P,587,Enzyme: CYP3A4,d0096
D00785,D08430,P,588,unclassified,d0096
D00785,D08447,CI,589,unclassified,d0096
D00785,D08449,P,590,unclassified,d0096
D00785,D08453,CI,591,Target: MAOB,d0096
D00785,D08469,CI,592,Target: MAOB,d0096
D00785,D08472,CI,593,unclassified,d0096
D00785,D08474,P,594,unclassified,d0096
D00785,D08487,P,595,unclassified,d0096
D00785,D08511,CI,596,unclassified,d0096
D00785,D08570,P,597,unclassified,d0096
D00785,D08575,"CI,P",598,Enzyme: CYP2D6,d0096
D00785,D08578,P,599,unclassified,d0096
D00785,D08585,P,600,unclassified,d0096
D00785,D08611,P,601,unclassified,d0096
D00785,D08625,CI,602,Target: MAOB,d0096
D00785,D08629,P,603,unclassified,d0096
D00785,D08636,P,604,unclassified,d0096
D00785,D08637,P,605,unclassified,d0096
D00785,D08670,CI,606,Enzyme: CYP2D6,d0096
D00785,D08673,CI,607,Enzyme: CYP2D6,d0096
D00785,D08683,P,608,unclassified,d0096
D00785,D08695,P,609,Enzyme: CYP2D6,d0096
D00785,D08769,P,610,unclassified,d0096
D00785,D08850,P,611,unclassified,d0096
D00785,D08851,P,612,unclassified,d0096
D00785,D08897,P,613,unclassified,d0096
D00785,D08923,P,614,Enzyme: CYP2D6 CYP3A4,d0096
D00785,D08945,P,615,unclassified,d0096
D00785,D08966,P,616,unclassified,d0096
D00785,D09186,P,617,unclassified,d0096
D00785,D09216,P,618,unclassified,d0096
D00785,D09318,P,619,Enzyme: CYP3A4,d0096
D00785,D09319,P,620,Enzyme: CYP3A4,d0096
D00785,D09340,CI,621,unclassified,d0096
D00785,D09341,CI,622,unclassified,d0096
D00785,D09344,P,623,unclassified,d0096
D00785,D09535,P,624,Enzyme: CYP3A4 / CYP inhibition: CYP2D6,d0096
D00785,D09566,P,625,unclassified,d0096
D00785,D09592,P,626,unclassified,d0096
D00785,D09638,P,627,Enzyme: CYP3A4,d0096
D00785,D09696,P,628,unclassified,d0096
D00785,D09697,P,629,unclassified,d0096
D00785,D09701,P,630,Enzyme: CYP3A4,d0096
D00785,D09727,P,631,unclassified,d0096
D00785,D09731,P,632,Enzyme: CYP3A4 / CYP inhibition: CYP2B6,d0096
D00785,D09732,P,633,unclassified,d0096
D00785,D09741,P,634,Enzyme: CYP3A4,d0096
D00785,D09744,P,635,unclassified,d0096
D00785,D09753,P,636,Enzyme: CYP3A4,d0096
D00785,D09756,P,637,Enzyme: CYP3A4 / CYP inhibition: CYP2D6 CYP3A4,d0096
D00785,D09763,P,638,unclassified,d0096
D00785,D09773,CI,639,unclassified,d0096
D00785,D09780,P,640,unclassified,d0096
D00785,D09784,P,641,unclassified,d0096
D00785,D09794,P,642,unclassified,d0096
D00785,D09799,P,643,CYP inhibition: CYP3A4,d0096
D00785,D09819,P,644,Enzyme: CYP2D6 / CYP inhibition: CYP2D6,d0096
D00785,D09842,P,645,unclassified,d0096
D00785,D09848,P,646,unclassified,d0096
D00785,D09889,P,647,unclassified,d0096
D00785,D09890,CI,648,unclassified,d0096
D00785,D09891,CI,649,unclassified,d0096
D00785,D09894,P,650,Enzyme: CYP2D6,d0096
D00785,D09978,P,651,unclassified,d0096
D00785,D09993,P,652,unclassified,d0096
D00785,D09996,P,653,CYP induction: CYP3A4,d0096
D00785,D09999,CI,654,Enzyme: CYP2D6 CYP3A4,d0096
D00785,D10003,P,655,CYP induction: CYP3A4 CYP2D6,d0096
D00785,D10020,P,656,unclassified,d0096
D00785,D10104,P,657,Enzyme: CYP3A4 / CYP induction: CYP3A4,d0096
D00785,D10127,P,658,unclassified,d0096
D00785,D10145,P,659,unclassified,d0096
D00785,D10158,CI,660,Target: MAOB,d0096
D00785,D10159,P,661,unclassified,d0096
D00785,D10160,P,662,unclassified,d0096
D00785,D10161,P,663,unclassified,d0096
D00785,D10179,P,664,Enzyme: CYP2D6,d0096
D00785,D10185,CI,665,Enzyme: CYP2B6 CYP2D6,d0096
D00785,D10191,CI,666,Target: MAOB,d0096
D00785,D10195,P,667,unclassified,d0096
D00785,D10199,CI,668,unclassified,d0096
D00785,D10200,P,669,unclassified,d0096
D00785,D10218,P,670,unclassified,d0096
D00785,D10219,P,671,unclassified,d0096
D00785,D10220,P,672,unclassified,d0096
D00785,D10252,P,673,unclassified,d0096
D00785,D10253,P,674,unclassified,d0096
D00785,D10293,P,675,unclassified,d0096
D00785,D10298,P,676,unclassified,d0096
D00785,D10317,P,677,unclassified,d0096
D00785,D10372,P,678,unclassified,d0096
D00785,D10424,P,679,unclassified,d0096
D00785,D10459,P,680,unclassified,d0096
D00785,D10466,P,681,Enzyme: CYP2D6 CYP3A4,d0096
D00785,D10505,P,682,Enzyme: CYP3A4,d0096
D00785,D10533,P,683,Enzyme: CYP2D6 CYP3A4,d0096
D00785,D10551,P,684,unclassified,d0096
D00785,D10564,P,685,CYP induction: CYP2B6,d0096
D00785,D10566,P,686,unclassified,d0096
D00785,D10570,P,687,unclassified,d0096
D00785,D10588,P,688,unclassified,d0096
D00785,D10633,P,689,Enzyme: CYP3A4,d0096
D00785,D10643,P,690,CYP induction: CYP2B6,d0096
D00785,D10743,P,691,unclassified,d0096
D00785,D10744,P,692,unclassified,d0096
D00785,D10762,P,693,unclassified,d0096
D00785,D10774,P,694,Enzyme: CYP2D6 CYP3A4,d0096
D00785,D10775,P,695,Enzyme: CYP2D6 CYP3A4 / CYP inhibition: CYP3A4,d0096
D00785,D10801,P,696,unclassified,d0096
D00785,D10825,P,697,unclassified,d0096
D00785,D10829,CI,698,Target: MAOB,d0096
D00785,D10854,P,699,unclassified,d0096
D00785,D10897,P,700,Enzyme: CYP3A4,d0096
D00785,D10926,P,701,Enzyme: CYP3A4,d0096
D00785,D10967,P,702,unclassified,d0096
D00785,D10990,P,703,unclassified,d0096
D00785,D10999,P,704,Enzyme: CYP3A4,d0096
D00785,D11009,P,705,Enzyme: CYP3A4,d0096
D00785,D11012,P,706,unclassified,d0096
D00785,D11027,P,707,unclassified,d0096
D00785,D11034,P,708,unclassified,d0096
D00785,D11040,P,709,Enzyme: CYP3A4 / CYP induction: CYP3A4,d0096
D00785,D11053,P,710,Enzyme: CYP3A4,d0096
D00785,D11056,CI,711,Enzyme: CYP2D6 CYP3A4,d0096
D00785,D11064,P,712,unclassified,d0096
D00785,D11088,P,713,unclassified,d0096
D00785,D11090,P,714,unclassified,d0096
D00785,D11109,P,715,unclassified,d0096
D00785,D11138,P,716,unclassified,d0096
D00785,D11194,P,717,unclassified,d0096
D00785,D11290,P,718,unclassified,d0096
D00785,D11296,P,719,Enzyme: CYP3A4,d0096
D00785,D11370,P,720,unclassified,d0096
D00785,D11371,P,721,unclassified,d0096
D00785,D11422,P,722,unclassified,d0096
D00785,D11454,P,723,Enzyme: CYP3A4,d0096
D00785,D11485,P,724,unclassified,d0096
D00785,D11557,P,725,CYP induction: CYP3A4 CYP2B6,d0096
D00785,D11567,P,726,unclassified,d0096
D00785,D11619,CI,727,unclassified,d0096
D00785,D11674,P,728,CYP inhibition: CYP2D6 CYP3A4,d0096
D00785,D11708,P,729,unclassified,d0096
D00785,D11713,P,730,Enzyme: CYP3A4,d0096
D00785,D11804,P,731,unclassified,d0096
D00785,D11807,P,732,unclassified,d0096
D00785,D11816,P,733,Enzyme: CYP3A4,d0096
D00785,D11835,P,734,Enzyme: CYP2D6,d0096
D00785,D11861,P,735,unclassified,d0096
D00785,D11862,P,736,unclassified,d0096
D00785,D11873,P,737,unclassified,d0096
D00785,D11887,P,738,unclassified,d0096
D00785,D11920,P,739,unclassified,d0096
D00785,D11954,P,740,unclassified,d0096
D00785,D11970,P,741,unclassified,d0096
D00785,D12049,P,742,CYP inhibition: CYP2B6,d0096
D00785,D12050,P,743,Enzyme: CYP3A4,d0096
D00785,D12055,P,744,unclassified,d0096
D00785,D12217,P,745,Enzyme: CYP3A4,d0096
D00785,D12245,P,746,Enzyme: CYP3A4,d0096
D00785,D12252,P,747,CYP induction: CYP3A4,d0096
D00785,D12358,P,748,unclassified,d0096
D00785,D12364,P,749,unclassified,d0096
D00785,D12403,CI,750,Enzyme: CYP2D6,d0096
D00785,D12437,P,751,unclassified,d0096
D00785,D12442,P,752,unclassified,d0096
D00785,D12444,P,753,Enzyme: CYP3A4,d0096
D00785,D12494,P,754,unclassified,d0096
D00785,D12586,P,755,unclassified,d0096
D00785,D12837,P,756,CYP induction: CYP2B6,d0096
D00785,D12934,P,757,unclassified,d0096
D00785,D12935,P,758,unclassified,d0096
D00785,D13245,P,759,unclassified,d0096
D00822,D00076,P,1,unclassified,d0052
D00822,D00095,P,2,unclassified,d0052
D00822,D00109,P,3,unclassified,d0052
D00822,D00126,P,4,unclassified,d0052
D00822,D00132,P,5,unclassified,d0052
D00822,D00211,P,6,CYP induction: CYP3A4 / Transporter induction: ABCB1,d0052
D00822,D00228,P,7,Enzyme: CYP2D6 / Target: SLC6A4,d0052
D00822,D00252,P,8,Enzyme: CYP3A4 / CYP induction: CYP3A4 / Transporter induction: ABCB1,d0052
D00822,D00255,P,9,Enzyme: CYP2D6 CYP3A4 / Transporter inhibition: ABCB1,d0052
D00822,D00276,P,10,Enzyme: CYP3A4 / CYP inhibition: CYP3A4 / Transporter inhibition: ABCB1,d0052
D00822,D00292,P,11,Enzyme: CYP3A4 / CYP induction: CYP3A4,d0052
D00822,D00293,P,12,Enzyme: CYP3A4 / CYP inhibition: CYP2C19,d0052
D00822,D00295,P,13,CYP inhibition: CYP2D6 CYP3A4,d0052
D00822,D00311,P,14,unclassified,d0052
D00822,D00320,P,15,Enzyme: CYP3A4,d0052
D00822,D00415,P,16,unclassified,d0052
D00822,D00420,P,17,unclassified,d0052
D00822,D00435,P,18,Enzyme: CYP3A4 CYP2D6,d0052
D00822,D00451,P,19,unclassified,d0052
D00822,D00506,P,20,unclassified,d0052
D00822,D00512,P,21,Transporter induction: ABCB1,d0052
D00822,D00550,P,22,Enzyme: CYP3A4,d0052
D00822,D00563,P,23,Enzyme: CYP2D6 CYP3A4,d0052
D00822,D00601,P,24,Enzyme: CYP2D6,d0052
D00822,D00603,P,25,Enzyme: CYP2D6,d0052
D00822,D00605,P,26,unclassified,d0052
D00822,D00619,P,27,Enzyme: CYP3A4 / CYP inhibition: CYP3A4 / Transporter inhibition: ABCB1,d0052
D00822,D00636,P,28,Enzyme: CYP3A4,d0052
D00822,D00674,P,29,Enzyme: CYP2D6 CYP3A4,d0052
D00822,D00675,P,30,unclassified,d0052
D00822,D00676,P,31,unclassified,d0052
D00822,D00677,P,32,Enzyme: CYP3A4,d0052
D00822,D00678,P,33,Enzyme: CYP2D6 CYP3A4,d0052
D00822,D00701,P,34,unclassified,d0052
D00822,D00754,P,35,unclassified,d0052
D00822,D00769,P,36,CYP inhibition: CYP2C19,d0052
D00822,D00785,CI,37,Enzyme: CYP2D6 CYP3A4,d0052
D00822,D00801,P,38,unclassified,d0052
D00822,D00809,P,39,Enzyme: CYP2D6 CYP3A4 / Target: SLC6A4 / CYP inhibition: CYP2C19,d0052
D00822,D00811,P,40,Enzyme: CYP2D6 CYP3A4 / Target: SLC6A4 / CYP inhibition: CYP2C19,d0052
D00822,D00815,P,41,Enzyme: CYP2D6 CYP3A4 / Target: SLC6A4 / CYP inhibition: CYP2C19,d0052
D00822,D00818,P,42,Enzyme: CYP2D6,d0052
D00822,D00820,P,43,Enzyme: CYP3A4 CYP2D6 / Target: SLC6A4,d0052
D00822,D00821,P,44,Enzyme: CYP2D6 / Target: SLC6A4,d0052
D00822,D00824,P,45,Enzyme: CYP2D6 / Target: SLC6A4 / CYP inhibition: CYP2D6 CYP3A4,d0052
D00822,D00831,P,46,unclassified,d0052
D00822,D00848,P,47,Enzyme: CYP2D6,d0052
D00822,D00904,P,48,unclassified,d0052
D00822,D00947,P,49,unclassified,d0052
D00822,D00961,P,50,CYP inhibition: CYP3A4,d0052
D00822,D00966,P,51,Enzyme: CYP3A4 CYP2D6,d0052
D00822,D00969,P,52,unclassified,d0052
D00822,D01028,P,53,CYP inhibition: CYP2D6,d0052
D00822,D01179,P,54,Target: SLC6A4 / CYP inhibition: CYP2D6,d0052
D00822,D01253,P,55,Enzyme: CYP3A4 / CYP inhibition: CYP2C19,d0052
D00822,D01280,P,56,unclassified,d0052
D00822,D01296,P,57,unclassified,d0052
D00822,D01355,P,58,Enzyme: CYP3A4 CYP2D6,d0052
D00822,D01383,P,59,unclassified,d0052
D00822,D01399,P,60,Enzyme: CYP3A4,d0052
D00822,D01896,P,61,Enzyme: CYP3A4 / CYP inhibition: CYP2C19,d0052
D00822,D01973,P,62,Enzyme: CYP3A4,d0052
D00822,D01992,P,63,unclassified,d0052
D00822,D02102,P,64,Enzyme: CYP3A4 CYP2D6 / CYP inhibition: CYP2C19 / CYP induction: CYP3A4,d0052
D00822,D02103,P,65,Transporter induction: ABCB1,d0052
D00822,D02106,P,66,unclassified,d0052
D00822,D02234,P,67,unclassified,d0052
D00822,D02235,P,68,unclassified,d0052
D00822,D02260,P,69,Enzyme: CYP2D6 / Target: SLC6A4 / CYP inhibition: CYP2D6,d0052
D00822,D02372,P,70,unclassified,d0052
D00822,D02484,P,71,unclassified,d0052
D00822,D02562,CI,72,unclassified,d0052
D00822,D02567,P,73,Enzyme: CYP3A4 CYP2D6 / Target: SLC6A4 / CYP inhibition: CYP2C19 CYP2D6,d0052
D00822,D02691,P,74,unclassified,d0052
D00822,D02732,P,75,Enzyme: CYP3A4,d0052
D00822,D02968,P,76,Enzyme: CYP3A4 / CYP inhibition: CYP3A4 / CYP induction: CYP3A4,d0052
D00822,D03106,P,77,unclassified,d0052
D00822,D03658,P,78,Enzyme: CYP3A4,d0052
D00822,D03669,P,79,CYP induction: CYP3A4,d0052
D00822,D03855,P,80,unclassified,d0052
D00822,D03960,P,81,unclassified,d0052
D00822,D04024,P,82,Enzyme: CYP3A4,d0052
D00822,D04052,P,83,Enzyme: CYP3A4,d0052
D00822,D04148,P,84,Enzyme: CYP3A4 CYP2D6 / Target: SLC6A4 / CYP inhibition: CYP2C19,d0052
D00822,D04340,P,85,Enzyme: CYP3A4 CYP2D6,d0052
D00822,D04641,P,86,Enzyme: CYP3A4 / CYP inhibition: CYP3A4 / Transporter inhibition: ABCB1,d0052
D00822,D04666,P,87,unclassified,d0052
D00822,D04747,P,88,unclassified,d0052
D00822,D04768,P,89,Transporter inhibition: ABCB1,d0052
D00822,D05775,P,90,unclassified,d0052
D00822,D05928,P,91,Enzyme: CYP3A4 / CYP inhibition: CYP2C19 CYP3A4 CYP2D6,d0052
D00822,D06405,P,92,Enzyme: CYP3A4,d0052
D00822,D06407,P,93,Enzyme: CYP3A4 / Transporter inhibition: ABCB1,d0052
D00822,D06413,P,94,Enzyme: CYP3A4,d0052
D00822,D06414,P,95,Enzyme: CYP3A4,d0052
D00822,D06597,P,96,Enzyme: CYP3A4 / CYP inhibition: CYP3A4 / CYP induction: CYP3A4,d0052
D00822,D07082,P,97,unclassified,d0052
D00822,D07086,P,98,Enzyme: CYP3A4,d0052
D00822,D07505,P,99,unclassified,d0052
D00822,D07583,P,100,Transporter induction: ABCB1,d0052
D00822,D07595,P,101,CYP induction: CYP3A4 / Transporter induction: ABCB1,d0052
D00822,D08493,P,102,Enzyme: CYP3A4 CYP2D6 / CYP inhibition: CYP2C19,d0052
D00822,D09535,P,103,Enzyme: CYP3A4 / CYP inhibition: CYP2D6 / Transporter inhibition: ABCB1,d0052
D00822,D09546,P,104,unclassified,d0052
D00822,D09638,P,105,Enzyme: CYP3A4,d0052
D00822,D09686,P,106,unclassified,d0052
D00822,D09701,P,107,Enzyme: CYP3A4,d0052
D00822,D09731,P,108,Enzyme: CYP3A4 / Transporter inhibition: ABCB1,d0052
D00822,D09799,P,109,CYP inhibition: CYP3A4,d0052
D00822,D09815,P,110,unclassified,d0052
D00822,D09894,P,111,Enzyme: CYP2D6,d0052
D00822,D09996,P,112,CYP induction: CYP3A4 / Transporter inhibition: ABCB1,d0052
D00822,D09999,P,113,Enzyme: CYP3A4 CYP2D6,d0052
D00822,D10003,P,114,CYP induction: CYP3A4 CYP2D6,d0052
D00822,D10014,P,115,unclassified,d0052
D00822,D10104,P,116,Enzyme: CYP3A4 / CYP induction: CYP3A4,d0052
D00822,D10127,P,117,unclassified,d0052
D00822,D10161,P,118,unclassified,d0052
D00822,D10185,P,119,Enzyme: CYP2D6 / Target: SLC6A4 / CYP inhibition: CYP2C19,d0052
D00822,D10191,CI,120,unclassified,d0052
D00822,D10218,P,121,unclassified,d0052
D00822,D10298,P,122,unclassified,d0052
D00822,D10372,P,123,unclassified,d0052
D00822,D10424,P,124,unclassified,d0052
D00822,D10466,P,125,Enzyme: CYP3A4 CYP2D6 / CYP inhibition: CYP2C19,d0052
D00822,D10512,P,126,Enzyme: CYP3A4 CYP2D6,d0052
D00822,D10513,P,127,Enzyme: CYP3A4 / CYP inhibition: CYP2C19,d0052
D00822,D10527,P,128,Enzyme: CYP3A4 / CYP inhibition: CYP2C19,d0052
D00822,D10537,P,129,unclassified,d0052
D00822,D10551,P,130,unclassified,d0052
D00822,D10564,P,131,unclassified,d0052
D00822,D10566,P,132,unclassified,d0052
D00822,D10569,P,133,unclassified,d0052
D00822,D10633,P,134,Enzyme: CYP3A4,d0052
D00822,D10643,P,135,Transporter inhibition: ABCB1,d0052
D00822,D10679,P,136,unclassified,d0052
D00822,D10762,P,137,unclassified,d0052
D00822,D10766,P,138,unclassified,d0052
D00822,D10774,P,139,Enzyme: CYP3A4 CYP2D6 / CYP inhibition: CYP2C19,d0052
D00822,D10775,P,140,Enzyme: CYP3A4 CYP2D6 / CYP inhibition: CYP2C19 CYP3A4 / Transporter inhibition: ABCB1,d0052
D00822,D10793,P,141,unclassified,d0052
D00822,D10801,P,142,unclassified,d0052
D00822,D10891,P,143,Enzyme: CYP3A4,d0052
D00822,D10926,P,144,Enzyme: CYP3A4,d0052
D00822,D10927,P,145,Enzyme: CYP3A4 / Transporter inhibition: ABCB1,d0052
D00822,D10990,P,146,unclassified,d0052
D00822,D10999,P,147,Enzyme: CYP3A4,d0052
D00822,D11012,P,148,Transporter induction: ABCB1,d0052
D00822,D11027,P,149,unclassified,d0052
D00822,D11040,P,150,Enzyme: CYP3A4 / CYP induction: CYP3A4 / Transporter induction: ABCB1,d0052
D00822,D11053,P,151,Enzyme: CYP3A4,d0052
D00822,D11073,P,152,Enzyme: CYP3A4,d0052
D00822,D11090,P,153,unclassified,d0052
D00822,D11138,P,154,unclassified,d0052
D00822,D11194,P,155,unclassified,d0052
D00822,D11296,P,156,Enzyme: CYP3A4 / CYP inhibition: CYP2C19,d0052
D00822,D11370,P,157,unclassified,d0052
D00822,D11371,P,158,unclassified,d0052
D00822,D11400,P,159,CYP inhibition: CYP2C19,d0052
D00822,D11404,P,160,Enzyme: CYP3A4,d0052
D00822,D11422,P,161,unclassified,d0052
D00822,D11454,P,162,Enzyme: CYP3A4,d0052
D00822,D11485,P,163,unclassified,d0052
D00822,D11557,P,164,CYP induction: CYP3A4,d0052
D00822,D11641,P,165,unclassified,d0052
D00822,D11662,P,166,unclassified,d0052
D00822,D11674,P,167,CYP inhibition: CYP2D6 CYP3A4,d0052
D00822,D11708,P,168,unclassified,d0052
D00822,D11713,P,169,Enzyme: CYP3A4,d0052
D00822,D11804,P,170,unclassified,d0052
D00822,D11816,P,171,Enzyme: CYP3A4 / Transporter inhibition: ABCB1,d0052
D00822,D11835,P,172,Enzyme: CYP2D6 / CYP inhibition: CYP2C19,d0052
D00822,D11873,P,173,unclassified,d0052
D00822,D11887,P,174,unclassified,d0052
D00822,D11920,P,175,unclassified,d0052
D00822,D11954,P,176,CYP inhibition: CYP2C19,d0052
D00822,D11970,P,177,unclassified,d0052
D00822,D12049,P,178,unclassified,d0052
D00822,D12050,P,179,Enzyme: CYP3A4 / Transporter inhibition: ABCB1,d0052
D00822,D12055,P,180,unclassified,d0052
D00822,D12217,P,181,Enzyme: CYP3A4,d0052
D00822,D12245,P,182,Enzyme: CYP3A4,d0052
D00822,D12252,P,183,CYP induction: CYP3A4,d0052
D00822,D12265,P,184,CYP inhibition: CYP2C19,d0052
D00822,D12285,P,185,Enzyme: CYP3A4,d0052
D00822,D12364,P,186,unclassified,d0052
D00822,D12442,P,187,unclassified,d0052
D00822,D12444,P,188,Enzyme: CYP3A4,d0052
D00822,D12586,P,189,unclassified,d0052
D00822,D12837,P,190,unclassified,d0052
D00822,D12879,P,191,unclassified,d0052
D00823,D00076,P,1,unclassified,d0050
D00823,D00095,P,2,unclassified,d0050
D00823,D00109,P,3,unclassified,d0050
D00823,D00126,P,4,Enzyme: CYP2C9,d0050
D00823,D00132,P,5,unclassified,d0050
D00823,D00136,P,6,Enzyme: CYP2D6 / CYP inhibition: CYP2D6,d0050
D00823,D00228,P,7,Enzyme: CYP2D6 / Target: SLC6A4 / CYP inhibition: CYP2D6,d0050
D00823,D00252,P,8,unclassified,d0050
D00823,D00255,P,9,Enzyme: CYP2D6 CYP2C9 / CYP inhibition: CYP2D6,d0050
D00823,D00293,P,10,CYP inhibition: CYP2C19,d0050
D00823,D00295,P,11,CYP inhibition: CYP2D6,d0050
D00823,D00311,P,12,CYP inhibition: CYP3A,d0050
D00823,D00320,P,13,unclassified,d0050
D00823,D00348,P,14,CYP inhibition: CYP3A,d0050
D00823,D00415,P,15,unclassified,d0050
D00823,D00426,P,16,Enzyme: CYP2D6 / CYP inhibition: CYP2D6,d0050
D00823,D00435,P,17,Enzyme: CYP2D6 / CYP inhibition: CYP2D6,d0050
D00823,D00451,P,18,unclassified,d0050
D00823,D00512,P,19,Enzyme: CYP2C9,d0050
D00823,D00550,P,20,unclassified,d0050
D00823,D00563,P,21,Enzyme: CYP2D6 / CYP inhibition: CYP2D6,d0050
D00823,D00570,"CI,P",22,Transporter inhibition: ABCB1,d0050
D00823,D00601,P,23,Enzyme: CYP2D6 / CYP inhibition: CYP2D6,d0050
D00823,D00603,P,24,Enzyme: CYP2D6 / CYP inhibition: CYP2D6,d0050
D00823,D00605,P,25,unclassified,d0050
D00823,D00619,P,26,Transporter inhibition: ABCB1,d0050
D00823,D00661,P,27,Enzyme: CYP2D6 / CYP inhibition: CYP2D6,d0050
D00823,D00670,P,28,unclassified,d0050
D00823,D00674,P,29,Enzyme: CYP2C9 CYP2D6 / CYP inhibition: CYP2D6,d0050
D00823,D00675,P,30,unclassified,d0050
D00823,D00676,P,31,unclassified,d0050
D00823,D00677,P,32,unclassified,d0050
D00823,D00678,P,33,Enzyme: CYP2D6 / CYP inhibition: CYP2D6,d0050
D00823,D00754,P,34,unclassified,d0050
D00823,D00769,P,35,CYP inhibition: CYP2C19,d0050
D00823,D00785,CI,36,Enzyme: CYP2D6 / CYP inhibition: CYP2D6,d0050
D00823,D00801,P,37,unclassified,d0050
D00823,D00809,P,38,Enzyme: CYP2D6 / Target: SLC6A4 / CYP inhibition: CYP2C19 CYP2D6,d0050
D00823,D00811,P,39,Enzyme: CYP2D6 / Target: SLC6A4 / CYP inhibition: CYP2C19 CYP2D6,d0050
D00823,D00815,P,40,Enzyme: CYP2D6 / Target: SLC6A4 / CYP inhibition: CYP2C19 CYP2D6,d0050
D00823,D00818,P,41,Enzyme: CYP2D6 / CYP inhibition: CYP2D6,d0050
D00823,D00820,P,42,Enzyme: CYP2D6 / Target: SLC6A4 / CYP inhibition: CYP2D6,d0050
D00823,D00821,P,43,Enzyme: CYP2D6 / Target: SLC6A4 / CYP inhibition: CYP2D6,d0050
D00823,D00824,P,44,Enzyme: CYP2D6 / Target: SLC6A4 / CYP inhibition: CYP2D6,d0050
D00823,D00848,P,45,Enzyme: CYP2D6 / CYP inhibition: CYP2D6,d0050
D00823,D00904,P,46,Enzyme: CYP2C9,d0050
D00823,D00947,P,47,unclassified,d0050
D00823,D00966,P,48,Enzyme: CYP2D6 / CYP inhibition: CYP2D6,d0050
D00823,D00969,P,49,Enzyme: CYP2C9,d0050
D00823,D01028,P,50,CYP inhibition: CYP2D6,d0050
D00823,D01061,P,51,unclassified,d0050
D00823,D01164,P,52,Enzyme: CYP2D6 / CYP inhibition: CYP2D6,d0050
D00823,D01179,P,53,Target: SLC6A4 / CYP inhibition: CYP2D6,d0050
D00823,D01213,P,54,Transporter inhibition: ABCB1,d0050
D00823,D01253,P,55,CYP inhibition: CYP2C19,d0050
D00823,D01280,P,56,Enzyme: CYP2C9,d0050
D00823,D01296,P,57,unclassified,d0050
D00823,D01355,P,58,Enzyme: CYP2D6 / CYP inhibition: CYP2D6,d0050
D00823,D01383,P,59,unclassified,d0050
D00823,D01399,P,60,unclassified,d0050
D00823,D01896,P,61,CYP inhibition: CYP2C19,d0050
D00823,D01898,P,62,Enzyme: CYP2D6 / CYP inhibition: CYP2D6,d0050
D00823,D01973,P,63,unclassified,d0050
D00823,D01992,P,64,unclassified,d0050
D00823,D02008,CI,65,unclassified,d0050
D00823,D02102,P,66,Enzyme: CYP2C9 CYP2D6 / CYP inhibition: CYP2C19 CYP2D6 / Transporter inhibition: ABCB1,d0050
D00823,D02103,P,67,Enzyme: CYP2C9,d0050
D00823,D02106,P,68,unclassified,d0050
D00823,D02234,P,69,unclassified,d0050
D00823,D02235,P,70,unclassified,d0050
D00823,D02260,P,71,Enzyme: CYP2D6 / Target: SLC6A4 / CYP inhibition: CYP2D6,d0050
D00823,D02484,P,72,CYP inhibition: CYP3A,d0050
D00823,D02562,CI,73,unclassified,d0050
D00823,D02567,P,74,Enzyme: CYP2D6 / Target: SLC6A4 / CYP inhibition: CYP2C19 CYP2D6,d0050
D00823,D02574,P,75,Enzyme: CYP2D6 / CYP inhibition: CYP2D6,d0050
D00823,D02968,P,76,CYP induction: CYP2C9,d0050
D00823,D03855,P,77,unclassified,d0050
D00823,D03960,P,78,unclassified,d0050
D00823,D04024,P,79,Transporter inhibition: ABCB1,d0050
D00823,D04052,P,80,unclassified,d0050
D00823,D04148,P,81,Enzyme: CYP2D6 / Target: SLC6A4 / CYP inhibition: CYP2C19 CYP2D6,d0050
D00823,D04340,P,82,Enzyme: CYP2D6 / CYP inhibition: CYP2D6,d0050
D00823,D04641,P,83,unclassified,d0050
D00823,D04747,P,84,unclassified,d0050
D00823,D04768,"CI,P",85,CYP inhibition: CYP3A / Transporter inhibition: ABCB1,d0050
D00823,D05177,P,86,CYP inhibition: CYP2C9,d0050
D00823,D05928,P,87,CYP inhibition: CYP2C19 CYP2D6 CYP2C9,d0050
D00823,D06068,P,88,unclassified,d0050
D00823,D06199,P,89,unclassified,d0050
D00823,D06405,P,90,unclassified,d0050
D00823,D06412,P,91,Transporter inhibition: ABCB1,d0050
D00823,D06597,P,92,CYP induction: CYP2C9,d0050
D00823,D06637,P,93,CYP inhibition: CYP3A,d0050
D00823,D07082,"CI,P",94,Transporter inhibition: ABCB1,d0050
D00823,D07086,P,95,Transporter inhibition: ABCB1,d0050
D00823,D07505,P,96,unclassified,d0050
D00823,D07583,P,97,Enzyme: CYP2C9,d0050
D00823,D07869,P,98,unclassified,d0050
D00823,D08095,P,99,unclassified,d0050
D00823,D08493,P,100,Enzyme: CYP2C9 CYP2D6 / CYP inhibition: CYP2C19 CYP2D6,d0050
D00823,D08575,P,101,Enzyme: CYP2D6 / CYP inhibition: CYP2D6,d0050
D00823,D08923,P,102,Enzyme: CYP2D6 / CYP inhibition: CYP2D6,d0050
D00823,D08964,P,103,CYP inhibition: CYP3A,d0050
D00823,D09017,"CI,P",104,CYP inhibition: CYP3A / Transporter inhibition: ABCB1,d0050
D00823,D09319,P,105,Transporter inhibition: ABCB1,d0050
D00823,D09348,P,106,unclassified,d0050
D00823,D09365,"CI,P",107,CYP inhibition: CYP2C19,d0050
D00823,D09535,P,108,CYP inhibition: CYP2D6,d0050
D00823,D09546,P,109,Transporter inhibition: ABCB1,d0050
D00823,D09572,P,110,CYP inhibition: CYP3A / Transporter inhibition: ABCB1,d0050
D00823,D09638,"CI,P",111,unclassified,d0050
D00823,D09686,P,112,unclassified,d0050
D00823,D09701,P,113,unclassified,d0050
D00823,D09728,P,114,unclassified,d0050
D00823,D09730,P,115,CYP inhibition: CYP3A,d0050
D00823,D09731,P,116,unclassified,d0050
D00823,D09733,P,117,Transporter inhibition: ABCB1,d0050
D00823,D09815,P,118,unclassified,d0050
D00823,D09894,"CI,P",119,Enzyme: CYP2D6 / CYP inhibition: CYP2D6 / Transporter inhibition: ABCB1,d0050
D00823,D09920,P,120,CYP inhibition: CYP3A / Transporter inhibition: ABCB1,d0050
D00823,D09951,P,121,CYP inhibition: CYP3A,d0050
D00823,D09956,P,122,CYP inhibition: CYP3A,d0050
D00823,D09996,P,123,CYP inhibition: CYP2C9,d0050
D00823,D09999,P,124,Enzyme: CYP2D6 / CYP inhibition: CYP2D6,d0050
D00823,D10003,P,125,CYP induction: CYP2D6,d0050
D00823,D10014,P,126,unclassified,d0050
D00823,D10024,P,127,Enzyme: CYP2C9,d0050
D00823,D10082,P,128,CYP inhibition: CYP3A,d0050
D00823,D10095,P,129,unclassified,d0050
D00823,D10104,P,130,CYP induction: CYP2C9,d0050
D00823,D10185,P,131,Enzyme: CYP2C9 CYP2D6 / Target: SLC6A4 / CYP inhibition: CYP2C19 CYP2D6,d0050
D00823,D10191,CI,132,unclassified,d0050
D00823,D10218,P,133,unclassified,d0050
D00823,D10223,P,134,CYP inhibition: CYP3A,d0050
D00823,D10298,P,135,unclassified,d0050
D00823,D10309,P,136,Enzyme: CYP2D6 / CYP inhibition: CYP2D6,d0050
D00823,D10372,P,137,unclassified,d0050
D00823,D10396,P,138,Transporter inhibition: ABCB1,d0050
D00823,D10424,P,139,unclassified,d0050
D00823,D10450,P,140,unclassified,d0050
D00823,D10452,P,141,CYP inhibition: CYP3A,d0050
D00823,D10478,P,142,unclassified,d0050
D00823,D10505,P,143,Transporter inhibition: ABCB1,d0050
D00823,D10512,P,144,Enzyme: CYP2C9 CYP2D6 / CYP inhibition: CYP2D6,d0050
D00823,D10513,P,145,CYP inhibition: CYP2C19,d0050
D00823,D10516,P,146,Enzyme: CYP2D6 / CYP inhibition: CYP2D6,d0050
D00823,D10527,P,147,CYP inhibition: CYP2C19,d0050
D00823,D10537,P,148,CYP inhibition: CYP2C9,d0050
D00823,D10551,P,149,CYP inhibition: CYP3A CYP2C9,d0050
D00823,D10564,P,150,CYP inhibition: CYP3A,d0050
D00823,D10569,P,151,unclassified,d0050
D00823,D10633,P,152,unclassified,d0050
D00823,D10643,P,153,CYP inhibition: CYP3A,d0050
D00823,D10663,P,154,unclassified,d0050
D00823,D10679,"CI,P",155,unclassified,d0050
D00823,D10688,P,156,CYP inhibition: CYP3A,d0050
D00823,D10733,P,157,unclassified,d0050
D00823,D10761,P,158,CYP inhibition: CYP3A,d0050
D00823,D10780,P,159,CYP inhibition: CYP3A,d0050
D00823,D10793,P,160,unclassified,d0050
D00823,D10800,P,161,Transporter inhibition: ABCB1,d0050
D00823,D10801,P,162,CYP induction: CYP2C9,d0050
D00823,D10866,P,163,unclassified,d0050
D00823,D10891,P,164,unclassified,d0050
D00823,D10892,P,165,CYP inhibition: CYP3A,d0050
D00823,D10893,P,166,CYP inhibition: CYP3A,d0050
D00823,D10926,P,167,unclassified,d0050
D00823,D10927,P,168,Enzyme: CYP2C9 / Transporter inhibition: ABCB1,d0050
D00823,D10931,P,169,Enzyme: CYP2C9,d0050
D00823,D10993,P,170,unclassified,d0050
D00823,D10999,P,171,unclassified,d0050
D00823,D11012,P,172,CYP inhibition: CYP3A,d0050
D00823,D11022,P,173,unclassified,d0050
D00823,D11027,P,174,unclassified,d0050
D00823,D11040,P,175,unclassified,d0050
D00823,D11048,P,176,unclassified,d0050
D00823,D11053,P,177,unclassified,d0050
D00823,D11070,P,178,unclassified,d0050
D00823,D11090,P,179,unclassified,d0050
D00823,D11138,P,180,CYP inhibition: CYP3A,d0050
D00823,D11159,P,181,unclassified,d0050
D00823,D11296,P,182,CYP inhibition: CYP2C19,d0050
D00823,D11370,P,183,unclassified,d0050
D00823,D11371,P,184,CYP inhibition: CYP3A,d0050
D00823,D11400,P,185,Enzyme: CYP2C9 / CYP inhibition: CYP2C19,d0050
D00823,D11404,P,186,unclassified,d0050
D00823,D11417,P,187,unclassified,d0050
D00823,D11422,P,188,CYP inhibition: CYP3A,d0050
D00823,D11454,P,189,unclassified,d0050
D00823,D11485,P,190,Transporter inhibition: ABCB1,d0050
D00823,D11525,P,191,unclassified,d0050
D00823,D11659,P,192,unclassified,d0050
D00823,D11662,P,193,unclassified,d0050
D00823,D11674,P,194,CYP inhibition: CYP2D6 / Transporter inhibition: ABCB1,d0050
D00823,D11708,P,195,unclassified,d0050
D00823,D11713,P,196,unclassified,d0050
D00823,D11725,P,197,unclassified,d0050
D00823,D11793,P,198,unclassified,d0050
D00823,D11804,P,199,unclassified,d0050
D00823,D11814,P,200,unclassified,d0050
D00823,D11835,P,201,Enzyme: CYP2C9 CYP2D6 / CYP inhibition: CYP2C19 CYP2D6 CYP3A,d0050
D00823,D11861,P,202,unclassified,d0050
D00823,D11862,P,203,unclassified,d0050
D00823,D11873,P,204,CYP inhibition: CYP3A,d0050
D00823,D11887,P,205,CYP inhibition: CYP3A,d0050
D00823,D11954,P,206,CYP inhibition: CYP2C19,d0050
D00823,D12049,P,207,CYP inhibition: CYP3A CYP2C9,d0050
D00823,D12217,P,208,unclassified,d0050
D00823,D12245,P,209,unclassified,d0050
D00823,D12265,P,210,Enzyme: CYP2C9 / CYP inhibition: CYP2C19,d0050
D00823,D12285,P,211,unclassified,d0050
D00823,D12364,P,212,Enzyme: CYP2C9 / CYP inhibition: CYP3A,d0050
D00823,D12396,P,213,unclassified,d0050
D00823,D12442,P,214,unclassified,d0050
D00823,D12586,P,215,CYP inhibition: CYP3A,d0050
D00823,D12611,P,216,unclassified,d0050
D00823,D12704,P,217,CYP inhibition: CYP3A,d0050
D00823,D12837,P,218,CYP induction: CYP2C9,d0050
D00823,D12975,P,219,CYP inhibition: CYP3A,d0050
D00823,D13026,P,220,unclassified,d0050
D00824,cpd:C06807,P,1,unclassified,d0062
D00824,cpd:C06921,P,2,unclassified,d0062
D00824,cpd:C07480,P,3,unclassified,d0062
D00824,D00020,P,4,unclassified,d0062
D00824,D00058,P,5,unclassified,d0062
D00824,D00076,P,6,unclassified,d0062
D00824,D00095,P,7,unclassified,d0062
D00824,D00109,P,8,unclassified,d0062
D00824,D00118,P,9,unclassified,d0062
D00824,D00120,P,10,unclassified,d0062
D00824,D00126,P,11,unclassified,d0062
D00824,D00127,P,12,unclassified,d0062
D00824,D00130,P,13,unclassified,d0062
D00824,D00132,P,14,unclassified,d0062
D00824,D00136,P,15,Enzyme: CYP2D6 / CYP inhibition: CYP2D6 CYP3A4,d0062
D00824,D00141,P,16,unclassified,d0062
D00824,D00151,P,17,unclassified,d0062
D00824,D00158,P,18,unclassified,d0062
D00824,D00169,P,19,unclassified,d0062
D00824,D00184,P,20,CYP inhibition: CYP3A4,d0062
D00824,D00225,P,21,unclassified,d0062
D00824,D00227,P,22,CYP inhibition: CYP1A2,d0062
D00824,D00228,P,23,Enzyme: CYP2D6 / Target: SLC6A4 / CYP inhibition: CYP2D6,d0062
D00824,D00235,P,24,Enzyme: CYP2D6 / CYP inhibition: CYP2D6,d0062
D00824,D00246,P,25,CYP inhibition: CYP3A4,d0062
D00824,D00252,P,26,CYP inhibition: CYP3A4,d0062
D00824,D00255,P,27,Enzyme: CYP2D6 / CYP inhibition: CYP1A2 CYP2D6 CYP3A4,d0062
D00824,D00267,P,28,unclassified,d0062
D00824,D00270,P,29,Enzyme: CYP2D6 / CYP inhibition: CYP2D6,d0062
D00824,D00280,P,30,unclassified,d0062
D00824,D00283,P,31,CYP inhibition: CYP1A2 CYP3A4,d0062
D00824,D00293,P,32,CYP inhibition: CYP2C19 CYP3A4,d0062
D00824,D00295,P,33,CYP inhibition: CYP2D6,d0062
D00824,D00304,P,34,unclassified,d0062
D00824,D00311,P,35,unclassified,d0062
D00824,D00315,P,36,unclassified,d0062
D00824,D00320,P,37,CYP inhibition: CYP3A4,d0062
D00824,D00326,P,38,Enzyme: CYP2D6 / Target: SLC6A4 / CYP inhibition: CYP2D6,d0062
D00824,D00329,P,39,unclassified,d0062
D00824,D00330,P,40,unclassified,d0062
D00824,D00338,P,41,unclassified,d0062
D00824,D00346,CI,42,unclassified,d0062
D00824,D00348,P,43,unclassified,d0062
D00824,D00354,P,44,unclassified,d0062
D00824,D00365,P,45,unclassified,d0062
D00824,D00370,P,46,unclassified,d0062
D00824,D00371,P,47,CYP inhibition: CYP1A2,d0062
D00824,D00373,P,48,unclassified,d0062
D00824,D00375,P,49,CYP inhibition: CYP2C19,d0062
D00824,D00377,P,50,unclassified,d0062
D00824,D00378,P,51,Enzyme: CYP2D6 / CYP inhibition: CYP2D6,d0062
D00824,D00387,P,52,CYP inhibition: CYP3A4,d0062
D00824,D00390,P,53,unclassified,d0062
D00824,D00392,P,54,unclassified,d0062
D00824,D00394,P,55,Target: SLC6A4,d0062
D00824,D00399,P,56,unclassified,d0062
D00824,D00403,P,57,unclassified,d0062
D00824,D00404,P,58,unclassified,d0062
D00824,D00415,P,59,CYP inhibition: CYP1A2,d0062
D00824,D00425,P,60,unclassified,d0062
D00824,D00426,P,61,Enzyme: CYP2D6 / CYP inhibition: CYP2D6 CYP3A4,d0062
D00824,D00428,P,62,unclassified,d0062
D00824,D00432,P,63,unclassified,d0062
D00824,D00435,P,64,Enzyme: CYP2D6 / CYP inhibition: CYP2D6 CYP3A4,d0062
D00824,D00448,P,65,unclassified,d0062
D00824,D00451,P,66,unclassified,d0062
D00824,D00452,P,67,unclassified,d0062
D00824,D00454,P,68,CYP inhibition: CYP1A2,d0062
D00824,D00457,P,69,CYP inhibition: CYP3A4,d0062
D00824,D00458,P,70,CYP inhibition: CYP3A4,d0062
D00824,D00463,P,71,unclassified,d0062
D00824,D00464,P,72,unclassified,d0062
D00824,D00470,P,73,unclassified,d0062
D00824,D00472,P,74,unclassified,d0062
D00824,D00474,P,75,unclassified,d0062
D00824,D00479,P,76,unclassified,d0062
D00824,D00483,P,77,Enzyme: CYP2D6 / CYP inhibition: CYP1A2 CYP2C19 CYP2D6,d0062
D00824,D00484,P,78,Target: SLC6A4,d0062
D00824,D00493,P,79,unclassified,d0062
D00824,D00495,P,80,unclassified,d0062
D00824,D00503,P,81,Enzyme: CYP2D6 / CYP inhibition: CYP2D6,d0062
D00824,D00504,P,82,unclassified,d0062
D00824,D00505,CI,83,unclassified,d0062
D00824,D00506,P,84,unclassified,d0062
D00824,D00508,P,85,unclassified,d0062
D00824,D00510,P,86,unclassified,d0062
D00824,D00512,P,87,unclassified,d0062
D00824,D00513,P,88,Enzyme: CYP2D6 / CYP inhibition: CYP2D6,d0062
D00824,D00531,P,89,unclassified,d0062
D00824,D00533,P,90,unclassified,d0062
D00824,D00535,P,91,unclassified,d0062
D00824,D00536,P,92,unclassified,d0062
D00824,D00537,P,93,CYP inhibition: CYP3A4,d0062
D00824,D00538,P,94,unclassified,d0062
D00824,D00539,P,95,CYP inhibition: CYP3A4,d0062
D00824,D00550,P,96,CYP inhibition: CYP3A4,d0062
D00824,D00556,P,97,unclassified,d0062
D00824,D00560,CI,98,CYP inhibition: CYP3A4,d0062
D00824,D00563,P,99,Enzyme: CYP2D6 / CYP inhibition: CYP1A2 CYP2D6 CYP3A4,d0062
D00824,D00564,P,100,unclassified,d0062
D00824,D00566,P,101,unclassified,d0062
D00824,D00567,P,102,CYP inhibition: CYP2D6,d0062
D00824,D00568,P,103,unclassified,d0062
D00824,D00570,"CI,P",104,CYP inhibition: CYP3A4,d0062
D00824,D00597,P,105,unclassified,d0062
D00824,D00598,P,106,unclassified,d0062
D00824,D00599,P,107,Enzyme: CYP2D6 / CYP inhibition: CYP2D6,d0062
D00824,D00601,P,108,Enzyme: CYP2D6 / CYP inhibition: CYP2D6,d0062
D00824,D00602,P,109,unclassified,d0062
D00824,D00603,P,110,Enzyme: CYP2D6 / CYP inhibition: CYP2D6,d0062
D00824,D00605,P,111,unclassified,d0062
D00824,D00606,P,112,CYP inhibition: CYP3A4,d0062
D00824,D00615,P,113,CYP inhibition: CYP3A4,d0062
D00824,D00619,P,114,CYP inhibition: CYP3A4,d0062
D00824,D00634,P,115,unclassified,d0062
D00824,D00635,P,116,Enzyme: CYP2D6 / CYP inhibition: CYP2D6,d0062
D00824,D00639,P,117,Enzyme: CYP2D6 / CYP inhibition: CYP1A2 CYP2D6,d0062
D00824,D00644,P,118,unclassified,d0062
D00824,D00661,P,119,Enzyme: CYP2D6 / CYP inhibition: CYP2D6 CYP3A4,d0062
D00824,D00670,P,120,CYP inhibition: CYP3A4,d0062
D00824,D00674,P,121,Enzyme: CYP2D6 / CYP inhibition: CYP1A2 CYP2D6 CYP3A4,d0062
D00824,D00675,P,122,unclassified,d0062
D00824,D00676,P,123,unclassified,d0062
D00824,D00677,P,124,CYP inhibition: CYP3A4,d0062
D00824,D00678,P,125,Enzyme: CYP2D6 / CYP inhibition: CYP1A2 CYP2D6 CYP3A4,d0062
D00824,D00687,P,126,CYP inhibition: CYP3A4,d0062
D00824,D00691,P,127,unclassified,d0062
D00824,D00693,P,128,unclassified,d0062
D00824,D00694,P,129,unclassified,d0062
D00824,D00695,P,130,unclassified,d0062
D00824,D00696,P,131,CYP inhibition: CYP3A4,d0062
D00824,D00700,P,132,CYP inhibition: CYP2C19,d0062
D00824,D00701,P,133,unclassified,d0062
D00824,D00706,P,134,CYP inhibition: CYP1A2 CYP3A4,d0062
D00824,D00708,P,135,unclassified,d0062
D00824,D00709,P,136,unclassified,d0062
D00824,D00710,P,137,unclassified,d0062
D00824,D00722,P,138,CYP inhibition: CYP3A4,d0062
D00824,D00727,P,139,unclassified,d0062
D00824,D00754,P,140,unclassified,d0062
D00824,D00769,P,141,CYP inhibition: CYP1A2 CYP2C19,d0062
D00824,D00775,P,142,CYP inhibition: CYP1A2,d0062
D00824,D00776,CI,143,CYP inhibition: CYP1A2,d0062
D00824,D00784,P,144,CYP inhibition: CYP1A2,d0062
D00824,D00785,CI,145,Enzyme: CYP2D6 / CYP inhibition: CYP2D6 CYP3A4,d0062
D00824,D00788,P,146,unclassified,d0062
D00824,D00789,P,147,Enzyme: CYP2D6 / CYP inhibition: CYP2D6,d0062
D00824,D00791,P,148,Enzyme: CYP2D6 / CYP inhibition: CYP2D6,d0062
D00824,D00792,P,149,Enzyme: CYP2D6 / CYP inhibition: CYP2D6,d0062
D00824,D00793,P,150,Enzyme: CYP2D6 / CYP inhibition: CYP2D6,d0062
D00824,D00795,P,151,unclassified,d0062
D00824,D00797,P,152,unclassified,d0062
D00824,D00798,P,153,unclassified,d0062
D00824,D00799,P,154,unclassified,d0062
D00824,D00800,P,155,unclassified,d0062
D00824,D00801,P,156,unclassified,d0062
D00824,D00809,P,157,Enzyme: CYP2D6 / Target: SLC6A4 / CYP inhibition: CYP2C19 CYP2D6 CYP3A4,d0062
D00824,D00810,P,158,unclassified,d0062
D00824,D00811,P,159,Enzyme: CYP2D6 / Target: SLC6A4 / CYP inhibition: CYP2C19 CYP2D6 CYP3A4,d0062
D00824,D00812,P,160,Target: SLC6A4,d0062
D00824,D00813,P,161,unclassified,d0062
D00824,D00814,P,162,Enzyme: CYP2D6 / Target: SLC6A4 / CYP inhibition: CYP2C19 CYP2D6,d0062
D00824,D00815,P,163,Enzyme: CYP2D6 / Target: SLC6A4 / CYP inhibition: CYP2C19 CYP2D6 CYP3A4,d0062
D00824,D00816,P,164,Enzyme: CYP2D6 / Target: SLC6A4 / CYP inhibition: CYP2D6,d0062
D00824,D00818,P,165,Enzyme: CYP2D6 / CYP inhibition: CYP2D6,d0062
D00824,D00820,P,166,Enzyme: CYP2D6 / Target: SLC6A4 / CYP inhibition: CYP2D6 CYP3A4,d0062
D00824,D00821,P,167,Enzyme: CYP2D6 / Target: SLC6A4 / CYP inhibition: CYP2D6,d0062
D00824,D00822,P,168,Enzyme: CYP2D6 / Target: SLC6A4 / CYP inhibition: CYP2D6 CYP3A4,d0062
D00824,D00823,P,169,Enzyme: CYP2D6 / Target: SLC6A4 / CYP inhibition: CYP2D6,d0062
D00824,D00824,P,170,Enzyme: CYP2D6 / Target: SLC6A4 / CYP inhibition: CYP2D6,d0062
D00824,D00825,P,171,Target: SLC6A4 / CYP inhibition: CYP2C19 CYP3A4,d0062
D00824,D00826,CI,172,unclassified,d0062
D00824,D00827,P,173,unclassified,d0062
D00824,D00831,P,174,unclassified,d0062
D00824,D00836,P,175,CYP inhibition: CYP3A4,d0062
D00824,D00848,P,176,Enzyme: CYP2D6 / CYP inhibition: CYP2D6,d0062
D00824,D00903,P,177,unclassified,d0062
D00824,D00904,P,178,unclassified,d0062
D00824,D00947,P,179,unclassified,d0062
D00824,D00964,P,180,CYP inhibition: CYP3A4,d0062
D00824,D00966,P,181,Enzyme: CYP2D6 / CYP inhibition: CYP2D6 CYP3A4,d0062
D00824,D00968,P,182,unclassified,d0062
D00824,D00969,P,183,unclassified,d0062
D00824,D00970,P,184,unclassified,d0062
D00824,D00971,P,185,unclassified,d0062
D00824,D01025,P,186,unclassified,d0062
D00824,D01026,P,187,unclassified,d0062
D00824,D01028,P,188,CYP inhibition: CYP2D6,d0062
D00824,D01037,P,189,unclassified,d0062
D00824,D01049,P,190,unclassified,d0062
D00824,D01061,P,191,unclassified,d0062
D00824,D01087,P,192,unclassified,d0062
D00824,D01097,CI,193,unclassified,d0062
D00824,D01110,P,194,unclassified,d0062
D00824,D01115,P,195,CYP inhibition: CYP3A4,d0062
D00824,D01122,P,196,unclassified,d0062
D00824,D01130,P,197,unclassified,d0062
D00824,D01164,P,198,Enzyme: CYP2D6 / CYP inhibition: CYP2D6 CYP3A4,d0062
D00824,D01176,"CI,P",199,CYP inhibition: CYP3A4,d0062
D00824,D01179,P,200,Target: SLC6A4 / CYP inhibition: CYP1A2 CYP2D6,d0062
D00824,D01182,P,201,Enzyme: CYP2D6 / CYP inhibition: CYP2D6,d0062
D00824,D01183,P,202,unclassified,d0062
D00824,D01185,P,203,unclassified,d0062
D00824,D01189,P,204,unclassified,d0062
D00824,D01190,P,205,unclassified,d0062
D00824,D01213,P,206,CYP inhibition: CYP3A4,d0062
D00824,D01230,P,207,unclassified,d0062
D00824,D01239,P,208,unclassified,d0062
D00824,D01245,P,209,unclassified,d0062
D00824,D01252,P,210,unclassified,d0062
D00824,D01253,P,211,CYP inhibition: CYP2C19 CYP3A4,d0062
D00824,D01254,P,212,unclassified,d0062
D00824,D01267,P,213,unclassified,d0062
D00824,D01268,P,214,unclassified,d0062
D00824,D01271,P,215,unclassified,d0062
D00824,D01278,P,216,unclassified,d0062
D00824,D01279,P,217,unclassified,d0062
D00824,D01280,P,218,unclassified,d0062
D00824,D01285,P,219,Target: SLC6A4,d0062
D00824,D01286,P,220,unclassified,d0062
D00824,D01287,P,221,CYP inhibition: CYP1A2 CYP3A4,d0062
D00824,D01289,P,222,unclassified,d0062
D00824,D01292,P,223,unclassified,d0062
D00824,D01293,P,224,CYP inhibition: CYP3A4,d0062
D00824,D01296,P,225,unclassified,d0062
D00824,D01305,P,226,unclassified,d0062
D00824,D01314,P,227,unclassified,d0062
D00824,D01316,P,228,CYP inhibition: CYP3A4,d0062
D00824,D01325,P,229,unclassified,d0062
D00824,D01328,P,230,unclassified,d0062
D00824,D01330,P,231,unclassified,d0062
D00824,D01341,P,232,unclassified,d0062
D00824,D01344,P,233,unclassified,d0062
D00824,D01353,P,234,unclassified,d0062
D00824,D01354,P,235,unclassified,d0062
D00824,D01355,P,236,Enzyme: CYP2D6 / CYP inhibition: CYP2D6 CYP3A4,d0062
D00824,D01372,P,237,CYP inhibition: CYP3A4,d0062
D00824,D01380,P,238,unclassified,d0062
D00824,D01382,P,239,unclassified,d0062
D00824,D01383,P,240,unclassified,d0062
D00824,D01394,P,241,unclassified,d0062
D00824,D01397,P,242,unclassified,d0062
D00824,D01399,P,243,CYP inhibition: CYP3A4,d0062
D00824,D01408,P,244,unclassified,d0062
D00824,D01410,P,245,unclassified,d0062
D00824,D01412,P,246,unclassified,d0062
D00824,D01418,P,247,CYP inhibition: CYP3A4,d0062
D00824,D01437,P,248,unclassified,d0062
D00824,D01447,P,249,unclassified,d0062
D00824,D01448,P,250,unclassified,d0062
D00824,D01454,P,251,unclassified,d0062
D00824,D01466,P,252,unclassified,d0062
D00824,D01471,P,253,unclassified,d0062
D00824,D01475,P,254,unclassified,d0062
D00824,D01477,P,255,unclassified,d0062
D00824,D01485,P,256,unclassified,d0062
D00824,D01492,P,257,unclassified,d0062
D00824,D01501,CI,258,unclassified,d0062
D00824,D01504,P,259,unclassified,d0062
D00824,D01512,P,260,unclassified,d0062
D00824,D01513,P,261,unclassified,d0062
D00824,D01514,P,262,CYP inhibition: CYP3A4,d0062
D00824,D01520,P,263,unclassified,d0062
D00824,D01545,P,264,unclassified,d0062
D00824,D01546,P,265,Enzyme: CYP2D6 / Target: SLC6A4 / CYP inhibition: CYP2D6,d0062
D00824,D01547,P,266,unclassified,d0062
D00824,D01557,P,267,unclassified,d0062
D00824,D01564,P,268,CYP inhibition: CYP3A4,d0062
D00824,D01565,P,269,unclassified,d0062
D00824,D01567,P,270,unclassified,d0062
D00824,D01578,P,271,unclassified,d0062
D00824,D01581,P,272,unclassified,d0062
D00824,D01582,P,273,unclassified,d0062
D00824,D01583,P,274,Enzyme: CYP2D6 / CYP inhibition: CYP1A2 CYP2C19 CYP2D6,d0062
D00824,D01593,P,275,unclassified,d0062
D00824,D01594,P,276,unclassified,d0062
D00824,D01657,P,277,unclassified,d0062
D00824,D01661,P,278,unclassified,d0062
D00824,D01675,P,279,unclassified,d0062
D00824,D01703,P,280,CYP inhibition: CYP3A4,d0062
D00824,D01706,P,281,unclassified,d0062
D00824,D01708,P,282,CYP inhibition: CYP3A4,d0062
D00824,D01709,P,283,unclassified,d0062
D00824,D01712,P,284,CYP inhibition: CYP1A2,d0062
D00824,D01718,P,285,unclassified,d0062
D00824,D01741,P,286,unclassified,d0062
D00824,D01744,P,287,CYP inhibition: CYP3A4,d0062
D00824,D01745,P,288,CYP inhibition: CYP3A4,d0062
D00824,D01758,P,289,unclassified,d0062
D00824,D01762,P,290,unclassified,d0062
D00824,D01765,P,291,unclassified,d0062
D00824,D01767,P,292,unclassified,d0062
D00824,D01771,P,293,unclassified,d0062
D00824,D01776,P,294,unclassified,d0062
D00824,D01787,P,295,unclassified,d0062
D00824,D01788,P,296,unclassified,d0062
D00824,D01794,P,297,Enzyme: CYP2D6 / CYP inhibition: CYP2D6,d0062
D00824,D01795,P,298,unclassified,d0062
D00824,D01806,P,299,unclassified,d0062
D00824,D01811,P,300,unclassified,d0062
D00824,D01823,P,301,unclassified,d0062
D00824,D01841,P,302,unclassified,d0062
D00824,D01847,P,303,unclassified,d0062
D00824,D01851,P,304,unclassified,d0062
D00824,D01860,P,305,unclassified,d0062
D00824,D01865,P,306,unclassified,d0062
D00824,D01866,P,307,unclassified,d0062
D00824,D01874,P,308,unclassified,d0062
D00824,D01888,CI,309,unclassified,d0062
D00824,D01896,P,310,CYP inhibition: CYP2C19 CYP3A4,d0062
D00824,D01898,P,311,Enzyme: CYP2D6 / CYP inhibition: CYP2D6 CYP3A4,d0062
D00824,D01958,P,312,unclassified,d0062
D00824,D01963,P,313,unclassified,d0062
D00824,D01973,P,314,CYP inhibition: CYP3A4,d0062
D00824,D01974,P,315,unclassified,d0062
D00824,D01975,P,316,unclassified,d0062
D00824,D01977,P,317,unclassified,d0062
D00824,D01992,P,318,unclassified,d0062
D00824,D02002,CI,319,unclassified,d0062
D00824,D02008,"CI,P",320,CYP inhibition: CYP3A4,d0062
D00824,D02016,P,321,Enzyme: CYP2D6 / CYP inhibition: CYP1A2 CYP2D6,d0062
D00824,D02017,P,322,CYP inhibition: CYP1A2,d0062
D00824,D02022,P,323,unclassified,d0062
D00824,D02037,P,324,Enzyme: CYP2D6 / CYP inhibition: CYP2D6,d0062
D00824,D02075,P,325,unclassified,d0062
D00824,D02081,P,326,unclassified,d0062
D00824,D02096,P,327,unclassified,d0062
D00824,D02097,P,328,unclassified,d0062
D00824,D02102,P,329,Enzyme: CYP2D6 / CYP inhibition: CYP2C19 CYP2D6 CYP3A4,d0062
D00824,D02103,P,330,unclassified,d0062
D00824,D02106,P,331,unclassified,d0062
D00824,D02110,P,332,unclassified,d0062
D00824,D02163,P,333,Enzyme: CYP2D6 / CYP inhibition: CYP2D6,d0062
D00824,D02173,P,334,Enzyme: CYP2D6 / CYP inhibition: CYP2D6 CYP3A4,d0062
D00824,D02229,P,335,CYP inhibition: CYP3A4,d0062
D00824,D02234,P,336,unclassified,d0062
D00824,D02235,P,337,unclassified,d0062
D00824,D02248,P,338,unclassified,d0062
D00824,D02260,P,339,Enzyme: CYP2D6 / Target: SLC6A4 / CYP inhibition: CYP2D6,d0062
D00824,D02264,P,340,unclassified,d0062
D00824,D02290,P,341,unclassified,d0062
D00824,D02338,P,342,unclassified,d0062
D00824,D02341,P,343,unclassified,d0062
D00824,D02342,P,344,unclassified,d0062
D00824,D02350,P,345,unclassified,d0062
D00824,D02354,P,346,unclassified,d0062
D00824,D02355,P,347,unclassified,d0062
D00824,D02358,P,348,Enzyme: CYP2D6 / CYP inhibition: CYP2D6,d0062
D00824,D02360,P,349,Target: SLC6A4 / CYP inhibition: CYP2C19 CYP3A4,d0062
D00824,D02362,P,350,Enzyme: CYP2D6 / Target: SLC6A4 / CYP inhibition: CYP2D6,d0062
D00824,D02372,P,351,unclassified,d0062
D00824,D02374,P,352,unclassified,d0062
D00824,D02389,P,353,unclassified,d0062
D00824,D02408,P,354,Target: SLC6A4,d0062
D00824,D02484,P,355,unclassified,d0062
D00824,D02559,CI,356,unclassified,d0062
D00824,D02560,CI,357,unclassified,d0062
D00824,D02561,CI,358,CYP inhibition: CYP2C19 CYP2D6,d0062
D00824,D02562,"CI,P",359,CYP inhibition: CYP1A2,d0062
D00824,D02563,CI,360,unclassified,d0062
D00824,D02564,CI,361,unclassified,d0062
D00824,D02565,P,362,unclassified,d0062
D00824,D02567,P,363,Enzyme: CYP2D6 / Target: SLC6A4 / CYP inhibition: CYP2C19 CYP2D6 CYP3A4,d0062
D00824,D02574,P,364,Enzyme: CYP2D6 / CYP inhibition: CYP2D6,d0062
D00824,D02579,CI,365,unclassified,d0062
D00824,D02580,CI,366,unclassified,d0062
D00824,D02581,CI,367,unclassified,d0062
D00824,D02600,P,368,unclassified,d0062
D00824,D02604,P,369,unclassified,d0062
D00824,D02605,P,370,unclassified,d0062
D00824,D02607,P,371,unclassified,d0062
D00824,D02608,P,372,unclassified,d0062
D00824,D02609,P,373,unclassified,d0062
D00824,D02610,P,374,unclassified,d0062
D00824,D02624,P,375,CYP inhibition: CYP3A4,d0062
D00824,D02642,P,376,unclassified,d0062
D00824,D02643,P,377,unclassified,d0062
D00824,D02644,P,378,unclassified,d0062
D00824,D02653,P,379,unclassified,d0062
D00824,D02666,P,380,Enzyme: CYP2D6 / CYP inhibition: CYP2D6 CYP3A4,d0062
D00824,D02671,P,381,unclassified,d0062
D00824,D02679,P,382,unclassified,d0062
D00824,D02680,P,383,unclassified,d0062
D00824,D02689,"CI,P",384,CYP inhibition: CYP1A2,d0062
D00824,D02704,P,385,unclassified,d0062
D00824,D02706,P,386,unclassified,d0062
D00824,D02709,P,387,unclassified,d0062
D00824,D02715,P,388,unclassified,d0062
D00824,D02732,P,389,CYP inhibition: CYP3A4,d0062
D00824,D02765,P,390,unclassified,d0062
D00824,D02766,P,391,unclassified,d0062
D00824,D02770,P,392,unclassified,d0062
D00824,D02771,P,393,unclassified,d0062
D00824,D02787,P,394,Target: SLC6A4,d0062
D00824,D02824,P,395,Enzyme: CYP2D6 / CYP inhibition: CYP2D6 CYP3A4,d0062
D00824,D02825,P,396,Enzyme: CYP2D6 / CYP inhibition: CYP2D6 CYP3A4,d0062
D00824,D02834,P,397,unclassified,d0062
D00824,D02884,P,398,unclassified,d0062
D00824,D02944,P,399,unclassified,d0062
D00824,D02968,P,400,CYP inhibition: CYP3A4,d0062
D00824,D02985,P,401,unclassified,d0062
D00824,D02995,P,402,CYP inhibition: CYP1A2 CYP2D6,d0062
D00824,D03014,P,403,unclassified,d0062
D00824,D03038,P,404,unclassified,d0062
D00824,D03051,P,405,unclassified,d0062
D00824,D03080,P,406,unclassified,d0062
D00824,D03083,P,407,unclassified,d0062
D00824,D03150,P,408,unclassified,d0062
D00824,D03163,P,409,unclassified,d0062
D00824,D03164,P,410,unclassified,d0062
D00824,D03170,P,411,unclassified,d0062
D00824,D03177,P,412,unclassified,d0062
D00824,D03198,P,413,unclassified,d0062
D00824,D03199,P,414,unclassified,d0062
D00824,D03218,P,415,CYP inhibition: CYP3A4,d0062
D00824,D03239,CI,416,unclassified,d0062
D00824,D03248,CI,417,unclassified,d0062
D00824,D03254,P,418,unclassified,d0062
D00824,D03260,"CI,P",419,CYP inhibition: CYP3A4,d0062
D00824,D03274,P,420,Enzyme: CYP2D6 / CYP inhibition: CYP2D6,d0062
D00824,D03385,P,421,unclassified,d0062
D00824,D03409,CI,422,unclassified,d0062
D00824,D03410,P,423,unclassified,d0062
D00824,D03449,P,424,unclassified,d0062
D00824,D03489,P,425,unclassified,d0062
D00824,D03490,P,426,unclassified,d0062
D00824,D03491,P,427,Target: SLC6A4,d0062
D00824,D03540,P,428,unclassified,d0062
D00824,D03560,P,429,unclassified,d0062
D00824,D03562,P,430,unclassified,d0062
D00824,D03631,P,431,unclassified,d0062
D00824,D03649,P,432,Target: SLC6A4,d0062
D00824,D03652,P,433,unclassified,d0062
D00824,D03658,P,434,CYP inhibition: CYP3A4,d0062
D00824,D03689,P,435,unclassified,d0062
D00824,D03710,P,436,unclassified,d0062
D00824,D03712,P,437,unclassified,d0062
D00824,D03714,P,438,unclassified,d0062
D00824,D03715,P,439,unclassified,d0062
D00824,D03716,P,440,unclassified,d0062
D00824,D03717,P,441,unclassified,d0062
D00824,D03718,P,442,unclassified,d0062
D00824,D03727,P,443,unclassified,d0062
D00824,D03729,P,444,unclassified,d0062
D00824,D03731,CI,445,Enzyme: CYP2D6 / CYP inhibition: CYP2D6 CYP3A4,d0062
D00824,D03733,CI,446,unclassified,d0062
D00824,D03737,P,447,unclassified,d0062
D00824,D03759,P,448,unclassified,d0062
D00824,D03798,P,449,unclassified,d0062
D00824,D03799,P,450,CYP inhibition: CYP3A4,d0062
D00824,D03820,P,451,CYP inhibition: CYP3A4,d0062
D00824,D03844,P,452,CYP inhibition: CYP2C19,d0062
D00824,D03855,P,453,unclassified,d0062
D00824,D03898,P,454,unclassified,d0062
D00824,D03960,P,455,unclassified,d0062
D00824,D04003,P,456,unclassified,d0062
D00824,D04006,P,457,unclassified,d0062
D00824,D04023,P,458,CYP inhibition: CYP1A2 CYP3A4,d0062
D00824,D04024,P,459,CYP inhibition: CYP3A4,d0062
D00824,D04034,P,460,Enzyme: CYP2D6 / CYP inhibition: CYP2D6,d0062
D00824,D04038,P,461,Enzyme: CYP2D6 / CYP inhibition: CYP2D6,d0062
D00824,D04048,P,462,CYP inhibition: CYP1A2 CYP3A4,d0062
D00824,D04052,P,463,CYP inhibition: CYP1A2 CYP3A4,d0062
D00824,D04092,CI,464,unclassified,d0062
D00824,D04102,P,465,unclassified,d0062
D00824,D04105,P,466,unclassified,d0062
D00824,D04142,P,467,unclassified,d0062
D00824,D04144,P,468,unclassified,d0062
D00824,D04145,P,469,unclassified,d0062
D00824,D04148,P,470,Enzyme: CYP2D6 / Target: SLC6A4 / CYP inhibition: CYP1A2 CYP2C19 CYP2D6 CYP3A4,d0062
D00824,D04190,P,471,unclassified,d0062
D00824,D04206,P,472,unclassified,d0062
D00824,D04248,P,473,unclassified,d0062
D00824,D04264,P,474,unclassified,d0062
D00824,D04273,P,475,unclassified,d0062
D00824,D04277,P,476,unclassified,d0062
D00824,D04300,P,477,Enzyme: CYP2D6 / CYP inhibition: CYP2C19 CYP2D6 CYP3A4,d0062
D00824,D04340,P,478,Enzyme: CYP2D6 / CYP inhibition: CYP2D6 CYP3A4,d0062
D00824,D04490,P,479,unclassified,d0062
D00824,D04530,P,480,unclassified,d0062
D00824,D04556,P,481,unclassified,d0062
D00824,D04605,P,482,unclassified,d0062
D00824,D04638,P,483,unclassified,d0062
D00824,D04639,P,484,unclassified,d0062
D00824,D04641,P,485,CYP inhibition: CYP3A4,d0062
D00824,D04650,P,486,unclassified,d0062
D00824,D04652,P,487,unclassified,d0062
D00824,D04681,CI,488,unclassified,d0062
D00824,D04710,P,489,unclassified,d0062
D00824,D04721,P,490,unclassified,d0062
D00824,D04747,P,491,unclassified,d0062
D00824,D04768,"CI,P",492,unclassified,d0062
D00824,D04820,"CI,P",493,CYP inhibition: CYP3A4,d0062
D00824,D04863,P,494,unclassified,d0062
D00824,D04882,P,495,unclassified,d0062
D00824,D04888,P,496,unclassified,d0062
D00824,D04889,P,497,unclassified,d0062
D00824,D04965,P,498,Enzyme: CYP2D6 / CYP inhibition: CYP2D6,d0062
D00824,D05011,P,499,Enzyme: CYP2D6 / CYP inhibition: CYP2D6,d0062
D00824,D05028,P,500,CYP inhibition: CYP3A4,d0062
D00824,D05033,CI,501,unclassified,d0062
D00824,D05039,CI,502,Enzyme: CYP2D6 / CYP inhibition: CYP2D6,d0062
D00824,D05040,CI,503,Enzyme: CYP2D6 / CYP inhibition: CYP2D6,d0062
D00824,D05121,P,504,unclassified,d0062
D00824,D05127,P,505,Enzyme: CYP2D6 / CYP inhibition: CYP2D6,d0062
D00824,D05143,P,506,unclassified,d0062
D00824,D05181,P,507,unclassified,d0062
D00824,D05231,P,508,unclassified,d0062
D00824,D05319,P,509,unclassified,d0062
D00824,D05339,P,510,unclassified,d0062
D00824,D05340,P,511,unclassified,d0062
D00824,D05345,P,512,unclassified,d0062
D00824,D05374,P,513,Enzyme: CYP2D6 / Target: SLC6A4 / CYP inhibition: CYP2D6,d0062
D00824,D05375,P,514,Enzyme: CYP2D6 / Target: SLC6A4 / CYP inhibition: CYP2D6,d0062
D00824,D05380,P,515,unclassified,d0062
D00824,D05404,P,516,unclassified,d0062
D00824,D05429,P,517,CYP inhibition: CYP1A2,d0062
D00824,D05451,P,518,unclassified,d0062
D00824,D05457,P,519,unclassified,d0062
D00824,D05462,P,520,CYP inhibition: CYP3A4,d0062
D00824,D05491,P,521,Target: SLC6A4,d0062
D00824,D05511,P,522,unclassified,d0062
D00824,D05512,P,523,unclassified,d0062
D00824,D05513,P,524,unclassified,d0062
D00824,D05515,P,525,unclassified,d0062
D00824,D05587,P,526,unclassified,d0062
D00824,D05598,P,527,unclassified,d0062
D00824,D05619,P,528,unclassified,d0062
D00824,D05621,P,529,unclassified,d0062
D00824,D05710,P,530,unclassified,d0062
D00824,D05740,P,531,unclassified,d0062
D00824,D05775,P,532,unclassified,d0062
D00824,D05788,P,533,unclassified,d0062
D00824,D05789,P,534,unclassified,d0062
D00824,D05791,P,535,unclassified,d0062
D00824,D05793,P,536,unclassified,d0062
D00824,D05830,P,537,unclassified,d0062
D00824,D05928,P,538,CYP inhibition: CYP1A2 CYP2C19 CYP3A4 CYP2D6,d0062
D00824,D05937,P,539,unclassified,d0062
D00824,D05942,P,540,unclassified,d0062
D00824,D05995,P,541,unclassified,d0062
D00824,D05998,P,542,unclassified,d0062
D00824,D06012,P,543,unclassified,d0062
D00824,D06068,P,544,CYP inhibition: CYP3A4,d0062
D00824,D06082,P,545,unclassified,d0062
D00824,D06103,P,546,CYP inhibition: CYP1A2,d0062
D00824,D06104,P,547,CYP inhibition: CYP1A2,d0062
D00824,D06143,P,548,unclassified,d0062
D00824,D06156,P,549,unclassified,d0062
D00824,D06199,P,550,CYP inhibition: CYP3A4,d0062
D00824,D06231,P,551,unclassified,d0062
D00824,D06273,P,552,CYP inhibition: CYP3A4,d0062
D00824,D06291,P,553,unclassified,d0062
D00824,D06315,P,554,CYP inhibition: CYP3A4,d0062
D00824,D06364,P,555,unclassified,d0062
D00824,D06367,P,556,unclassified,d0062
D00824,D06382,P,557,unclassified,d0062
D00824,D06402,P,558,CYP inhibition: CYP3A4,d0062
D00824,D06405,P,559,CYP inhibition: CYP3A4,d0062
D00824,D06413,P,560,CYP inhibition: CYP3A4,d0062
D00824,D06414,P,561,CYP inhibition: CYP3A4,d0062
D00824,D06573,P,562,unclassified,d0062
D00824,D06597,P,563,CYP inhibition: CYP3A4,d0062
D00824,D06606,P,564,unclassified,d0062
D00824,D06622,P,565,Enzyme: CYP2D6 / CYP inhibition: CYP2D6,d0062
D00824,D06623,P,566,CYP inhibition: CYP1A2,d0062
D00824,D06637,P,567,unclassified,d0062
D00824,D06646,P,568,unclassified,d0062
D00824,D07062,P,569,unclassified,d0062
D00824,D07064,P,570,unclassified,d0062
D00824,D07065,P,571,unclassified,d0062
D00824,D07082,P,572,unclassified,d0062
D00824,D07086,P,573,CYP inhibition: CYP3A4,d0062
D00824,D07131,P,574,unclassified,d0062
D00824,D07135,P,575,unclassified,d0062
D00824,D07136,P,576,unclassified,d0062
D00824,D07137,P,577,unclassified,d0062
D00824,D07139,P,578,unclassified,d0062
D00824,D07141,P,579,unclassified,d0062
D00824,D07156,P,580,Enzyme: CYP2D6 / CYP inhibition: CYP2D6,d0062
D00824,D07181,P,581,unclassified,d0062
D00824,D07182,P,582,unclassified,d0062
D00824,D07183,P,583,unclassified,d0062
D00824,D07184,P,584,unclassified,d0062
D00824,D07219,P,585,unclassified,d0062
D00824,D07262,P,586,unclassified,d0062
D00824,D07263,P,587,unclassified,d0062
D00824,D07264,P,588,unclassified,d0062
D00824,D07265,P,589,unclassified,d0062
D00824,D07266,P,590,unclassified,d0062
D00824,D07267,P,591,unclassified,d0062
D00824,D07268,P,592,unclassified,d0062
D00824,D07269,P,593,unclassified,d0062
D00824,D07290,P,594,unclassified,d0062
D00824,D07291,P,595,unclassified,d0062
D00824,D07292,P,596,unclassified,d0062
D00824,D07293,P,597,unclassified,d0062
D00824,D07298,P,598,unclassified,d0062
D00824,D07299,P,599,CYP inhibition: CYP2C19 CYP3A4,d0062
D00824,D07300,P,600,unclassified,d0062
D00824,D07307,P,601,unclassified,d0062
D00824,D07308,P,602,unclassified,d0062
D00824,D07314,P,603,unclassified,d0062
D00824,D07315,P,604,unclassified,d0062
D00824,D07326,P,605,unclassified,d0062
D00824,D07327,P,606,unclassified,d0062
D00824,D07328,P,607,unclassified,d0062
D00824,D07334,P,608,Target: SLC6A4,d0062
D00824,D07335,P,609,unclassified,d0062
D00824,D07336,P,610,unclassified,d0062
D00824,D07337,CI,611,unclassified,d0062
D00824,D07338,CI,612,unclassified,d0062
D00824,D07378,P,613,unclassified,d0062
D00824,D07421,P,614,unclassified,d0062
D00824,D07443,P,615,unclassified,d0062
D00824,D07448,P,616,Enzyme: CYP2D6 / Target: SLC6A4 / CYP inhibition: CYP2C19 CYP2D6 CYP3A4,d0062
D00824,D07453,P,617,unclassified,d0062
D00824,D07457,P,618,unclassified,d0062
D00824,D07488,P,619,unclassified,d0062
D00824,D07491,P,620,unclassified,d0062
D00824,D07496,P,621,unclassified,d0062
D00824,D07503,P,622,unclassified,d0062
D00824,D07505,P,623,unclassified,d0062
D00824,D07516,P,624,unclassified,d0062
D00824,D07517,P,625,unclassified,d0062
D00824,D07526,P,626,unclassified,d0062
D00824,D07537,P,627,Enzyme: CYP2D6 / CYP inhibition: CYP2D6,d0062
D00824,D07541,P,628,unclassified,d0062
D00824,D07549,P,629,unclassified,d0062
D00824,D07569,P,630,CYP inhibition: CYP3A4,d0062
D00824,D07579,P,631,unclassified,d0062
D00824,D07580,P,632,unclassified,d0062
D00824,D07581,P,633,unclassified,d0062
D00824,D07582,P,634,unclassified,d0062
D00824,D07583,P,635,unclassified,d0062
D00824,D07590,P,636,unclassified,d0062
D00824,D07595,P,637,unclassified,d0062
D00824,D07601,P,638,unclassified,d0062
D00824,D07608,P,639,unclassified,d0062
D00824,D07612,P,640,unclassified,d0062
D00824,D07624,P,641,Enzyme: CYP2D6 / CYP inhibition: CYP2D6,d0062
D00824,D07660,P,642,unclassified,d0062
D00824,D07685,P,643,unclassified,d0062
D00824,D07704,P,644,Enzyme: CYP2D6 / Target: SLC6A4 / CYP inhibition: CYP2D6 CYP3A4,d0062
D00824,D07705,P,645,Enzyme: CYP2D6 / Target: SLC6A4 / CYP inhibition: CYP2D6 CYP3A4,d0062
D00824,D07714,P,646,unclassified,d0062
D00824,D07727,P,647,Enzyme: CYP2D6 / Target: SLC6A4 / CYP inhibition: CYP2C19 CYP2D6 CYP3A4,d0062
D00824,D07736,P,648,unclassified,d0062
D00824,D07756,P,649,unclassified,d0062
D00824,D07784,P,650,unclassified,d0062
D00824,D07791,P,651,Target: SLC6A4,d0062
D00824,D07812,P,652,unclassified,d0062
D00824,D07816,P,653,unclassified,d0062
D00824,D07817,P,654,unclassified,d0062
D00824,D07818,P,655,unclassified,d0062
D00824,D07819,P,656,unclassified,d0062
D00824,D07824,P,657,unclassified,d0062
D00824,D07865,P,658,unclassified,d0062
D00824,D07869,P,659,CYP inhibition: CYP3A4,d0062
D00824,D07872,P,660,Enzyme: CYP2D6 / Target: SLC6A4 / CYP inhibition: CYP2D6,d0062
D00824,D07875,P,661,Enzyme: CYP2D6 / Target: SLC6A4 / CYP inhibition: CYP2C19 CYP2D6,d0062
D00824,D07887,P,662,CYP inhibition: CYP3A4,d0062
D00824,D07888,P,663,unclassified,d0062
D00824,D07913,P,664,Enzyme: CYP2D6 / Target: SLC6A4 / CYP inhibition: CYP2C19 CYP2D6 CYP3A4,d0062
D00824,D07916,P,665,unclassified,d0062
D00824,D07923,P,666,unclassified,d0062
D00824,D07945,P,667,Enzyme: CYP2D6 / Target: SLC6A4 / CYP inhibition: CYP1A2 CYP2C19 CYP2D6 CYP3A4,d0062
D00824,D07969,P,668,unclassified,d0062
D00824,D07977,P,669,Enzyme: CYP2D6 / CYP inhibition: CYP2D6,d0062
D00824,D07984,P,670,Enzyme: CYP2D6 / Target: SLC6A4 / CYP inhibition: CYP2D6,d0062
D00824,D07991,P,671,unclassified,d0062
D00824,D07993,P,672,unclassified,d0062
D00824,D07997,P,673,unclassified,d0062
D00824,D08021,P,674,unclassified,d0062
D00824,D08058,P,675,unclassified,d0062
D00824,D08059,P,676,unclassified,d0062
D00824,D08070,P,677,Enzyme: CYP2D6 / Target: SLC6A4 / CYP inhibition: CYP2C19 CYP2D6 CYP3A4,d0062
D00824,D08071,P,678,Enzyme: CYP2D6 / Target: SLC6A4 / CYP inhibition: CYP2C19 CYP2D6 CYP3A4,d0062
D00824,D08072,P,679,Target: SLC6A4,d0062
D00824,D08074,P,680,unclassified,d0062
D00824,D08078,P,681,unclassified,d0062
D00824,D08085,CI,682,unclassified,d0062
D00824,D08095,P,683,CYP inhibition: CYP3A4,d0062
D00824,D08102,P,684,unclassified,d0062
D00824,D08103,P,685,unclassified,d0062
D00824,D08104,P,686,unclassified,d0062
D00824,D08115,P,687,unclassified,d0062
D00824,D08140,P,688,Target: SLC6A4,d0062
D00824,D08142,P,689,unclassified,d0062
D00824,D08145,P,690,unclassified,d0062
D00824,D08149,P,691,unclassified,d0062
D00824,D08153,P,692,unclassified,d0062
D00824,D08162,P,693,unclassified,d0062
D00824,D08170,"CI,P",694,CYP inhibition: CYP1A2,d0062
D00824,D08171,P,695,unclassified,d0062
D00824,D08190,P,696,unclassified,d0062
D00824,D08255,P,697,Enzyme: CYP2D6 / CYP inhibition: CYP1A2 CYP2D6 CYP3A4,d0062
D00824,D08275,P,698,unclassified,d0062
D00824,D08283,P,699,CYP inhibition: CYP2C19 CYP3A4,d0062
D00824,D08288,P,700,Enzyme: CYP2D6 / Target: SLC6A4 / CYP inhibition: CYP2D6,d0062
D00824,D08295,P,701,unclassified,d0062
D00824,D08297,P,702,unclassified,d0062
D00824,D08318,P,703,unclassified,d0062
D00824,D08324,P,704,unclassified,d0062
D00824,D08341,P,705,Enzyme: CYP2D6 / CYP inhibition: CYP2D6,d0062
D00824,D08342,P,706,Enzyme: CYP2D6 / CYP inhibition: CYP2D6,d0062
D00824,D08349,CI,707,unclassified,d0062
D00824,D08354,P,708,unclassified,d0062
D00824,D08356,P,709,unclassified,d0062
D00824,D08363,P,710,unclassified,d0062
D00824,D08364,P,711,unclassified,d0062
D00824,D08374,P,712,unclassified,d0062
D00824,D08375,P,713,unclassified,d0062
D00824,D08385,P,714,unclassified,d0062
D00824,D08392,CI,715,unclassified,d0062
D00824,D08393,CI,716,unclassified,d0062
D00824,D08427,P,717,unclassified,d0062
D00824,D08430,P,718,unclassified,d0062
D00824,D08443,P,719,Enzyme: CYP2D6 / CYP inhibition: CYP1A2 CYP2C19 CYP2D6,d0062
D00824,D08447,P,720,Target: SLC6A4,d0062
D00824,D08453,CI,721,unclassified,d0062
D00824,D08456,P,722,CYP inhibition: CYP3A4,d0062
D00824,D08469,CI,723,CYP inhibition: CYP1A2,d0062
D00824,D08481,P,724,CYP inhibition: CYP3A4,d0062
D00824,D08485,P,725,unclassified,d0062
D00824,D08488,P,726,CYP inhibition: CYP3A4,d0062
D00824,D08493,P,727,Enzyme: CYP2D6 / CYP inhibition: CYP2C19 CYP2D6 CYP3A4,d0062
D00824,D08497,P,728,CYP inhibition: CYP3A4,d0062
D00824,D08501,P,729,unclassified,d0062
D00824,D08525,P,730,unclassified,d0062
D00824,D08572,P,731,unclassified,d0062
D00824,D08575,P,732,Enzyme: CYP2D6 / CYP inhibition: CYP1A2 CYP2D6,d0062
D00824,D08585,P,733,unclassified,d0062
D00824,D08586,P,734,unclassified,d0062
D00824,D08588,P,735,unclassified,d0062
D00824,D08592,P,736,unclassified,d0062
D00824,D08598,P,737,unclassified,d0062
D00824,D08600,P,738,Enzyme: CYP2D6 / CYP inhibition: CYP2D6,d0062
D00824,D08625,CI,739,unclassified,d0062
D00824,D08630,P,740,unclassified,d0062
D00824,D08636,P,741,unclassified,d0062
D00824,D08657,P,742,unclassified,d0062
D00824,D08667,P,743,unclassified,d0062
D00824,D08682,P,744,unclassified,d0062
D00824,D08699,P,745,CYP inhibition: CYP3A4,d0062
D00824,D08856,P,746,CYP inhibition: CYP3A4,d0062
D00824,D08879,P,747,CYP inhibition: CYP2C19,d0062
D00824,D08923,P,748,Enzyme: CYP2D6 / CYP inhibition: CYP2D6 CYP3A4,d0062
D00824,D08964,P,749,unclassified,d0062
D00824,D08976,P,750,CYP inhibition: CYP1A2 CYP3A4,d0062
D00824,D09017,"CI,P",751,unclassified,d0062
D00824,D09033,"CI,P",752,CYP inhibition: CYP3A4,d0062
D00824,D09215,P,753,unclassified,d0062
D00824,D09216,P,754,unclassified,d0062
D00824,D09319,P,755,CYP inhibition: CYP3A4,d0062
D00824,D09348,P,756,CYP inhibition: CYP3A4,d0062
D00824,D09365,"CI,P",757,CYP inhibition: CYP2C19 CYP3A4,d0062
D00824,D09535,P,758,CYP inhibition: CYP3A4 CYP2D6,d0062
D00824,D09546,P,759,unclassified,d0062
D00824,D09568,P,760,unclassified,d0062
D00824,D09569,P,761,unclassified,d0062
D00824,D09572,P,762,unclassified,d0062
D00824,D09587,P,763,unclassified,d0062
D00824,D09595,P,764,CYP inhibition: CYP3A4,d0062
D00824,D09612,P,765,unclassified,d0062
D00824,D09638,"CI,P",766,CYP inhibition: CYP3A4,d0062
D00824,D09676,P,767,unclassified,d0062
D00824,D09677,P,768,unclassified,d0062
D00824,D09686,P,769,unclassified,d0062
D00824,D09701,P,770,CYP inhibition: CYP3A4,d0062
D00824,D09728,P,771,CYP inhibition: CYP3A4,d0062
D00824,D09730,P,772,unclassified,d0062
D00824,D09731,P,773,CYP inhibition: CYP3A4,d0062
D00824,D09743,P,774,CYP inhibition: CYP3A4,d0062
D00824,D09745,P,775,CYP inhibition: CYP3A4,d0062
D00824,D09753,P,776,CYP inhibition: CYP3A4,d0062
D00824,D09760,P,777,unclassified,d0062
D00824,D09773,CI,778,unclassified,d0062
D00824,D09783,P,779,CYP inhibition: CYP3A4,d0062
D00824,D09807,P,780,unclassified,d0062
D00824,D09815,P,781,unclassified,d0062
D00824,D09819,P,782,Enzyme: CYP2D6 / CYP inhibition: CYP2D6,d0062
D00824,D09843,P,783,unclassified,d0062
D00824,D09894,"CI,P",784,Enzyme: CYP2D6 / CYP inhibition: CYP2D6,d0062
D00824,D09951,P,785,unclassified,d0062
D00824,D09956,P,786,unclassified,d0062
D00824,D09960,P,787,CYP inhibition: CYP3A4,d0062
D00824,D09996,P,788,unclassified,d0062
D00824,D09999,P,789,Enzyme: CYP2D6 / CYP inhibition: CYP2D6 CYP3A4,d0062
D00824,D10003,P,790,CYP induction: CYP2D6,d0062
D00824,D10014,P,791,unclassified,d0062
D00824,D10017,P,792,unclassified,d0062
D00824,D10024,P,793,CYP inhibition: CYP1A2 CYP3A4,d0062
D00824,D10082,P,794,unclassified,d0062
D00824,D10095,P,795,unclassified,d0062
D00824,D10104,P,796,CYP inhibition: CYP3A4,d0062
D00824,D10135,P,797,CYP inhibition: CYP3A4,d0062
D00824,D10137,P,798,CYP inhibition: CYP3A4,d0062
D00824,D10158,CI,799,unclassified,d0062
D00824,D10185,P,800,Enzyme: CYP2D6 / Target: SLC6A4 / CYP inhibition: CYP2C19 CYP2D6,d0062
D00824,D10191,CI,801,unclassified,d0062
D00824,D10223,P,802,unclassified,d0062
D00824,D10243,P,803,CYP inhibition: CYP3A4,d0062
D00824,D10254,P,804,unclassified,d0062
D00824,D10298,P,805,unclassified,d0062
D00824,D10307,P,806,CYP inhibition: CYP3A4,d0062
D00824,D10309,P,807,Enzyme: CYP2D6 / CYP inhibition: CYP2D6 CYP3A4,d0062
D00824,D10355,P,808,Enzyme: CYP2D6 / CYP inhibition: CYP2D6 CYP3A4,d0062
D00824,D10364,P,809,Enzyme: CYP2D6 / CYP inhibition: CYP2D6 CYP3A4,d0062
D00824,D10372,P,810,unclassified,d0062
D00824,D10424,P,811,unclassified,d0062
D00824,D10450,P,812,CYP inhibition: CYP3A4,d0062
D00824,D10452,P,813,unclassified,d0062
D00824,D10466,P,814,Enzyme: CYP2D6 / CYP inhibition: CYP2C19 CYP2D6 CYP3A4,d0062
D00824,D10478,P,815,CYP inhibition: CYP3A4,d0062
D00824,D10501,P,816,CYP inhibition: CYP3A4,d0062
D00824,D10505,P,817,CYP inhibition: CYP3A4,d0062
D00824,D10506,P,818,CYP inhibition: CYP3A4,d0062
D00824,D10512,P,819,Enzyme: CYP2D6 / CYP inhibition: CYP2D6 CYP3A4,d0062
D00824,D10513,P,820,CYP inhibition: CYP2C19 CYP3A4,d0062
D00824,D10516,P,821,Enzyme: CYP2D6 / CYP inhibition: CYP2D6 CYP3A4,d0062
D00824,D10524,P,822,CYP inhibition: CYP3A4,d0062
D00824,D10527,P,823,CYP inhibition: CYP2C19 CYP3A4,d0062
D00824,D10533,P,824,Enzyme: CYP2D6 / CYP inhibition: CYP2D6 CYP3A4,d0062
D00824,D10537,P,825,unclassified,d0062
D00824,D10551,P,826,unclassified,d0062
D00824,D10564,P,827,unclassified,d0062
D00824,D10569,P,828,unclassified,d0062
D00824,D10633,P,829,CYP inhibition: CYP3A4,d0062
D00824,D10643,P,830,unclassified,d0062
D00824,D10656,P,831,unclassified,d0062
D00824,D10663,P,832,CYP inhibition: CYP3A4,d0062
D00824,D10679,"CI,P",833,unclassified,d0062
D00824,D10688,P,834,unclassified,d0062
D00824,D10746,P,835,unclassified,d0062
D00824,D10761,P,836,unclassified,d0062
D00824,D10774,P,837,Enzyme: CYP2D6 / CYP inhibition: CYP2C19 CYP2D6 CYP3A4,d0062
D00824,D10775,P,838,Enzyme: CYP2D6 / CYP inhibition: CYP2C19 CYP2D6 CYP3A4,d0062
D00824,D10780,P,839,unclassified,d0062
D00824,D10793,P,840,unclassified,d0062
D00824,D10800,P,841,CYP inhibition: CYP3A4,d0062
D00824,D10805,P,842,CYP inhibition: CYP3A4,d0062
D00824,D10829,CI,843,CYP inhibition: CYP1A2,d0062
D00824,D10866,P,844,CYP inhibition: CYP3A4,d0062
D00824,D10891,P,845,CYP inhibition: CYP3A4,d0062
D00824,D10892,P,846,unclassified,d0062
D00824,D10893,P,847,unclassified,d0062
D00824,D10915,P,848,CYP inhibition: CYP2C19 CYP3A4,d0062
D00824,D10926,P,849,CYP inhibition: CYP3A4,d0062
D00824,D10927,P,850,CYP inhibition: CYP3A4,d0062
D00824,D10931,P,851,CYP inhibition: CYP3A4,d0062
D00824,D10993,P,852,unclassified,d0062
D00824,D10999,P,853,CYP inhibition: CYP3A4,d0062
D00824,D11012,P,854,unclassified,d0062
D00824,D11022,P,855,CYP inhibition: CYP3A4,d0062
D00824,D11027,P,856,unclassified,d0062
D00824,D11035,P,857,unclassified,d0062
D00824,D11040,P,858,CYP inhibition: CYP3A4,d0062
D00824,D11048,P,859,CYP inhibition: CYP3A4,d0062
D00824,D11053,P,860,CYP inhibition: CYP3A4,d0062
D00824,D11070,P,861,unclassified,d0062
D00824,D11072,P,862,unclassified,d0062
D00824,D11090,P,863,unclassified,d0062
D00824,D11093,P,864,CYP inhibition: CYP3A4,d0062
D00824,D11138,P,865,unclassified,d0062
D00824,D11150,P,866,CYP inhibition: CYP2C19 CYP3A4,d0062
D00824,D11159,P,867,CYP inhibition: CYP3A4,d0062
D00824,D11296,P,868,CYP inhibition: CYP2C19 CYP3A4,d0062
D00824,D11370,P,869,unclassified,d0062
D00824,D11371,P,870,unclassified,d0062
D00824,D11400,P,871,CYP inhibition: CYP2C19,d0062
D00824,D11417,P,872,CYP inhibition: CYP3A4,d0062
D00824,D11422,P,873,unclassified,d0062
D00824,D11454,P,874,CYP inhibition: CYP3A4,d0062
D00824,D11485,P,875,unclassified,d0062
D00824,D11525,P,876,unclassified,d0062
D00824,D11584,P,877,unclassified,d0062
D00824,D11617,P,878,CYP inhibition: CYP3A4,d0062
D00824,D11630,P,879,CYP inhibition: CYP1A2,d0062
D00824,D11659,P,880,unclassified,d0062
D00824,D11662,P,881,unclassified,d0062
D00824,D11674,P,882,CYP inhibition: CYP2D6,d0062
D00824,D11708,P,883,unclassified,d0062
D00824,D11713,P,884,CYP inhibition: CYP3A4,d0062
D00824,D11725,P,885,unclassified,d0062
D00824,D11793,P,886,CYP inhibition: CYP3A4,d0062
D00824,D11804,P,887,unclassified,d0062
D00824,D11814,P,888,unclassified,d0062
D00824,D11835,"CI,P",889,Enzyme: CYP2D6 / CYP inhibition: CYP1A2 CYP2C19 CYP2D6,d0062
D00824,D11861,P,890,unclassified,d0062
D00824,D11862,P,891,unclassified,d0062
D00824,D11873,P,892,unclassified,d0062
D00824,D11887,P,893,unclassified,d0062
D00824,D11954,P,894,CYP inhibition: CYP2C19,d0062
D00824,D12015,P,895,unclassified,d0062
D00824,D12217,P,896,CYP inhibition: CYP3A4,d0062
D00824,D12245,P,897,CYP inhibition: CYP3A4,d0062
D00824,D12265,P,898,CYP inhibition: CYP2C19,d0062
D00824,D12285,P,899,CYP inhibition: CYP3A4,d0062
D00824,D12311,P,900,unclassified,d0062
D00824,D12364,P,901,unclassified,d0062
D00824,D12396,P,902,CYP inhibition: CYP3A4,d0062
D00824,D12410,P,903,unclassified,d0062
D00824,D12442,P,904,unclassified,d0062
D00824,D12444,P,905,CYP inhibition: CYP3A4,d0062
D00824,D12586,P,906,unclassified,d0062
D00824,D12595,P,907,unclassified,d0062
D00824,D12596,P,908,unclassified,d0062
D00824,D12597,P,909,unclassified,d0062
D00824,D12598,P,910,unclassified,d0062
D00824,D12611,P,911,CYP inhibition: CYP3A4,d0062
D00824,D12704,P,912,unclassified,d0062
D00824,D12963,"CI,P",913,CYP inhibition: CYP2C19,d0062
D00824,D12975,P,914,unclassified,d0062
D00824,D13026,P,915,CYP inhibition: CYP3A4,d0062
D00824,D13099,P,916,Enzyme: CYP2D6 / CYP inhibition: CYP2D6 CYP3A4,d0062
D00824,D13231,P,917,unclassified,d0062
D00825,cpd:C06807,P,1,unclassified,d0059
D00825,D00020,P,2,unclassified,d0059
D00825,D00076,P,3,unclassified,d0059
D00825,D00095,P,4,unclassified,d0059
D00825,D00109,P,5,unclassified,d0059
D00825,D00118,P,6,unclassified,d0059
D00825,D00120,P,7,unclassified,d0059
D00825,D00126,P,8,Enzyme: CYP2C9,d0059
D00825,D00127,P,9,Enzyme: CYP2C9,d0059
D00825,D00130,P,10,unclassified,d0059
D00825,D00132,P,11,unclassified,d0059
D00825,D00141,P,12,unclassified,d0059
D00825,D00151,P,13,Enzyme: CYP2C9,d0059
D00825,D00158,P,14,unclassified,d0059
D00825,D00169,P,15,unclassified,d0059
D00825,D00211,P,16,CYP induction: CYP3A4,d0059
D00825,D00216,P,17,unclassified,d0059
D00825,D00219,P,18,unclassified,d0059
D00825,D00228,P,19,Target: SLC6A4,d0059
D00825,D00252,P,20,Enzyme: CYP3A4 / CYP induction: CYP3A4,d0059
D00825,D00255,P,21,Enzyme: CYP2C9 CYP3A4,d0059
D00825,D00270,P,22,unclassified,d0059
D00825,D00271,P,23,unclassified,d0059
D00825,D00283,P,24,Enzyme: CYP3A4,d0059
D00825,D00292,P,25,Enzyme: CYP3A4 / CYP induction: CYP3A4,d0059
D00825,D00293,P,26,Enzyme: CYP2C19 CYP3A4,d0059
D00825,D00295,P,27,CYP inhibition: CYP3A4,d0059
D00825,D00311,P,28,unclassified,d0059
D00825,D00315,P,29,unclassified,d0059
D00825,D00320,P,30,Enzyme: CYP3A4,d0059
D00825,D00330,P,31,Enzyme: CYP2C9,d0059
D00825,D00335,P,32,unclassified,d0059
D00825,D00336,P,33,Enzyme: CYP2C9 CYP3A4,d0059
D00825,D00346,CI,34,unclassified,d0059
D00825,D00373,P,35,unclassified,d0059
D00825,D00377,P,36,unclassified,d0059
D00825,D00379,P,37,unclassified,d0059
D00825,D00380,P,38,unclassified,d0059
D00825,D00390,P,39,unclassified,d0059
D00825,D00394,P,40,Target: SLC6A4,d0059
D00825,D00395,P,41,unclassified,d0059
D00825,D00403,P,42,unclassified,d0059
D00825,D00415,P,43,unclassified,d0059
D00825,D00420,P,44,unclassified,d0059
D00825,D00425,P,45,unclassified,d0059
D00825,D00426,P,46,Enzyme: CYP3A4,d0059
D00825,D00428,P,47,unclassified,d0059
D00825,D00435,P,48,Enzyme: CYP3A4 CYP2B6,d0059
D00825,D00448,P,49,unclassified,d0059
D00825,D00451,P,50,unclassified,d0059
D00825,D00452,P,51,Enzyme: CYP2C9,d0059
D00825,D00454,P,52,unclassified,d0059
D00825,D00458,P,53,Enzyme: CYP3A4,d0059
D00825,D00463,P,54,unclassified,d0059
D00825,D00479,P,55,unclassified,d0059
D00825,D00484,P,56,Target: SLC6A4,d0059
D00825,D00493,P,57,unclassified,d0059
D00825,D00498,P,58,unclassified,d0059
D00825,D00503,P,59,unclassified,d0059
D00825,D00505,CI,60,unclassified,d0059
D00825,D00506,P,61,CYP induction: CYP2B6 CYP2C9,d0059
D00825,D00510,P,62,CYP inhibition: CYP2C9,d0059
D00825,D00512,P,63,Enzyme: CYP2C9 / CYP induction: CYP2B6,d0059
D00825,D00550,P,64,Enzyme: CYP3A4,d0059
D00825,D00556,P,65,unclassified,d0059
D00825,D00560,CI,66,Enzyme: CYP3A4,d0059
D00825,D00563,P,67,Enzyme: CYP3A4,d0059
D00825,D00564,P,68,Enzyme: CYP2C9,d0059
D00825,D00566,P,69,unclassified,d0059
D00825,D00567,P,70,Enzyme: CYP2C9,d0059
D00825,D00568,P,71,unclassified,d0059
D00825,D00593,P,72,Enzyme: CYP2C9,d0059
D00825,D00594,P,73,unclassified,d0059
D00825,D00595,P,74,unclassified,d0059
D00825,D00596,P,75,unclassified,d0059
D00825,D00601,P,76,unclassified,d0059
D00825,D00603,P,77,unclassified,d0059
D00825,D00605,P,78,unclassified,d0059
D00825,D00619,P,79,Enzyme: CYP3A4 / CYP inhibition: CYP3A4,d0059
D00825,D00625,P,80,unclassified,d0059
D00825,D00636,P,81,Enzyme: CYP3A4,d0059
D00825,D00674,P,82,Enzyme: CYP2C9 CYP3A4,d0059
D00825,D00675,P,83,unclassified,d0059
D00825,D00676,P,84,unclassified,d0059
D00825,D00677,P,85,Enzyme: CYP3A4,d0059
D00825,D00678,P,86,Enzyme: CYP3A4,d0059
D00825,D00679,P,87,Enzyme: CYP3A4,d0059
D00825,D00681,P,88,unclassified,d0059
D00825,D00701,P,89,CYP induction: CYP2B6 CYP2C9,d0059
D00825,D00727,P,90,unclassified,d0059
D00825,D00754,P,91,unclassified,d0059
D00825,D00769,P,92,Enzyme: CYP2C19 CYP2B6,d0059
D00825,D00785,CI,93,Enzyme: CYP2B6 CYP3A4,d0059
D00825,D00788,P,94,unclassified,d0059
D00825,D00789,P,95,unclassified,d0059
D00825,D00791,P,96,unclassified,d0059
D00825,D00792,P,97,unclassified,d0059
D00825,D00793,P,98,unclassified,d0059
D00825,D00795,P,99,unclassified,d0059
D00825,D00797,P,100,unclassified,d0059
D00825,D00798,P,101,unclassified,d0059
D00825,D00799,P,102,unclassified,d0059
D00825,D00800,P,103,unclassified,d0059
D00825,D00801,P,104,unclassified,d0059
D00825,D00809,P,105,Enzyme: CYP3A4 CYP2C19 / Target: SLC6A4,d0059
D00825,D00810,P,106,unclassified,d0059
D00825,D00811,P,107,Enzyme: CYP3A4 CYP2C19 / Target: SLC6A4,d0059
D00825,D00812,P,108,Target: SLC6A4,d0059
D00825,D00813,P,109,unclassified,d0059
D00825,D00814,P,110,Enzyme: CYP2C19 CYP2C9 / Target: SLC6A4,d0059
D00825,D00815,P,111,Enzyme: CYP3A4 CYP2C19 / Target: SLC6A4,d0059
D00825,D00816,P,112,Target: SLC6A4,d0059
D00825,D00818,P,113,unclassified,d0059
D00825,D00820,P,114,Enzyme: CYP3A4 / Target: SLC6A4,d0059
D00825,D00821,P,115,Target: SLC6A4,d0059
D00825,D00824,P,116,Target: SLC6A4 / CYP inhibition: CYP2C19 CYP3A4,d0059
D00825,D00826,CI,117,unclassified,d0059
D00825,D00827,P,118,unclassified,d0059
D00825,D00831,P,119,unclassified,d0059
D00825,D00848,P,120,unclassified,d0059
D00825,D00903,P,121,Enzyme: CYP2C9,d0059
D00825,D00904,P,122,Enzyme: CYP2C9,d0059
D00825,D00944,P,123,unclassified,d0059
D00825,D00945,P,124,unclassified,d0059
D00825,D00947,P,125,unclassified,d0059
D00825,D00961,P,126,CYP inhibition: CYP3A4,d0059
D00825,D00966,P,127,Enzyme: CYP3A4,d0059
D00825,D00968,P,128,unclassified,d0059
D00825,D00969,P,129,Enzyme: CYP2C9,d0059
D00825,D00970,P,130,unclassified,d0059
D00825,D00971,P,131,unclassified,d0059
D00825,D01028,P,132,CYP inhibition: CYP2C19 CYP2B6,d0059
D00825,D01037,P,133,unclassified,d0059
D00825,D01049,P,134,unclassified,d0059
D00825,D01087,P,135,unclassified,d0059
D00825,D01097,CI,136,unclassified,d0059
D00825,D01110,P,137,unclassified,d0059
D00825,D01111,P,138,Enzyme: CYP2C9,d0059
D00825,D01122,P,139,Enzyme: CYP2C9,d0059
D00825,D01130,P,140,unclassified,d0059
D00825,D01164,P,141,Enzyme: CYP3A4,d0059
D00825,D01176,P,142,Enzyme: CYP3A4,d0059
D00825,D01179,P,143,Target: SLC6A4,d0059
D00825,D01183,P,144,unclassified,d0059
D00825,D01185,P,145,unclassified,d0059
D00825,D01189,P,146,unclassified,d0059
D00825,D01252,P,147,unclassified,d0059
D00825,D01253,P,148,Enzyme: CYP2C19 CYP3A4,d0059
D00825,D01267,P,149,unclassified,d0059
D00825,D01271,P,150,unclassified,d0059
D00825,D01280,P,151,Enzyme: CYP2C9,d0059
D00825,D01285,P,152,Target: SLC6A4,d0059
D00825,D01289,P,153,unclassified,d0059
D00825,D01296,P,154,unclassified,d0059
D00825,D01305,P,155,unclassified,d0059
D00825,D01314,P,156,unclassified,d0059
D00825,D01325,P,157,unclassified,d0059
D00825,D01330,P,158,unclassified,d0059
D00825,D01341,P,159,unclassified,d0059
D00825,D01344,P,160,unclassified,d0059
D00825,D01353,P,161,unclassified,d0059
D00825,D01355,P,162,Enzyme: CYP3A4,d0059
D00825,D01356,P,163,unclassified,d0059
D00825,D01380,P,164,unclassified,d0059
D00825,D01383,P,165,unclassified,d0059
D00825,D01394,P,166,unclassified,d0059
D00825,D01397,P,167,Enzyme: CYP2C9,d0059
D00825,D01399,P,168,Enzyme: CYP3A4,d0059
D00825,D01410,P,169,unclassified,d0059
D00825,D01412,P,170,unclassified,d0059
D00825,D01437,P,171,unclassified,d0059
D00825,D01447,P,172,unclassified,d0059
D00825,D01448,P,173,unclassified,d0059
D00825,D01466,P,174,unclassified,d0059
D00825,D01475,P,175,Enzyme: CYP2C9,d0059
D00825,D01477,P,176,unclassified,d0059
D00825,D01485,P,177,unclassified,d0059
D00825,D01501,CI,178,unclassified,d0059
D00825,D01513,P,179,unclassified,d0059
D00825,D01520,P,180,unclassified,d0059
D00825,D01545,P,181,unclassified,d0059
D00825,D01546,P,182,Target: SLC6A4,d0059
D00825,D01547,P,183,unclassified,d0059
D00825,D01557,P,184,unclassified,d0059
D00825,D01565,P,185,unclassified,d0059
D00825,D01567,P,186,unclassified,d0059
D00825,D01578,P,187,unclassified,d0059
D00825,D01581,P,188,unclassified,d0059
D00825,D01582,P,189,unclassified,d0059
D00825,D01594,P,190,unclassified,d0059
D00825,D01599,P,191,unclassified,d0059
D00825,D01661,P,192,unclassified,d0059
D00825,D01665,P,193,unclassified,d0059
D00825,D01675,P,194,unclassified,d0059
D00825,D01706,P,195,unclassified,d0059
D00825,D01709,P,196,unclassified,d0059
D00825,D01718,P,197,Enzyme: CYP2C9,d0059
D00825,D01762,P,198,unclassified,d0059
D00825,D01765,P,199,unclassified,d0059
D00825,D01767,P,200,Enzyme: CYP2C9,d0059
D00825,D01776,P,201,unclassified,d0059
D00825,D01788,P,202,unclassified,d0059
D00825,D01811,P,203,unclassified,d0059
D00825,D01823,P,204,unclassified,d0059
D00825,D01832,P,205,Enzyme: CYP3A4 / CYP inhibition: CYP2C9 CYP2C19 / CYP induction: CYP2B6 CYP3A4,d0059
D00825,D01841,P,206,unclassified,d0059
D00825,D01851,P,207,unclassified,d0059
D00825,D01854,P,208,unclassified,d0059
D00825,D01860,P,209,unclassified,d0059
D00825,D01865,P,210,unclassified,d0059
D00825,D01866,P,211,Enzyme: CYP2C9,d0059
D00825,D01874,P,212,unclassified,d0059
D00825,D01888,CI,213,unclassified,d0059
D00825,D01963,P,214,unclassified,d0059
D00825,D01973,P,215,Enzyme: CYP3A4,d0059
D00825,D01974,P,216,unclassified,d0059
D00825,D01975,P,217,unclassified,d0059
D00825,D01992,P,218,unclassified,d0059
D00825,D02002,CI,219,unclassified,d0059
D00825,D02022,P,220,unclassified,d0059
D00825,D02037,P,221,unclassified,d0059
D00825,D02075,P,222,unclassified,d0059
D00825,D02102,P,223,Enzyme: CYP2C19 CYP2C9 CYP2B6 CYP3A4 / CYP induction: CYP3A4 CYP2B6,d0059
D00825,D02103,P,224,Enzyme: CYP2C9 / CYP induction: CYP2B6,d0059
D00825,D02106,P,225,unclassified,d0059
D00825,D02110,P,226,unclassified,d0059
D00825,D02111,P,227,unclassified,d0059
D00825,D02163,P,228,unclassified,d0059
D00825,D02206,P,229,unclassified,d0059
D00825,D02211,P,230,Enzyme: CYP3A4,d0059
D00825,D02227,P,231,unclassified,d0059
D00825,D02234,P,232,unclassified,d0059
D00825,D02235,P,233,unclassified,d0059
D00825,D02248,P,234,unclassified,d0059
D00825,D02260,P,235,Target: SLC6A4,d0059
D00825,D02264,P,236,unclassified,d0059
D00825,D02290,P,237,Enzyme: CYP2C9,d0059
D00825,D02341,P,238,unclassified,d0059
D00825,D02350,P,239,unclassified,d0059
D00825,D02354,P,240,unclassified,d0059
D00825,D02355,P,241,unclassified,d0059
D00825,D02357,P,242,unclassified,d0059
D00825,D02372,P,243,unclassified,d0059
D00825,D02408,P,244,Target: SLC6A4,d0059
D00825,D02425,P,245,unclassified,d0059
D00825,D02427,P,246,unclassified,d0059
D00825,D02430,P,247,unclassified,d0059
D00825,D02484,P,248,unclassified,d0059
D00825,D02559,CI,249,unclassified,d0059
D00825,D02560,CI,250,unclassified,d0059
D00825,D02561,CI,251,Enzyme: CYP2C19 / CYP inhibition: CYP2C19,d0059
D00825,D02562,CI,252,unclassified,d0059
D00825,D02563,CI,253,unclassified,d0059
D00825,D02564,CI,254,unclassified,d0059
D00825,D02565,P,255,unclassified,d0059
D00825,D02567,P,256,Enzyme: CYP2C19 CYP3A4 / Target: SLC6A4,d0059
D00825,D02579,CI,257,unclassified,d0059
D00825,D02580,CI,258,unclassified,d0059
D00825,D02581,CI,259,unclassified,d0059
D00825,D02604,P,260,unclassified,d0059
D00825,D02605,P,261,unclassified,d0059
D00825,D02607,P,262,unclassified,d0059
D00825,D02608,P,263,unclassified,d0059
D00825,D02609,P,264,unclassified,d0059
D00825,D02610,P,265,unclassified,d0059
D00825,D02642,P,266,unclassified,d0059
D00825,D02643,P,267,unclassified,d0059
D00825,D02644,P,268,unclassified,d0059
D00825,D02653,P,269,unclassified,d0059
D00825,D02666,P,270,Enzyme: CYP3A4,d0059
D00825,D02671,P,271,unclassified,d0059
D00825,D02679,P,272,unclassified,d0059
D00825,D02680,P,273,unclassified,d0059
D00825,D02691,P,274,CYP inhibition: CYP2C19,d0059
D00825,D02704,P,275,unclassified,d0059
D00825,D02706,P,276,unclassified,d0059
D00825,D02709,P,277,unclassified,d0059
D00825,D02715,P,278,unclassified,d0059
D00825,D02732,P,279,Enzyme: CYP3A4,d0059
D00825,D02824,P,280,Enzyme: CYP3A4,d0059
D00825,D02825,P,281,Enzyme: CYP3A4,d0059
D00825,D02826,P,282,unclassified,d0059
D00825,D02944,P,283,unclassified,d0059
D00825,D02968,P,284,Enzyme: CYP3A4 / CYP inhibition: CYP3A4 / CYP induction: CYP3A4 CYP2C9,d0059
D00825,D03014,P,285,unclassified,d0059
D00825,D03038,P,286,unclassified,d0059
D00825,D03080,P,287,unclassified,d0059
D00825,D03106,P,288,unclassified,d0059
D00825,D03163,P,289,unclassified,d0059
D00825,D03199,P,290,unclassified,d0059
D00825,D03239,CI,291,unclassified,d0059
D00825,D03248,CI,292,unclassified,d0059
D00825,D03254,P,293,unclassified,d0059
D00825,D03274,P,294,unclassified,d0059
D00825,D03385,P,295,unclassified,d0059
D00825,D03409,CI,296,unclassified,d0059
D00825,D03410,P,297,unclassified,d0059
D00825,D03489,P,298,unclassified,d0059
D00825,D03491,P,299,Target: SLC6A4,d0059
D00825,D03503,P,300,CYP inhibition: CYP3A4,d0059
D00825,D03540,P,301,unclassified,d0059
D00825,D03560,P,302,unclassified,d0059
D00825,D03652,P,303,unclassified,d0059
D00825,D03658,P,304,Enzyme: CYP3A4,d0059
D00825,D03669,P,305,CYP induction: CYP3A4,d0059
D00825,D03689,P,306,unclassified,d0059
D00825,D03710,P,307,unclassified,d0059
D00825,D03712,P,308,unclassified,d0059
D00825,D03714,P,309,unclassified,d0059
D00825,D03715,P,310,unclassified,d0059
D00825,D03716,P,311,unclassified,d0059
D00825,D03717,P,312,unclassified,d0059
D00825,D03718,P,313,unclassified,d0059
D00825,D03727,P,314,unclassified,d0059
D00825,D03731,CI,315,Enzyme: CYP2B6 CYP3A4,d0059
D00825,D03733,CI,316,unclassified,d0059
D00825,D03855,P,317,unclassified,d0059
D00825,D03960,P,318,unclassified,d0059
D00825,D03982,P,319,unclassified,d0059
D00825,D03983,P,320,unclassified,d0059
D00825,D04003,P,321,unclassified,d0059
D00825,D04024,P,322,Enzyme: CYP3A4,d0059
D00825,D04034,P,323,unclassified,d0059
D00825,D04038,P,324,unclassified,d0059
D00825,D04052,P,325,Enzyme: CYP3A4,d0059
D00825,D04092,CI,326,unclassified,d0059
D00825,D04102,P,327,unclassified,d0059
D00825,D04121,P,328,unclassified,d0059
D00825,D04142,P,329,unclassified,d0059
D00825,D04144,P,330,unclassified,d0059
D00825,D04145,P,331,unclassified,d0059
D00825,D04148,P,332,Enzyme: CYP2C19 CYP2B6 CYP3A4 / Target: SLC6A4,d0059
D00825,D04206,P,333,unclassified,d0059
D00825,D04264,P,334,unclassified,d0059
D00825,D04273,P,335,unclassified,d0059
D00825,D04277,P,336,unclassified,d0059
D00825,D04340,P,337,Enzyme: CYP3A4,d0059
D00825,D04403,P,338,unclassified,d0059
D00825,D04490,P,339,Enzyme: CYP2C9,d0059
D00825,D04530,P,340,unclassified,d0059
D00825,D04533,P,341,unclassified,d0059
D00825,D04556,P,342,unclassified,d0059
D00825,D04605,P,343,unclassified,d0059
D00825,D04638,P,344,unclassified,d0059
D00825,D04639,P,345,unclassified,d0059
D00825,D04641,P,346,Enzyme: CYP3A4 / CYP inhibition: CYP3A4,d0059
D00825,D04652,P,347,unclassified,d0059
D00825,D04666,P,348,unclassified,d0059
D00825,D04681,CI,349,unclassified,d0059
D00825,D04747,P,350,unclassified,d0059
D00825,D04768,P,351,CYP inhibition: CYP2C19,d0059
D00825,D04863,P,352,unclassified,d0059
D00825,D04965,P,353,unclassified,d0059
D00825,D04966,P,354,unclassified,d0059
D00825,D05033,CI,355,unclassified,d0059
D00825,D05039,CI,356,unclassified,d0059
D00825,D05040,CI,357,unclassified,d0059
D00825,D05121,P,358,unclassified,d0059
D00825,D05143,P,359,unclassified,d0059
D00825,D05177,P,360,CYP inhibition: CYP2C9,d0059
D00825,D05181,P,361,unclassified,d0059
D00825,D05231,P,362,unclassified,d0059
D00825,D05319,P,363,unclassified,d0059
D00825,D05339,P,364,unclassified,d0059
D00825,D05340,P,365,unclassified,d0059
D00825,D05404,P,366,unclassified,d0059
D00825,D05451,P,367,unclassified,d0059
D00825,D05511,P,368,Enzyme: CYP2C9,d0059
D00825,D05512,P,369,Enzyme: CYP2C9,d0059
D00825,D05513,P,370,Enzyme: CYP2C9,d0059
D00825,D05515,P,371,unclassified,d0059
D00825,D05594,P,372,unclassified,d0059
D00825,D05595,P,373,unclassified,d0059
D00825,D05598,P,374,unclassified,d0059
D00825,D05619,P,375,unclassified,d0059
D00825,D05740,P,376,unclassified,d0059
D00825,D05775,P,377,unclassified,d0059
D00825,D05788,P,378,unclassified,d0059
D00825,D05789,P,379,unclassified,d0059
D00825,D05791,P,380,unclassified,d0059
D00825,D05793,P,381,unclassified,d0059
D00825,D05830,P,382,unclassified,d0059
D00825,D05928,P,383,Enzyme: CYP2C19 CYP3A4 / CYP inhibition: CYP3A4 CYP2C19 CYP2C9,d0059
D00825,D05937,P,384,unclassified,d0059
D00825,D05995,P,385,unclassified,d0059
D00825,D05998,P,386,unclassified,d0059
D00825,D06082,P,387,unclassified,d0059
D00825,D06143,P,388,unclassified,d0059
D00825,D06156,P,389,unclassified,d0059
D00825,D06177,P,390,unclassified,d0059
D00825,D06364,P,391,unclassified,d0059
D00825,D06382,P,392,unclassified,d0059
D00825,D06404,P,393,unclassified,d0059
D00825,D06405,P,394,Enzyme: CYP3A4,d0059
D00825,D06413,P,395,Enzyme: CYP3A4,d0059
D00825,D06414,P,396,Enzyme: CYP3A4,d0059
D00825,D06478,P,397,Enzyme: CYP3A4 / CYP inhibition: CYP3A4,d0059
D00825,D06553,P,398,unclassified,d0059
D00825,D06597,P,399,Enzyme: CYP3A4 / CYP inhibition: CYP3A4 / CYP induction: CYP3A4 CYP2C9,d0059
D00825,D06606,P,400,Enzyme: CYP2C9,d0059
D00825,D06623,P,401,unclassified,d0059
D00825,D06645,P,402,unclassified,d0059
D00825,D07065,P,403,unclassified,d0059
D00825,D07080,P,404,unclassified,d0059
D00825,D07082,P,405,unclassified,d0059
D00825,D07086,P,406,Enzyme: CYP3A4,d0059
D00825,D07117,P,407,unclassified,d0059
D00825,D07118,P,408,unclassified,d0059
D00825,D07141,P,409,unclassified,d0059
D00825,D07192,P,410,unclassified,d0059
D00825,D07219,P,411,unclassified,d0059
D00825,D07262,P,412,unclassified,d0059
D00825,D07263,P,413,unclassified,d0059
D00825,D07264,P,414,unclassified,d0059
D00825,D07265,P,415,unclassified,d0059
D00825,D07266,P,416,unclassified,d0059
D00825,D07267,P,417,unclassified,d0059
D00825,D07268,P,418,unclassified,d0059
D00825,D07269,P,419,unclassified,d0059
D00825,D07290,P,420,unclassified,d0059
D00825,D07291,P,421,unclassified,d0059
D00825,D07292,P,422,unclassified,d0059
D00825,D07293,P,423,unclassified,d0059
D00825,D07307,P,424,unclassified,d0059
D00825,D07308,P,425,unclassified,d0059
D00825,D07334,P,426,Target: SLC6A4,d0059
D00825,D07335,P,427,unclassified,d0059
D00825,D07336,P,428,unclassified,d0059
D00825,D07337,CI,429,unclassified,d0059
D00825,D07338,CI,430,unclassified,d0059
D00825,D07421,P,431,unclassified,d0059
D00825,D07443,P,432,unclassified,d0059
D00825,D07448,P,433,Enzyme: CYP2C19 CYP3A4 / Target: SLC6A4,d0059
D00825,D07453,P,434,unclassified,d0059
D00825,D07488,P,435,unclassified,d0059
D00825,D07503,P,436,unclassified,d0059
D00825,D07505,P,437,unclassified,d0059
D00825,D07508,P,438,unclassified,d0059
D00825,D07516,P,439,unclassified,d0059
D00825,D07517,P,440,unclassified,d0059
D00825,D07541,P,441,unclassified,d0059
D00825,D07549,P,442,unclassified,d0059
D00825,D07579,P,443,unclassified,d0059
D00825,D07580,P,444,unclassified,d0059
D00825,D07581,P,445,unclassified,d0059
D00825,D07582,P,446,unclassified,d0059
D00825,D07583,P,447,Enzyme: CYP2C9 / CYP induction: CYP2B6,d0059
D00825,D07595,P,448,Enzyme: CYP2C9 / CYP induction: CYP3A4 CYP2B6,d0059
D00825,D07601,P,449,unclassified,d0059
D00825,D07612,P,450,unclassified,d0059
D00825,D07685,P,451,unclassified,d0059
D00825,D07700,P,452,unclassified,d0059
D00825,D07701,P,453,unclassified,d0059
D00825,D07727,P,454,Enzyme: CYP2C19 CYP3A4 / Target: SLC6A4,d0059
D00825,D07756,P,455,unclassified,d0059
D00825,D07791,P,456,Target: SLC6A4,d0059
D00825,D07812,P,457,unclassified,d0059
D00825,D07816,P,458,Enzyme: CYP2C9,d0059
D00825,D07817,P,459,Enzyme: CYP2C9,d0059
D00825,D07818,P,460,Enzyme: CYP2C9,d0059
D00825,D07819,P,461,Enzyme: CYP2C9,d0059
D00825,D07824,P,462,unclassified,d0059
D00825,D07837,P,463,Enzyme: CYP3A4,d0059
D00825,D07838,P,464,Enzyme: CYP3A4,d0059
D00825,D07865,P,465,unclassified,d0059
D00825,D07872,P,466,Target: SLC6A4,d0059
D00825,D07875,P,467,Enzyme: CYP2C19 CYP2C9 / Target: SLC6A4,d0059
D00825,D07887,P,468,Enzyme: CYP3A4,d0059
D00825,D07888,P,469,unclassified,d0059
D00825,D07906,P,470,Enzyme: CYP3A4,d0059
D00825,D07977,P,471,unclassified,d0059
D00825,D07991,P,472,unclassified,d0059
D00825,D07997,P,473,unclassified,d0059
D00825,D08021,P,474,unclassified,d0059
D00825,D08058,P,475,Enzyme: CYP2C9,d0059
D00825,D08059,P,476,Enzyme: CYP2C9,d0059
D00825,D08070,P,477,Enzyme: CYP2C19 CYP3A4 / Target: SLC6A4,d0059
D00825,D08071,P,478,Enzyme: CYP2C19 CYP3A4 / Target: SLC6A4,d0059
D00825,D08072,P,479,Target: SLC6A4,d0059
D00825,D08085,CI,480,unclassified,d0059
D00825,D08102,P,481,unclassified,d0059
D00825,D08103,P,482,unclassified,d0059
D00825,D08104,P,483,unclassified,d0059
D00825,D08140,P,484,Target: SLC6A4,d0059
D00825,D08142,P,485,unclassified,d0059
D00825,D08149,P,486,unclassified,d0059
D00825,D08153,P,487,unclassified,d0059
D00825,D08162,P,488,unclassified,d0059
D00825,D08171,P,489,unclassified,d0059
D00825,D08190,P,490,unclassified,d0059
D00825,D08255,P,491,Enzyme: CYP2C9 CYP3A4,d0059
D00825,D08275,P,492,unclassified,d0059
D00825,D08288,P,493,Target: SLC6A4,d0059
D00825,D08295,P,494,unclassified,d0059
D00825,D08297,P,495,unclassified,d0059
D00825,D08324,P,496,unclassified,d0059
D00825,D08341,P,497,unclassified,d0059
D00825,D08342,P,498,unclassified,d0059
D00825,D08349,CI,499,unclassified,d0059
D00825,D08351,P,500,unclassified,d0059
D00825,D08352,P,501,unclassified,d0059
D00825,D08363,P,502,CYP inhibition: CYP2C9,d0059
D00825,D08364,P,503,CYP inhibition: CYP2C9,d0059
D00825,D08374,P,504,unclassified,d0059
D00825,D08375,P,505,unclassified,d0059
D00825,D08378,P,506,unclassified,d0059
D00825,D08385,P,507,unclassified,d0059
D00825,D08392,CI,508,unclassified,d0059
D00825,D08393,CI,509,unclassified,d0059
D00825,D08427,P,510,unclassified,d0059
D00825,D08430,P,511,unclassified,d0059
D00825,D08447,P,512,Target: SLC6A4,d0059
D00825,D08453,CI,513,unclassified,d0059
D00825,D08456,P,514,Enzyme: CYP3A4,d0059
D00825,D08469,CI,515,unclassified,d0059
D00825,D08485,P,516,unclassified,d0059
D00825,D08491,P,517,unclassified,d0059
D00825,D08493,P,518,Enzyme: CYP2C19 CYP2C9 CYP3A4,d0059
D00825,D08501,P,519,unclassified,d0059
D00825,D08516,P,520,unclassified,d0059
D00825,D08585,P,521,unclassified,d0059
D00825,D08586,P,522,unclassified,d0059
D00825,D08592,P,523,unclassified,d0059
D00825,D08616,P,524,Enzyme: CYP3A4 / CYP inhibition: CYP3A4,d0059
D00825,D08625,CI,525,unclassified,d0059
D00825,D08630,P,526,unclassified,d0059
D00825,D08636,P,527,unclassified,d0059
D00825,D08657,P,528,unclassified,d0059
D00825,D08682,P,529,Enzyme: CYP2C9,d0059
D00825,D08843,P,530,unclassified,d0059
D00825,D08897,P,531,unclassified,d0059
D00825,D08996,P,532,Enzyme: CYP3A4,d0059
D00825,D09216,P,533,unclassified,d0059
D00825,D09546,P,534,unclassified,d0059
D00825,D09566,P,535,unclassified,d0059
D00825,D09568,P,536,unclassified,d0059
D00825,D09592,P,537,unclassified,d0059
D00825,D09638,P,538,Enzyme: CYP3A4,d0059
D00825,D09686,P,539,unclassified,d0059
D00825,D09729,P,540,unclassified,d0059
D00825,D09731,P,541,Enzyme: CYP3A4 / CYP inhibition: CYP2B6,d0059
D00825,D09744,P,542,unclassified,d0059
D00825,D09753,P,543,Enzyme: CYP3A4,d0059
D00825,D09756,P,544,Enzyme: CYP3A4 / CYP inhibition: CYP3A4,d0059
D00825,D09760,P,545,Enzyme: CYP2C9,d0059
D00825,D09763,P,546,unclassified,d0059
D00825,D09773,CI,547,unclassified,d0059
D00825,D09799,P,548,CYP inhibition: CYP3A4,d0059
D00825,D09815,P,549,unclassified,d0059
D00825,D09819,P,550,unclassified,d0059
D00825,D09848,P,551,Enzyme: CYP2C9,d0059
D00825,D09889,P,552,unclassified,d0059
D00825,D09996,P,553,CYP inhibition: CYP2C9 / CYP induction: CYP3A4,d0059
D00825,D09999,P,554,Enzyme: CYP3A4,d0059
D00825,D10003,P,555,CYP induction: CYP3A4,d0059
D00825,D10014,P,556,unclassified,d0059
D00825,D10017,P,557,unclassified,d0059
D00825,D10025,P,558,unclassified,d0059
D00825,D10104,P,559,Enzyme: CYP3A4 / CYP induction: CYP3A4 CYP2C9,d0059
D00825,D10127,P,560,unclassified,d0059
D00825,D10158,CI,561,unclassified,d0059
D00825,D10159,P,562,unclassified,d0059
D00825,D10161,P,563,unclassified,d0059
D00825,D10185,P,564,Enzyme: CYP2C19 CYP2C9 CYP2B6 / Target: SLC6A4,d0059
D00825,D10191,CI,565,unclassified,d0059
D00825,D10195,P,566,unclassified,d0059
D00825,D10196,P,567,unclassified,d0059
D00825,D10199,P,568,unclassified,d0059
D00825,D10200,P,569,unclassified,d0059
D00825,D10218,P,570,unclassified,d0059
D00825,D10244,P,571,unclassified,d0059
D00825,D10251,P,572,unclassified,d0059
D00825,D10253,P,573,unclassified,d0059
D00825,D10254,P,574,Enzyme: CYP2C9,d0059
D00825,D10258,P,575,unclassified,d0059
D00825,D10261,P,576,unclassified,d0059
D00825,D10262,P,577,Enzyme: CYP3A4,d0059
D00825,D10263,P,578,Enzyme: CYP3A4,d0059
D00825,D10264,P,579,unclassified,d0059
D00825,D10265,P,580,unclassified,d0059
D00825,D10266,P,581,unclassified,d0059
D00825,D10298,P,582,unclassified,d0059
D00825,D10313,P,583,unclassified,d0059
D00825,D10355,P,584,Enzyme: CYP3A4,d0059
D00825,D10364,P,585,Enzyme: CYP3A4,d0059
D00825,D10372,P,586,unclassified,d0059
D00825,D10424,P,587,unclassified,d0059
D00825,D10459,P,588,unclassified,d0059
D00825,D10466,P,589,Enzyme: CYP2C19 CYP3A4,d0059
D00825,D10500,P,590,unclassified,d0059
D00825,D10502,P,591,unclassified,d0059
D00825,D10512,P,592,Enzyme: CYP2C9 CYP2B6 CYP3A4,d0059
D00825,D10513,P,593,Enzyme: CYP2C19 CYP2B6 CYP3A4,d0059
D00825,D10516,P,594,Enzyme: CYP3A4,d0059
D00825,D10527,P,595,Enzyme: CYP2C19 CYP3A4,d0059
D00825,D10537,P,596,CYP inhibition: CYP2B6 CYP2C9 CYP2C19,d0059
D00825,D10551,P,597,CYP inhibition: CYP2C9,d0059
D00825,D10564,P,598,CYP induction: CYP2B6,d0059
D00825,D10566,P,599,unclassified,d0059
D00825,D10569,P,600,unclassified,d0059
D00825,D10586,P,601,unclassified,d0059
D00825,D10587,P,602,unclassified,d0059
D00825,D10588,P,603,unclassified,d0059
D00825,D10633,P,604,Enzyme: CYP3A4,d0059
D00825,D10643,P,605,CYP induction: CYP2B6,d0059
D00825,D10656,P,606,unclassified,d0059
D00825,D10669,P,607,unclassified,d0059
D00825,D10743,P,608,unclassified,d0059
D00825,D10752,P,609,unclassified,d0059
D00825,D10762,P,610,unclassified,d0059
D00825,D10774,P,611,Enzyme: CYP2C19 CYP3A4,d0059
D00825,D10775,P,612,Enzyme: CYP2C19 CYP3A4 / CYP inhibition: CYP3A4,d0059
D00825,D10793,P,613,unclassified,d0059
D00825,D10801,P,614,CYP induction: CYP2C9 CYP2C19,d0059
D00825,D10811,P,615,Enzyme: CYP3A4,d0059
D00825,D10826,P,616,unclassified,d0059
D00825,D10829,CI,617,unclassified,d0059
D00825,D10832,P,618,unclassified,d0059
D00825,D10865,P,619,unclassified,d0059
D00825,D10926,P,620,Enzyme: CYP3A4,d0059
D00825,D10990,P,621,unclassified,d0059
D00825,D11012,P,622,unclassified,d0059
D00825,D11023,P,623,unclassified,d0059
D00825,D11040,P,624,Enzyme: CYP3A4 / CYP induction: CYP3A4 CYP2C19,d0059
D00825,D11043,P,625,unclassified,d0059
D00825,D11053,P,626,Enzyme: CYP3A4,d0059
D00825,D11062,P,627,Enzyme: CYP2B6 CYP3A4,d0059
D00825,D11066,P,628,unclassified,d0059
D00825,D11067,P,629,unclassified,d0059
D00825,D11090,P,630,unclassified,d0059
D00825,D11138,P,631,unclassified,d0059
D00825,D11194,P,632,unclassified,d0059
D00825,D11296,P,633,Enzyme: CYP2C19 CYP3A4,d0059
D00825,D11342,P,634,unclassified,d0059
D00825,D11360,P,635,unclassified,d0059
D00825,D11370,P,636,unclassified,d0059
D00825,D11371,P,637,unclassified,d0059
D00825,D11382,P,638,unclassified,d0059
D00825,D11404,P,639,Enzyme: CYP3A4,d0059
D00825,D11422,P,640,unclassified,d0059
D00825,D11454,P,641,Enzyme: CYP3A4,d0059
D00825,D11485,P,642,unclassified,d0059
D00825,D11557,P,643,CYP inhibition: CYP2C19 / CYP induction: CYP3A4 CYP2B6,d0059
D00825,D11617,P,644,Enzyme: CYP3A4,d0059
D00825,D11674,P,645,CYP inhibition: CYP3A4,d0059
D00825,D11711,P,646,unclassified,d0059
D00825,D11713,P,647,Enzyme: CYP3A4,d0059
D00825,D11804,P,648,unclassified,d0059
D00825,D11807,P,649,unclassified,d0059
D00825,D11816,P,650,Enzyme: CYP3A4,d0059
D00825,D11835,P,651,Enzyme: CYP2C19 CYP2C9,d0059
D00825,D11856,P,652,unclassified,d0059
D00825,D11873,P,653,unclassified,d0059
D00825,D11887,P,654,unclassified,d0059
D00825,D11920,P,655,unclassified,d0059
D00825,D11923,P,656,unclassified,d0059
D00825,D11924,P,657,unclassified,d0059
D00825,D11954,P,658,Enzyme: CYP2C19,d0059
D00825,D11968,P,659,Enzyme: CYP3A4 / CYP inhibition: CYP3A4,d0059
D00825,D11970,P,660,unclassified,d0059
D00825,D12015,P,661,unclassified,d0059
D00825,D12049,P,662,CYP inhibition: CYP2B6 CYP2C9 CYP2C19,d0059
D00825,D12050,P,663,Enzyme: CYP3A4 / CYP inhibition: CYP2C19,d0059
D00825,D12055,P,664,unclassified,d0059
D00825,D12245,P,665,Enzyme: CYP3A4,d0059
D00825,D12252,P,666,CYP induction: CYP3A4,d0059
D00825,D12294,P,667,unclassified,d0059
D00825,D12442,P,668,unclassified,d0059
D00825,D12444,P,669,Enzyme: CYP3A4,d0059
D00825,D12484,P,670,unclassified,d0059
D00825,D12586,P,671,unclassified,d0059
D00825,D12595,P,672,unclassified,d0059
D00825,D12596,P,673,unclassified,d0059
D00825,D12597,P,674,Enzyme: CYP2C9,d0059
D00825,D12598,P,675,Enzyme: CYP2C9,d0059
D00825,D12703,P,676,unclassified,d0059
D00825,D12837,P,677,CYP induction: CYP2B6 CYP2C9 CYP2C19,d0059
D00825,D13015,P,678,unclassified,d0059
D00825,D13055,P,679,unclassified,d0059
D00825,D13099,P,680,Enzyme: CYP3A4,d0059
D00826,D00076,P,1,unclassified,d0111
D00826,D00095,P,2,unclassified,d0111
D00826,D00216,P,3,unclassified,d0111
D00826,D00225,P,4,unclassified,d0111
D00826,D00228,CI,5,unclassified,d0111
D00826,D00252,P,6,unclassified,d0111
D00826,D00265,P,7,unclassified,d0111
D00826,D00267,P,8,unclassified,d0111
D00826,D00280,P,9,unclassified,d0111
D00826,D00283,P,10,unclassified,d0111
D00826,D00293,P,11,unclassified,d0111
D00826,D00295,P,12,unclassified,d0111
D00826,D00308,P,13,unclassified,d0111
D00826,D00311,P,14,unclassified,d0111
D00826,D00320,P,15,unclassified,d0111
D00826,D00336,P,16,unclassified,d0111
D00826,D00365,P,17,unclassified,d0111
D00826,D00367,CI,18,unclassified,d0111
D00826,D00387,P,19,unclassified,d0111
D00826,D00388,P,20,unclassified,d0111
D00826,D00402,P,21,unclassified,d0111
D00826,D00415,CI,22,Enzyme-Target: MAOA,d0111
D00826,D00451,CI,23,Enzyme-Target: MAOA,d0111
D00826,D00457,P,24,unclassified,d0111
D00826,D00474,P,25,unclassified,d0111
D00826,D00481,P,26,unclassified,d0111
D00826,D00506,P,27,unclassified,d0111
D00826,D00511,P,28,unclassified,d0111
D00826,D00520,CI,29,unclassified,d0111
D00826,D00531,P,30,unclassified,d0111
D00826,D00550,P,31,unclassified,d0111
D00826,D00563,CI,32,unclassified,d0111
D00826,D00593,P,33,unclassified,d0111
D00826,D00594,P,34,unclassified,d0111
D00826,D00605,P,35,unclassified,d0111
D00826,D00625,P,36,unclassified,d0111
D00826,D00633,P,37,Enzyme-Target: MAOB,d0111
D00826,D00665,P,38,unclassified,d0111
D00826,D00666,P,39,unclassified,d0111
D00826,D00668,P,40,unclassified,d0111
D00826,D00669,P,41,unclassified,d0111
D00826,D00672,P,42,unclassified,d0111
D00826,D00675,CI,43,unclassified,d0111
D00826,D00676,CI,44,Enzyme-Target: MAOA,d0111
D00826,D00677,P,45,unclassified,d0111
D00826,D00678,P,46,unclassified,d0111
D00826,D00694,P,47,unclassified,d0111
D00826,D00701,P,48,unclassified,d0111
D00826,D00713,P,49,unclassified,d0111
D00826,D00714,P,50,unclassified,d0111
D00826,D00720,P,51,unclassified,d0111
D00826,D00722,P,52,unclassified,d0111
D00826,D00744,P,53,unclassified,d0111
D00826,D00754,P,54,unclassified,d0111
D00826,D00765,P,55,unclassified,d0111
D00826,D00770,P,56,unclassified,d0111
D00826,D00785,CI,57,Target: MAOB,d0111
D00826,D00787,P,58,unclassified,d0111
D00826,D00809,CI,59,unclassified,d0111
D00826,D00811,CI,60,unclassified,d0111
D00826,D00815,CI,61,unclassified,d0111
D00826,D00816,CI,62,unclassified,d0111
D00826,D00818,CI,63,unclassified,d0111
D00826,D00820,P,64,unclassified,d0111
D00826,D00821,CI,65,unclassified,d0111
D00826,D00824,CI,66,unclassified,d0111
D00826,D00825,CI,67,unclassified,d0111
D00826,D00836,P,68,unclassified,d0111
D00826,D00839,P,69,unclassified,d0111
D00826,D00842,P,70,unclassified,d0111
D00826,D00944,P,71,unclassified,d0111
D00826,D00945,P,72,unclassified,d0111
D00826,D00947,P,73,unclassified,d0111
D00826,D01007,P,74,unclassified,d0111
D00826,D01008,CI,75,unclassified,d0111
D00826,D01021,CI,76,unclassified,d0111
D00826,D01022,P,77,unclassified,d0111
D00826,D01096,P,78,unclassified,d0111
D00826,D01107,CI,79,unclassified,d0111
D00826,D01111,P,80,unclassified,d0111
D00826,D01165,P,81,unclassified,d0111
D00826,D01179,CI,82,unclassified,d0111
D00826,D01226,P,83,unclassified,d0111
D00826,D01230,P,84,unclassified,d0111
D00826,D01245,P,85,unclassified,d0111
D00826,D01253,P,86,unclassified,d0111
D00826,D01268,P,87,unclassified,d0111
D00826,D01269,P,88,unclassified,d0111
D00826,D01277,P,89,unclassified,d0111
D00826,D01278,P,90,unclassified,d0111
D00826,D01280,P,91,unclassified,d0111
D00826,D01292,P,92,unclassified,d0111
D00826,D01293,P,93,unclassified,d0111
D00826,D01296,CI,94,unclassified,d0111
D00826,D01302,P,95,unclassified,d0111
D00826,D01324,P,96,unclassified,d0111
D00826,D01328,P,97,unclassified,d0111
D00826,D01347,CI,98,unclassified,d0111
D00826,D01355,CI,99,unclassified,d0111
D00826,D01358,CI,100,unclassified,d0111
D00826,D01383,CI,101,unclassified,d0111
D00826,D01386,P,102,unclassified,d0111
D00826,D01389,P,103,unclassified,d0111
D00826,D01399,P,104,unclassified,d0111
D00826,D01408,P,105,unclassified,d0111
D00826,D01451,P,106,unclassified,d0111
D00826,D01453,P,107,unclassified,d0111
D00826,D01481,P,108,unclassified,d0111
D00826,D01514,P,109,unclassified,d0111
D00826,D01564,P,110,unclassified,d0111
D00826,D01599,P,111,unclassified,d0111
D00826,D01657,P,112,unclassified,d0111
D00826,D01665,P,113,unclassified,d0111
D00826,D01744,P,114,unclassified,d0111
D00826,D01832,P,115,unclassified,d0111
D00826,D01854,P,116,unclassified,d0111
D00826,D01872,P,117,unclassified,d0111
D00826,D01875,P,118,unclassified,d0111
D00826,D01898,P,119,unclassified,d0111
D00826,D01903,P,120,unclassified,d0111
D00826,D02016,P,121,unclassified,d0111
D00826,D02034,CI,122,unclassified,d0111
D00826,D02064,P,123,unclassified,d0111
D00826,D02069,P,124,unclassified,d0111
D00826,D02076,P,125,unclassified,d0111
D00826,D02101,P,126,unclassified,d0111
D00826,D02102,P,127,unclassified,d0111
D00826,D02106,P,128,unclassified,d0111
D00826,D02109,P,129,unclassified,d0111
D00826,D02234,P,130,unclassified,d0111
D00826,D02242,CI,131,unclassified,d0111
D00826,D02246,P,132,unclassified,d0111
D00826,D02247,P,133,unclassified,d0111
D00826,D02260,CI,134,unclassified,d0111
D00826,D02271,P,135,unclassified,d0111
D00826,D02408,CI,136,unclassified,d0111
D00826,D02409,P,137,unclassified,d0111
D00826,D02484,P,138,unclassified,d0111
D00826,D02535,P,139,unclassified,d0111
D00826,D02562,CI,140,Target: MAOB,d0111
D00826,D02567,CI,141,unclassified,d0111
D00826,D02574,CI,142,unclassified,d0111
D00826,D03230,P,143,unclassified,d0111
D00826,D03250,P,144,unclassified,d0111
D00826,D03855,CI,145,unclassified,d0111
D00826,D04044,P,146,unclassified,d0111
D00826,D04052,P,147,unclassified,d0111
D00826,D04062,P,148,unclassified,d0111
D00826,D04081,P,149,unclassified,d0111
D00826,D04148,CI,150,unclassified,d0111
D00826,D04251,CI,151,unclassified,d0111
D00826,D04259,P,152,unclassified,d0111
D00826,D04261,P,153,unclassified,d0111
D00826,D04313,P,154,unclassified,d0111
D00826,D04342,P,155,unclassified,d0111
D00826,D04364,P,156,unclassified,d0111
D00826,D04447,P,157,unclassified,d0111
D00826,D04475,P,158,unclassified,d0111
D00826,D04477,P,159,unclassified,d0111
D00826,D04539,P,160,unclassified,d0111
D00826,D04540,P,161,unclassified,d0111
D00826,D04547,P,162,unclassified,d0111
D00826,D04747,CI,163,unclassified,d0111
D00826,D04813,P,164,unclassified,d0111
D00826,D05462,P,165,unclassified,d0111
D00826,D05928,P,166,unclassified,d0111
D00826,D06273,P,167,unclassified,d0111
D00826,D06405,P,168,unclassified,d0111
D00826,D06553,P,169,unclassified,d0111
D00826,D06645,P,170,unclassified,d0111
D00826,D06698,P,171,unclassified,d0111
D00826,D06921,P,172,unclassified,d0111
D00826,D06927,P,173,unclassified,d0111
D00826,D06928,P,174,unclassified,d0111
D00826,D06951,P,175,unclassified,d0111
D00826,D06953,P,176,unclassified,d0111
D00826,D06955,P,177,unclassified,d0111
D00826,D06956,P,178,unclassified,d0111
D00826,D06987,P,179,unclassified,d0111
D00826,D06994,P,180,unclassified,d0111
D00826,D07041,P,181,unclassified,d0111
D00826,D07042,P,182,unclassified,d0111
D00826,D07043,P,183,unclassified,d0111
D00826,D07044,P,184,unclassified,d0111
D00826,D07045,P,185,unclassified,d0111
D00826,D07048,P,186,unclassified,d0111
D00826,D07080,P,187,unclassified,d0111
D00826,D07132,P,188,unclassified,d0111
D00826,D07583,P,189,unclassified,d0111
D00826,D08080,P,190,unclassified,d0111
D00826,D08575,CI,191,unclassified,d0111
D00826,D08695,P,192,unclassified,d0111
D00826,D08769,P,193,unclassified,d0111
D00826,D08897,P,194,unclassified,d0111
D00826,D08923,P,195,unclassified,d0111
D00826,D09186,P,196,unclassified,d0111
D00826,D09319,P,197,unclassified,d0111
D00826,D09566,P,198,unclassified,d0111
D00826,D09592,P,199,unclassified,d0111
D00826,D09727,P,200,unclassified,d0111
D00826,D09744,P,201,unclassified,d0111
D00826,D09753,P,202,unclassified,d0111
D00826,D09756,P,203,unclassified,d0111
D00826,D09763,P,204,unclassified,d0111
D00826,D09780,P,205,unclassified,d0111
D00826,D09848,P,206,unclassified,d0111
D00826,D09889,P,207,unclassified,d0111
D00826,D09978,P,208,unclassified,d0111
D00826,D09999,CI,209,unclassified,d0111
D00826,D10159,P,210,unclassified,d0111
D00826,D10160,P,211,unclassified,d0111
D00826,D10179,P,212,unclassified,d0111
D00826,D10185,CI,213,unclassified,d0111
D00826,D10191,CI,214,Target: MAOB / Enzyme-Target: MAOA,d0111
D00826,D10195,P,215,unclassified,d0111
D00826,D10200,P,216,unclassified,d0111
D00826,D10253,P,217,unclassified,d0111
D00826,D10298,P,218,unclassified,d0111
D00826,D10317,P,219,unclassified,d0111
D00826,D10424,P,220,unclassified,d0111
D00826,D10459,P,221,unclassified,d0111
D00826,D10505,P,222,unclassified,d0111
D00826,D10570,P,223,unclassified,d0111
D00826,D10588,P,224,unclassified,d0111
D00826,D10743,P,225,unclassified,d0111
D00826,D10744,P,226,unclassified,d0111
D00826,D10854,P,227,unclassified,d0111
D00826,D10897,P,228,unclassified,d0111
D00826,D10967,P,229,unclassified,d0111
D00826,D10999,P,230,unclassified,d0111
D00826,D11034,P,231,unclassified,d0111
D00826,D11064,P,232,unclassified,d0111
D00826,D11109,P,233,unclassified,d0111
D00826,D11290,P,234,unclassified,d0111
D00826,D11567,P,235,unclassified,d0111
D00826,D11807,P,236,unclassified,d0111
D00826,D11861,P,237,unclassified,d0111
D00826,D11862,P,238,unclassified,d0111
D00826,D12358,P,239,unclassified,d0111
D00826,D12437,P,240,unclassified,d0111
D00826,D13245,P,241,unclassified,d0111
D01097,D00076,P,1,unclassified,d0103
D01097,D00095,P,2,unclassified,d0103
D01097,D00216,P,3,unclassified,d0103
D01097,D00225,P,4,unclassified,d0103
D01097,D00228,CI,5,unclassified,d0103
D01097,D00265,P,6,unclassified,d0103
D01097,D00267,P,7,unclassified,d0103
D01097,D00280,P,8,unclassified,d0103
D01097,D00283,P,9,unclassified,d0103
D01097,D00293,P,10,unclassified,d0103
D01097,D00308,P,11,unclassified,d0103
D01097,D00311,P,12,unclassified,d0103
D01097,D00320,P,13,unclassified,d0103
D01097,D00336,P,14,unclassified,d0103
D01097,D00365,P,15,unclassified,d0103
D01097,D00367,CI,16,unclassified,d0103
D01097,D00387,P,17,unclassified,d0103
D01097,D00388,P,18,unclassified,d0103
D01097,D00402,P,19,unclassified,d0103
D01097,D00415,CI,20,unclassified,d0103
D01097,D00451,CI,21,unclassified,d0103
D01097,D00457,P,22,unclassified,d0103
D01097,D00474,P,23,unclassified,d0103
D01097,D00481,P,24,unclassified,d0103
D01097,D00506,P,25,unclassified,d0103
D01097,D00511,P,26,unclassified,d0103
D01097,D00520,CI,27,unclassified,d0103
D01097,D00531,P,28,unclassified,d0103
D01097,D00550,P,29,unclassified,d0103
D01097,D00563,CI,30,unclassified,d0103
D01097,D00593,P,31,unclassified,d0103
D01097,D00594,P,32,unclassified,d0103
D01097,D00625,P,33,unclassified,d0103
D01097,D00633,P,34,Enzyme-Target: MAOB,d0103
D01097,D00665,P,35,unclassified,d0103
D01097,D00666,P,36,unclassified,d0103
D01097,D00668,P,37,unclassified,d0103
D01097,D00669,P,38,unclassified,d0103
D01097,D00672,P,39,unclassified,d0103
D01097,D00675,CI,40,unclassified,d0103
D01097,D00676,CI,41,unclassified,d0103
D01097,D00677,P,42,unclassified,d0103
D01097,D00678,P,43,unclassified,d0103
D01097,D00694,P,44,unclassified,d0103
D01097,D00701,P,45,unclassified,d0103
D01097,D00713,P,46,unclassified,d0103
D01097,D00714,P,47,unclassified,d0103
D01097,D00720,P,48,unclassified,d0103
D01097,D00722,P,49,unclassified,d0103
D01097,D00744,P,50,unclassified,d0103
D01097,D00765,P,51,unclassified,d0103
D01097,D00770,P,52,unclassified,d0103
D01097,D00781,P,53,unclassified,d0103
D01097,D00785,CI,54,Target: MAOB,d0103
D01097,D00787,P,55,unclassified,d0103
D01097,D00809,CI,56,unclassified,d0103
D01097,D00811,CI,57,unclassified,d0103
D01097,D00815,CI,58,unclassified,d0103
D01097,D00816,CI,59,unclassified,d0103
D01097,D00818,CI,60,unclassified,d0103
D01097,D00820,P,61,unclassified,d0103
D01097,D00821,CI,62,unclassified,d0103
D01097,D00824,CI,63,unclassified,d0103
D01097,D00825,CI,64,unclassified,d0103
D01097,D00836,P,65,unclassified,d0103
D01097,D00839,P,66,unclassified,d0103
D01097,D00842,P,67,unclassified,d0103
D01097,D00848,P,68,unclassified,d0103
D01097,D00944,P,69,unclassified,d0103
D01097,D00945,P,70,unclassified,d0103
D01097,D00947,P,71,unclassified,d0103
D01097,D01007,P,72,unclassified,d0103
D01097,D01008,CI,73,unclassified,d0103
D01097,D01021,CI,74,unclassified,d0103
D01097,D01022,P,75,unclassified,d0103
D01097,D01096,P,76,unclassified,d0103
D01097,D01107,CI,77,unclassified,d0103
D01097,D01111,P,78,unclassified,d0103
D01097,D01165,P,79,unclassified,d0103
D01097,D01179,CI,80,unclassified,d0103
D01097,D01226,P,81,unclassified,d0103
D01097,D01230,P,82,unclassified,d0103
D01097,D01245,P,83,unclassified,d0103
D01097,D01253,P,84,unclassified,d0103
D01097,D01268,P,85,unclassified,d0103
D01097,D01269,P,86,unclassified,d0103
D01097,D01277,P,87,unclassified,d0103
D01097,D01278,P,88,unclassified,d0103
D01097,D01280,P,89,unclassified,d0103
D01097,D01292,P,90,unclassified,d0103
D01097,D01293,P,91,unclassified,d0103
D01097,D01296,CI,92,unclassified,d0103
D01097,D01302,P,93,unclassified,d0103
D01097,D01324,P,94,unclassified,d0103
D01097,D01328,P,95,unclassified,d0103
D01097,D01347,CI,96,unclassified,d0103
D01097,D01355,CI,97,unclassified,d0103
D01097,D01358,CI,98,unclassified,d0103
D01097,D01383,CI,99,unclassified,d0103
D01097,D01386,P,100,unclassified,d0103
D01097,D01389,P,101,unclassified,d0103
D01097,D01399,P,102,unclassified,d0103
D01097,D01408,P,103,unclassified,d0103
D01097,D01451,P,104,unclassified,d0103
D01097,D01453,P,105,unclassified,d0103
D01097,D01481,P,106,unclassified,d0103
D01097,D01514,P,107,unclassified,d0103
D01097,D01564,P,108,unclassified,d0103
D01097,D01599,P,109,unclassified,d0103
D01097,D01657,P,110,unclassified,d0103
D01097,D01665,P,111,unclassified,d0103
D01097,D01744,P,112,unclassified,d0103
D01097,D01832,P,113,unclassified,d0103
D01097,D01854,P,114,unclassified,d0103
D01097,D01872,P,115,unclassified,d0103
D01097,D01875,P,116,unclassified,d0103
D01097,D01898,P,117,unclassified,d0103
D01097,D01903,P,118,unclassified,d0103
D01097,D02016,P,119,unclassified,d0103
D01097,D02034,CI,120,unclassified,d0103
D01097,D02064,P,121,unclassified,d0103
D01097,D02069,P,122,unclassified,d0103
D01097,D02076,P,123,unclassified,d0103
D01097,D02101,P,124,unclassified,d0103
D01097,D02102,P,125,unclassified,d0103
D01097,D02109,P,126,unclassified,d0103
D01097,D02234,P,127,unclassified,d0103
D01097,D02242,CI,128,unclassified,d0103
D01097,D02246,P,129,unclassified,d0103
D01097,D02247,P,130,unclassified,d0103
D01097,D02260,CI,131,unclassified,d0103
D01097,D02271,P,132,unclassified,d0103
D01097,D02408,CI,133,unclassified,d0103
D01097,D02409,P,134,unclassified,d0103
D01097,D02535,P,135,unclassified,d0103
D01097,D02562,CI,136,Target: MAOB,d0103
D01097,D02567,CI,137,unclassified,d0103
D01097,D02574,CI,138,unclassified,d0103
D01097,D03230,P,139,unclassified,d0103
D01097,D03250,P,140,unclassified,d0103
D01097,D03855,CI,141,unclassified,d0103
D01097,D04044,P,142,unclassified,d0103
D01097,D04052,P,143,unclassified,d0103
D01097,D04062,P,144,unclassified,d0103
D01097,D04081,P,145,unclassified,d0103
D01097,D04148,CI,146,unclassified,d0103
D01097,D04251,CI,147,unclassified,d0103
D01097,D04259,P,148,unclassified,d0103
D01097,D04261,P,149,unclassified,d0103
D01097,D04313,P,150,unclassified,d0103
D01097,D04340,P,151,unclassified,d0103
D01097,D04342,P,152,unclassified,d0103
D01097,D04364,P,153,unclassified,d0103
D01097,D04447,P,154,unclassified,d0103
D01097,D04475,P,155,unclassified,d0103
D01097,D04477,P,156,unclassified,d0103
D01097,D04539,P,157,unclassified,d0103
D01097,D04540,P,158,unclassified,d0103
D01097,D04547,P,159,unclassified,d0103
D01097,D04747,CI,160,unclassified,d0103
D01097,D04813,P,161,unclassified,d0103
D01097,D05462,P,162,unclassified,d0103
D01097,D06273,P,163,unclassified,d0103
D01097,D06553,P,164,unclassified,d0103
D01097,D06645,P,165,unclassified,d0103
D01097,D06698,P,166,unclassified,d0103
D01097,D06921,P,167,unclassified,d0103
D01097,D06927,P,168,unclassified,d0103
D01097,D06928,P,169,unclassified,d0103
D01097,D06951,P,170,unclassified,d0103
D01097,D06953,P,171,unclassified,d0103
D01097,D06955,P,172,unclassified,d0103
D01097,D06956,P,173,unclassified,d0103
D01097,D06987,P,174,unclassified,d0103
D01097,D06994,P,175,unclassified,d0103
D01097,D07041,P,176,unclassified,d0103
D01097,D07042,P,177,unclassified,d0103
D01097,D07043,P,178,unclassified,d0103
D01097,D07044,P,179,unclassified,d0103
D01097,D07045,P,180,unclassified,d0103
D01097,D07048,P,181,unclassified,d0103
D01097,D07080,P,182,unclassified,d0103
D01097,D07132,P,183,unclassified,d0103
D01097,D07583,P,184,unclassified,d0103
D01097,D08080,P,185,unclassified,d0103
D01097,D08575,CI,186,unclassified,d0103
D01097,D08695,P,187,unclassified,d0103
D01097,D08769,P,188,unclassified,d0103
D01097,D08897,P,189,unclassified,d0103
D01097,D08923,P,190,unclassified,d0103
D01097,D09186,P,191,unclassified,d0103
D01097,D09319,P,192,unclassified,d0103
D01097,D09566,P,193,unclassified,d0103
D01097,D09592,P,194,unclassified,d0103
D01097,D09727,P,195,unclassified,d0103
D01097,D09744,P,196,unclassified,d0103
D01097,D09753,P,197,unclassified,d0103
D01097,D09756,P,198,unclassified,d0103
D01097,D09763,P,199,unclassified,d0103
D01097,D09780,P,200,unclassified,d0103
D01097,D09848,P,201,unclassified,d0103
D01097,D09889,P,202,unclassified,d0103
D01097,D09978,P,203,unclassified,d0103
D01097,D09999,CI,204,unclassified,d0103
D01097,D10159,P,205,unclassified,d0103
D01097,D10160,P,206,unclassified,d0103
D01097,D10179,P,207,unclassified,d0103
D01097,D10185,CI,208,unclassified,d0103
D01097,D10191,CI,209,Target: MAOB,d0103
D01097,D10195,P,210,unclassified,d0103
D01097,D10200,P,211,unclassified,d0103
D01097,D10252,P,212,unclassified,d0103
D01097,D10253,P,213,unclassified,d0103
D01097,D10293,P,214,unclassified,d0103
D01097,D10298,P,215,unclassified,d0103
D01097,D10317,P,216,unclassified,d0103
D01097,D10424,P,217,unclassified,d0103
D01097,D10459,P,218,unclassified,d0103
D01097,D10505,P,219,unclassified,d0103
D01097,D10570,P,220,unclassified,d0103
D01097,D10588,P,221,unclassified,d0103
D01097,D10743,P,222,unclassified,d0103
D01097,D10744,P,223,unclassified,d0103
D01097,D10825,P,224,unclassified,d0103
D01097,D10854,P,225,unclassified,d0103
D01097,D10897,P,226,unclassified,d0103
D01097,D10967,P,227,unclassified,d0103
D01097,D10999,P,228,unclassified,d0103
D01097,D11034,P,229,unclassified,d0103
D01097,D11064,P,230,unclassified,d0103
D01097,D11109,P,231,unclassified,d0103
D01097,D11290,P,232,unclassified,d0103
D01097,D11567,P,233,unclassified,d0103
D01097,D11807,P,234,unclassified,d0103
D01097,D11861,P,235,unclassified,d0103
D01097,D11862,P,236,unclassified,d0103
D01097,D12358,P,237,unclassified,d0103
D01097,D12437,P,238,unclassified,d0103
D01097,D13245,P,239,unclassified,d0103
D01501,D00059,P,1,unclassified,d0118
D01501,D00076,P,2,unclassified,d0118
D01501,D00095,P,3,unclassified,d0118
D01501,D00131,P,4,unclassified,d0118
D01501,D00211,P,5,unclassified,d0118
D01501,D00216,P,6,unclassified,d0118
D01501,D00217,P,7,unclassified,d0118
D01501,D00225,P,8,unclassified,d0118
D01501,D00228,CI,9,unclassified,d0118
D01501,D00252,P,10,unclassified,d0118
D01501,D00253,P,11,unclassified,d0118
D01501,D00265,P,12,unclassified,d0118
D01501,D00267,P,13,unclassified,d0118
D01501,D00280,P,14,unclassified,d0118
D01501,D00283,P,15,unclassified,d0118
D01501,D00293,P,16,unclassified,d0118
D01501,D00308,P,17,unclassified,d0118
D01501,D00311,P,18,unclassified,d0118
D01501,D00320,P,19,unclassified,d0118
D01501,D00336,P,20,unclassified,d0118
D01501,D00346,P,21,unclassified,d0118
D01501,D00350,P,22,unclassified,d0118
D01501,D00365,P,23,unclassified,d0118
D01501,D00367,CI,24,unclassified,d0118
D01501,D00387,P,25,unclassified,d0118
D01501,D00388,P,26,unclassified,d0118
D01501,D00402,P,27,unclassified,d0118
D01501,D00415,CI,28,unclassified,d0118
D01501,D00451,CI,29,unclassified,d0118
D01501,D00457,P,30,unclassified,d0118
D01501,D00474,P,31,unclassified,d0118
D01501,D00481,P,32,unclassified,d0118
D01501,D00506,P,33,unclassified,d0118
D01501,D00511,P,34,unclassified,d0118
D01501,D00512,P,35,unclassified,d0118
D01501,D00520,CI,36,unclassified,d0118
D01501,D00531,P,37,unclassified,d0118
D01501,D00550,P,38,unclassified,d0118
D01501,D00563,CI,39,unclassified,d0118
D01501,D00591,P,40,unclassified,d0118
D01501,D00593,P,41,unclassified,d0118
D01501,D00594,P,42,unclassified,d0118
D01501,D00625,P,43,unclassified,d0118
D01501,D00633,P,44,unclassified,d0118
D01501,D00665,P,45,unclassified,d0118
D01501,D00666,P,46,unclassified,d0118
D01501,D00668,P,47,unclassified,d0118
D01501,D00669,P,48,unclassified,d0118
D01501,D00672,P,49,unclassified,d0118
D01501,D00675,CI,50,unclassified,d0118
D01501,D00676,CI,51,unclassified,d0118
D01501,D00677,P,52,unclassified,d0118
D01501,D00678,P,53,unclassified,d0118
D01501,D00694,P,54,unclassified,d0118
D01501,D00701,P,55,unclassified,d0118
D01501,D00708,P,56,unclassified,d0118
D01501,D00713,P,57,unclassified,d0118
D01501,D00714,P,58,unclassified,d0118
D01501,D00720,P,59,unclassified,d0118
D01501,D00722,P,60,unclassified,d0118
D01501,D00744,P,61,unclassified,d0118
D01501,D00765,P,62,unclassified,d0118
D01501,D00770,P,63,unclassified,d0118
D01501,D00785,CI,64,unclassified,d0118
D01501,D00787,P,65,unclassified,d0118
D01501,D00809,CI,66,unclassified,d0118
D01501,D00811,CI,67,unclassified,d0118
D01501,D00815,CI,68,unclassified,d0118
D01501,D00816,CI,69,unclassified,d0118
D01501,D00818,CI,70,unclassified,d0118
D01501,D00820,P,71,unclassified,d0118
D01501,D00821,CI,72,unclassified,d0118
D01501,D00824,CI,73,unclassified,d0118
D01501,D00825,CI,74,unclassified,d0118
D01501,D00836,P,75,unclassified,d0118
D01501,D00839,P,76,unclassified,d0118
D01501,D00842,P,77,unclassified,d0118
D01501,D00877,P,78,unclassified,d0118
D01501,D00878,P,79,unclassified,d0118
D01501,D00944,P,80,unclassified,d0118
D01501,D00945,P,81,unclassified,d0118
D01501,D00947,P,82,unclassified,d0118
D01501,D01007,P,83,unclassified,d0118
D01501,D01008,CI,84,unclassified,d0118
D01501,D01021,CI,85,unclassified,d0118
D01501,D01022,P,86,unclassified,d0118
D01501,D01056,P,87,unclassified,d0118
D01501,D01096,P,88,unclassified,d0118
D01501,D01107,CI,89,unclassified,d0118
D01501,D01111,P,90,unclassified,d0118
D01501,D01165,P,91,unclassified,d0118
D01501,D01179,CI,92,unclassified,d0118
D01501,D01226,P,93,unclassified,d0118
D01501,D01230,P,94,unclassified,d0118
D01501,D01245,P,95,unclassified,d0118
D01501,D01253,P,96,unclassified,d0118
D01501,D01268,P,97,unclassified,d0118
D01501,D01269,P,98,unclassified,d0118
D01501,D01277,P,99,unclassified,d0118
D01501,D01278,P,100,unclassified,d0118
D01501,D01280,P,101,unclassified,d0118
D01501,D01292,P,102,unclassified,d0118
D01501,D01293,P,103,unclassified,d0118
D01501,D01296,CI,104,unclassified,d0118
D01501,D01302,P,105,unclassified,d0118
D01501,D01324,P,106,unclassified,d0118
D01501,D01328,P,107,unclassified,d0118
D01501,D01347,CI,108,unclassified,d0118
D01501,D01355,CI,109,unclassified,d0118
D01501,D01358,CI,110,unclassified,d0118
D01501,D01383,"CI,P",111,unclassified,d0118
D01501,D01386,P,112,unclassified,d0118
D01501,D01389,P,113,unclassified,d0118
D01501,D01399,P,114,unclassified,d0118
D01501,D01408,P,115,unclassified,d0118
D01501,D01451,P,116,unclassified,d0118
D01501,D01453,P,117,unclassified,d0118
D01501,D01481,P,118,unclassified,d0118
D01501,D01514,P,119,unclassified,d0118
D01501,D01564,P,120,unclassified,d0118
D01501,D01599,P,121,unclassified,d0118
D01501,D01657,P,122,unclassified,d0118
D01501,D01665,P,123,unclassified,d0118
D01501,D01744,P,124,unclassified,d0118
D01501,D01832,P,125,unclassified,d0118
D01501,D01854,P,126,unclassified,d0118
D01501,D01872,P,127,unclassified,d0118
D01501,D01875,P,128,unclassified,d0118
D01501,D01898,P,129,unclassified,d0118
D01501,D01903,P,130,unclassified,d0118
D01501,D01973,P,131,unclassified,d0118
D01501,D02016,P,132,unclassified,d0118
D01501,D02034,CI,133,unclassified,d0118
D01501,D02064,P,134,unclassified,d0118
D01501,D02069,P,135,unclassified,d0118
D01501,D02076,P,136,unclassified,d0118
D01501,D02101,P,137,unclassified,d0118
D01501,D02102,P,138,unclassified,d0118
D01501,D02103,P,139,unclassified,d0118
D01501,D02109,P,140,unclassified,d0118
D01501,D02135,P,141,unclassified,d0118
D01501,D02234,P,142,unclassified,d0118
D01501,D02242,CI,143,unclassified,d0118
D01501,D02246,P,144,unclassified,d0118
D01501,D02247,P,145,unclassified,d0118
D01501,D02260,CI,146,unclassified,d0118
D01501,D02271,P,147,unclassified,d0118
D01501,D02397,P,148,unclassified,d0118
D01501,D02408,CI,149,unclassified,d0118
D01501,D02409,P,150,unclassified,d0118
D01501,D02416,P,151,unclassified,d0118
D01501,D02535,P,152,unclassified,d0118
D01501,D02562,CI,153,unclassified,d0118
D01501,D02567,CI,154,unclassified,d0118
D01501,D02574,CI,155,unclassified,d0118
D01501,D02689,P,156,unclassified,d0118
D01501,D03230,P,157,unclassified,d0118
D01501,D03250,P,158,unclassified,d0118
D01501,D03855,"CI,P",159,unclassified,d0118
D01501,D04044,P,160,unclassified,d0118
D01501,D04052,P,161,unclassified,d0118
D01501,D04062,P,162,unclassified,d0118
D01501,D04081,P,163,unclassified,d0118
D01501,D04148,CI,164,unclassified,d0118
D01501,D04251,CI,165,unclassified,d0118
D01501,D04259,P,166,unclassified,d0118
D01501,D04261,P,167,unclassified,d0118
D01501,D04313,P,168,unclassified,d0118
D01501,D04342,P,169,unclassified,d0118
D01501,D04364,P,170,unclassified,d0118
D01501,D04447,P,171,unclassified,d0118
D01501,D04475,P,172,unclassified,d0118
D01501,D04477,P,173,unclassified,d0118
D01501,D04539,P,174,unclassified,d0118
D01501,D04540,P,175,unclassified,d0118
D01501,D04547,P,176,unclassified,d0118
D01501,D04747,CI,177,unclassified,d0118
D01501,D04813,P,178,unclassified,d0118
D01501,D05462,P,179,unclassified,d0118
D01501,D06273,P,180,unclassified,d0118
D01501,D06553,P,181,unclassified,d0118
D01501,D06645,P,182,unclassified,d0118
D01501,D06698,P,183,unclassified,d0118
D01501,D06921,P,184,unclassified,d0118
D01501,D06927,P,185,unclassified,d0118
D01501,D06928,P,186,unclassified,d0118
D01501,D06951,P,187,unclassified,d0118
D01501,D06953,P,188,unclassified,d0118
D01501,D06955,P,189,unclassified,d0118
D01501,D06956,P,190,unclassified,d0118
D01501,D06987,P,191,unclassified,d0118
D01501,D06994,P,192,unclassified,d0118
D01501,D07041,P,193,unclassified,d0118
D01501,D07042,P,194,unclassified,d0118
D01501,D07043,P,195,unclassified,d0118
D01501,D07044,P,196,unclassified,d0118
D01501,D07045,P,197,unclassified,d0118
D01501,D07048,P,198,unclassified,d0118
D01501,D07080,P,199,unclassified,d0118
D01501,D07132,P,200,unclassified,d0118
D01501,D07583,P,201,unclassified,d0118
D01501,D07595,P,202,unclassified,d0118
D01501,D08080,P,203,unclassified,d0118
D01501,D08575,CI,204,unclassified,d0118
D01501,D08695,P,205,unclassified,d0118
D01501,D08769,P,206,unclassified,d0118
D01501,D08897,P,207,unclassified,d0118
D01501,D08923,P,208,unclassified,d0118
D01501,D09186,P,209,unclassified,d0118
D01501,D09319,P,210,unclassified,d0118
D01501,D09566,P,211,unclassified,d0118
D01501,D09592,P,212,unclassified,d0118
D01501,D09727,P,213,unclassified,d0118
D01501,D09744,P,214,unclassified,d0118
D01501,D09753,P,215,unclassified,d0118
D01501,D09756,P,216,unclassified,d0118
D01501,D09763,P,217,unclassified,d0118
D01501,D09780,P,218,unclassified,d0118
D01501,D09848,P,219,unclassified,d0118
D01501,D09889,P,220,unclassified,d0118
D01501,D09978,P,221,unclassified,d0118
D01501,D09999,"CI,P",222,unclassified,d0118
D01501,D10159,P,223,unclassified,d0118
D01501,D10160,P,224,unclassified,d0118
D01501,D10179,P,225,unclassified,d0118
D01501,D10185,CI,226,unclassified,d0118
D01501,D10191,CI,227,unclassified,d0118
D01501,D10195,P,228,unclassified,d0118
D01501,D10200,P,229,unclassified,d0118
D01501,D10253,P,230,unclassified,d0118
D01501,D10293,P,231,unclassified,d0118
D01501,D10298,P,232,unclassified,d0118
D01501,D10317,P,233,unclassified,d0118
D01501,D10424,P,234,unclassified,d0118
D01501,D10459,P,235,unclassified,d0118
D01501,D10505,P,236,unclassified,d0118
D01501,D10570,P,237,unclassified,d0118
D01501,D10588,P,238,unclassified,d0118
D01501,D10743,P,239,unclassified,d0118
D01501,D10744,P,240,unclassified,d0118
D01501,D10854,P,241,unclassified,d0118
D01501,D10897,P,242,unclassified,d0118
D01501,D10967,P,243,unclassified,d0118
D01501,D10999,P,244,unclassified,d0118
D01501,D11034,P,245,unclassified,d0118
D01501,D11064,P,246,unclassified,d0118
D01501,D11109,P,247,unclassified,d0118
D01501,D11290,P,248,unclassified,d0118
D01501,D11567,P,249,unclassified,d0118
D01501,D11807,P,250,unclassified,d0118
D01501,D11861,P,251,unclassified,d0118
D01501,D11862,P,252,unclassified,d0118
D01501,D12358,P,253,unclassified,d0118
D01501,D12437,P,254,unclassified,d0118
D01501,D12494,P,255,unclassified,d0118
D01501,D13245,P,256,unclassified,d0118
D01888,D00076,P,1,unclassified,d0121
D01888,D00095,P,2,unclassified,d0121
D01888,D00216,P,3,unclassified,d0121
D01888,D00225,P,4,unclassified,d0121
D01888,D00228,CI,5,unclassified,d0121
D01888,D00265,P,6,unclassified,d0121
D01888,D00267,P,7,unclassified,d0121
D01888,D00280,P,8,unclassified,d0121
D01888,D00283,P,9,unclassified,d0121
D01888,D00293,P,10,unclassified,d0121
D01888,D00308,P,11,unclassified,d0121
D01888,D00311,P,12,unclassified,d0121
D01888,D00320,P,13,unclassified,d0121
D01888,D00336,P,14,unclassified,d0121
D01888,D00365,P,15,unclassified,d0121
D01888,D00367,CI,16,unclassified,d0121
D01888,D00387,P,17,unclassified,d0121
D01888,D00388,P,18,unclassified,d0121
D01888,D00402,P,19,unclassified,d0121
D01888,D00415,CI,20,Enzyme-Target: MAOA,d0121
D01888,D00451,CI,21,Enzyme-Target: MAOA,d0121
D01888,D00457,P,22,unclassified,d0121
D01888,D00474,P,23,unclassified,d0121
D01888,D00481,P,24,unclassified,d0121
D01888,D00506,P,25,unclassified,d0121
D01888,D00511,P,26,unclassified,d0121
D01888,D00520,CI,27,unclassified,d0121
D01888,D00531,P,28,unclassified,d0121
D01888,D00550,P,29,unclassified,d0121
D01888,D00563,CI,30,unclassified,d0121
D01888,D00593,P,31,unclassified,d0121
D01888,D00594,P,32,unclassified,d0121
D01888,D00625,P,33,unclassified,d0121
D01888,D00633,P,34,Enzyme-Target: MAOB,d0121
D01888,D00665,P,35,unclassified,d0121
D01888,D00666,P,36,unclassified,d0121
D01888,D00668,P,37,unclassified,d0121
D01888,D00669,P,38,unclassified,d0121
D01888,D00672,P,39,unclassified,d0121
D01888,D00675,CI,40,unclassified,d0121
D01888,D00676,CI,41,Enzyme-Target: MAOA,d0121
D01888,D00677,P,42,unclassified,d0121
D01888,D00678,P,43,unclassified,d0121
D01888,D00694,P,44,unclassified,d0121
D01888,D00701,P,45,unclassified,d0121
D01888,D00713,P,46,unclassified,d0121
D01888,D00714,P,47,unclassified,d0121
D01888,D00720,P,48,unclassified,d0121
D01888,D00722,P,49,unclassified,d0121
D01888,D00744,P,50,unclassified,d0121
D01888,D00765,P,51,unclassified,d0121
D01888,D00770,P,52,unclassified,d0121
D01888,D00785,CI,53,Target: MAOB,d0121
D01888,D00787,P,54,unclassified,d0121
D01888,D00809,CI,55,unclassified,d0121
D01888,D00811,CI,56,unclassified,d0121
D01888,D00815,CI,57,unclassified,d0121
D01888,D00816,CI,58,unclassified,d0121
D01888,D00818,CI,59,unclassified,d0121
D01888,D00820,P,60,unclassified,d0121
D01888,D00821,CI,61,unclassified,d0121
D01888,D00824,CI,62,unclassified,d0121
D01888,D00825,CI,63,unclassified,d0121
D01888,D00836,P,64,unclassified,d0121
D01888,D00839,P,65,unclassified,d0121
D01888,D00842,P,66,unclassified,d0121
D01888,D00944,P,67,unclassified,d0121
D01888,D00945,P,68,unclassified,d0121
D01888,D00947,P,69,unclassified,d0121
D01888,D01007,P,70,unclassified,d0121
D01888,D01008,CI,71,unclassified,d0121
D01888,D01021,CI,72,unclassified,d0121
D01888,D01022,P,73,unclassified,d0121
D01888,D01096,P,74,unclassified,d0121
D01888,D01107,CI,75,unclassified,d0121
D01888,D01111,P,76,unclassified,d0121
D01888,D01165,P,77,unclassified,d0121
D01888,D01179,CI,78,unclassified,d0121
D01888,D01226,P,79,unclassified,d0121
D01888,D01230,P,80,unclassified,d0121
D01888,D01245,P,81,unclassified,d0121
D01888,D01253,P,82,unclassified,d0121
D01888,D01268,P,83,unclassified,d0121
D01888,D01269,P,84,unclassified,d0121
D01888,D01277,P,85,unclassified,d0121
D01888,D01278,P,86,unclassified,d0121
D01888,D01280,P,87,unclassified,d0121
D01888,D01292,P,88,unclassified,d0121
D01888,D01293,P,89,unclassified,d0121
D01888,D01296,CI,90,unclassified,d0121
D01888,D01302,P,91,unclassified,d0121
D01888,D01324,P,92,unclassified,d0121
D01888,D01328,P,93,unclassified,d0121
D01888,D01347,CI,94,unclassified,d0121
D01888,D01355,CI,95,unclassified,d0121
D01888,D01358,CI,96,unclassified,d0121
D01888,D01383,CI,97,unclassified,d0121
D01888,D01386,P,98,unclassified,d0121
D01888,D01389,P,99,unclassified,d0121
D01888,D01399,P,100,unclassified,d0121
D01888,D01408,P,101,unclassified,d0121
D01888,D01451,P,102,unclassified,d0121
D01888,D01453,P,103,unclassified,d0121
D01888,D01481,P,104,unclassified,d0121
D01888,D01514,P,105,unclassified,d0121
D01888,D01564,P,106,unclassified,d0121
D01888,D01599,P,107,unclassified,d0121
D01888,D01657,P,108,unclassified,d0121
D01888,D01665,P,109,unclassified,d0121
D01888,D01744,P,110,unclassified,d0121
D01888,D01832,P,111,unclassified,d0121
D01888,D01854,P,112,unclassified,d0121
D01888,D01872,P,113,unclassified,d0121
D01888,D01875,P,114,unclassified,d0121
D01888,D01898,P,115,unclassified,d0121
D01888,D01903,P,116,unclassified,d0121
D01888,D02016,P,117,unclassified,d0121
D01888,D02034,CI,118,unclassified,d0121
D01888,D02064,P,119,unclassified,d0121
D01888,D02069,P,120,unclassified,d0121
D01888,D02076,P,121,unclassified,d0121
D01888,D02101,P,122,unclassified,d0121
D01888,D02102,P,123,unclassified,d0121
D01888,D02109,P,124,unclassified,d0121
D01888,D02234,P,125,unclassified,d0121
D01888,D02242,CI,126,unclassified,d0121
D01888,D02246,P,127,unclassified,d0121
D01888,D02247,P,128,unclassified,d0121
D01888,D02260,CI,129,unclassified,d0121
D01888,D02271,P,130,unclassified,d0121
D01888,D02408,CI,131,unclassified,d0121
D01888,D02409,P,132,unclassified,d0121
D01888,D02535,P,133,unclassified,d0121
D01888,D02562,CI,134,Target: MAOB,d0121
D01888,D02567,CI,135,unclassified,d0121
D01888,D02574,CI,136,unclassified,d0121
D01888,D03230,P,137,unclassified,d0121
D01888,D03250,P,138,unclassified,d0121
D01888,D03855,CI,139,unclassified,d0121
D01888,D04044,P,140,unclassified,d0121
D01888,D04052,P,141,unclassified,d0121
D01888,D04062,P,142,unclassified,d0121
D01888,D04081,P,143,unclassified,d0121
D01888,D04148,CI,144,unclassified,d0121
D01888,D04251,CI,145,unclassified,d0121
D01888,D04259,P,146,unclassified,d0121
D01888,D04261,P,147,unclassified,d0121
D01888,D04313,P,148,unclassified,d0121
D01888,D04342,P,149,unclassified,d0121
D01888,D04364,P,150,unclassified,d0121
D01888,D04447,P,151,unclassified,d0121
D01888,D04475,P,152,unclassified,d0121
D01888,D04477,P,153,unclassified,d0121
D01888,D04539,P,154,unclassified,d0121
D01888,D04540,P,155,unclassified,d0121
D01888,D04547,P,156,unclassified,d0121
D01888,D04747,CI,157,unclassified,d0121
D01888,D04813,P,158,unclassified,d0121
D01888,D05462,P,159,unclassified,d0121
D01888,D06273,P,160,unclassified,d0121
D01888,D06553,P,161,unclassified,d0121
D01888,D06645,P,162,unclassified,d0121
D01888,D06698,P,163,unclassified,d0121
D01888,D06921,P,164,unclassified,d0121
D01888,D06927,P,165,unclassified,d0121
D01888,D06928,P,166,unclassified,d0121
D01888,D06951,P,167,unclassified,d0121
D01888,D06953,P,168,unclassified,d0121
D01888,D06955,P,169,unclassified,d0121
D01888,D06956,P,170,unclassified,d0121
D01888,D06987,P,171,unclassified,d0121
D01888,D06994,P,172,unclassified,d0121
D01888,D07041,P,173,unclassified,d0121
D01888,D07042,P,174,unclassified,d0121
D01888,D07043,P,175,unclassified,d0121
D01888,D07044,P,176,unclassified,d0121
D01888,D07045,P,177,unclassified,d0121
D01888,D07048,P,178,unclassified,d0121
D01888,D07080,P,179,unclassified,d0121
D01888,D07132,P,180,unclassified,d0121
D01888,D07583,P,181,unclassified,d0121
D01888,D08080,P,182,unclassified,d0121
D01888,D08575,CI,183,unclassified,d0121
D01888,D08695,P,184,unclassified,d0121
D01888,D08769,P,185,unclassified,d0121
D01888,D08897,P,186,unclassified,d0121
D01888,D08923,P,187,unclassified,d0121
D01888,D09186,P,188,unclassified,d0121
D01888,D09319,P,189,unclassified,d0121
D01888,D09566,P,190,unclassified,d0121
D01888,D09592,P,191,unclassified,d0121
D01888,D09727,P,192,unclassified,d0121
D01888,D09744,P,193,unclassified,d0121
D01888,D09753,P,194,unclassified,d0121
D01888,D09756,P,195,unclassified,d0121
D01888,D09763,P,196,unclassified,d0121
D01888,D09780,P,197,unclassified,d0121
D01888,D09848,P,198,unclassified,d0121
D01888,D09889,P,199,unclassified,d0121
D01888,D09978,P,200,unclassified,d0121
D01888,D09999,CI,201,unclassified,d0121
D01888,D10159,P,202,unclassified,d0121
D01888,D10160,P,203,unclassified,d0121
D01888,D10179,P,204,unclassified,d0121
D01888,D10185,CI,205,unclassified,d0121
D01888,D10191,CI,206,Target: MAOB / Enzyme-Target: MAOA,d0121
D01888,D10195,P,207,unclassified,d0121
D01888,D10200,P,208,unclassified,d0121
D01888,D10253,P,209,unclassified,d0121
D01888,D10298,P,210,unclassified,d0121
D01888,D10317,P,211,unclassified,d0121
D01888,D10424,P,212,unclassified,d0121
D01888,D10459,P,213,unclassified,d0121
D01888,D10505,P,214,unclassified,d0121
D01888,D10570,P,215,unclassified,d0121
D01888,D10588,P,216,unclassified,d0121
D01888,D10743,P,217,unclassified,d0121
D01888,D10744,P,218,unclassified,d0121
D01888,D10854,P,219,unclassified,d0121
D01888,D10897,P,220,unclassified,d0121
D01888,D10967,P,221,unclassified,d0121
D01888,D10999,P,222,unclassified,d0121
D01888,D11034,P,223,unclassified,d0121
D01888,D11064,P,224,unclassified,d0121
D01888,D11109,P,225,unclassified,d0121
D01888,D11290,P,226,unclassified,d0121
D01888,D11567,P,227,unclassified,d0121
D01888,D11807,P,228,unclassified,d0121
D01888,D11861,P,229,unclassified,d0121
D01888,D11862,P,230,unclassified,d0121
D01888,D12358,P,231,unclassified,d0121
D01888,D12437,P,232,unclassified,d0121
D01888,D13245,P,233,unclassified,d0121
D02002,D00059,P,1,unclassified,d0119
D02002,D00076,P,2,unclassified,d0119
D02002,D00095,P,3,unclassified,d0119
D02002,D00131,P,4,unclassified,d0119
D02002,D00211,P,5,unclassified,d0119
D02002,D00216,P,6,unclassified,d0119
D02002,D00217,P,7,unclassified,d0119
D02002,D00225,P,8,unclassified,d0119
D02002,D00228,CI,9,unclassified,d0119
D02002,D00252,P,10,unclassified,d0119
D02002,D00253,P,11,unclassified,d0119
D02002,D00265,P,12,unclassified,d0119
D02002,D00267,P,13,unclassified,d0119
D02002,D00280,P,14,unclassified,d0119
D02002,D00283,P,15,unclassified,d0119
D02002,D00293,P,16,unclassified,d0119
D02002,D00308,P,17,unclassified,d0119
D02002,D00311,P,18,unclassified,d0119
D02002,D00320,P,19,unclassified,d0119
D02002,D00336,P,20,unclassified,d0119
D02002,D00346,P,21,unclassified,d0119
D02002,D00350,P,22,unclassified,d0119
D02002,D00365,P,23,unclassified,d0119
D02002,D00367,CI,24,unclassified,d0119
D02002,D00387,P,25,unclassified,d0119
D02002,D00388,P,26,unclassified,d0119
D02002,D00402,P,27,unclassified,d0119
D02002,D00415,CI,28,unclassified,d0119
D02002,D00451,CI,29,unclassified,d0119
D02002,D00457,P,30,unclassified,d0119
D02002,D00474,P,31,unclassified,d0119
D02002,D00481,P,32,unclassified,d0119
D02002,D00506,P,33,unclassified,d0119
D02002,D00511,P,34,unclassified,d0119
D02002,D00512,P,35,unclassified,d0119
D02002,D00520,CI,36,unclassified,d0119
D02002,D00531,P,37,unclassified,d0119
D02002,D00550,P,38,unclassified,d0119
D02002,D00563,CI,39,unclassified,d0119
D02002,D00591,P,40,unclassified,d0119
D02002,D00593,P,41,unclassified,d0119
D02002,D00594,P,42,unclassified,d0119
D02002,D00625,P,43,unclassified,d0119
D02002,D00633,P,44,unclassified,d0119
D02002,D00665,P,45,unclassified,d0119
D02002,D00666,P,46,unclassified,d0119
D02002,D00668,P,47,unclassified,d0119
D02002,D00669,P,48,unclassified,d0119
D02002,D00672,P,49,unclassified,d0119
D02002,D00675,CI,50,unclassified,d0119
D02002,D00676,CI,51,unclassified,d0119
D02002,D00677,P,52,unclassified,d0119
D02002,D00678,P,53,unclassified,d0119
D02002,D00694,P,54,unclassified,d0119
D02002,D00701,P,55,unclassified,d0119
D02002,D00708,P,56,unclassified,d0119
D02002,D00713,P,57,unclassified,d0119
D02002,D00714,P,58,unclassified,d0119
D02002,D00720,P,59,unclassified,d0119
D02002,D00722,P,60,unclassified,d0119
D02002,D00744,P,61,unclassified,d0119
D02002,D00765,P,62,unclassified,d0119
D02002,D00770,P,63,unclassified,d0119
D02002,D00785,CI,64,unclassified,d0119
D02002,D00787,P,65,unclassified,d0119
D02002,D00809,CI,66,unclassified,d0119
D02002,D00811,CI,67,unclassified,d0119
D02002,D00815,CI,68,unclassified,d0119
D02002,D00816,CI,69,unclassified,d0119
D02002,D00818,CI,70,unclassified,d0119
D02002,D00820,P,71,unclassified,d0119
D02002,D00821,CI,72,unclassified,d0119
D02002,D00824,CI,73,unclassified,d0119
D02002,D00825,CI,74,unclassified,d0119
D02002,D00836,P,75,unclassified,d0119
D02002,D00839,P,76,unclassified,d0119
D02002,D00842,P,77,unclassified,d0119
D02002,D00877,P,78,unclassified,d0119
D02002,D00878,P,79,unclassified,d0119
D02002,D00944,P,80,unclassified,d0119
D02002,D00945,P,81,unclassified,d0119
D02002,D00947,P,82,unclassified,d0119
D02002,D01007,P,83,unclassified,d0119
D02002,D01008,CI,84,unclassified,d0119
D02002,D01021,CI,85,unclassified,d0119
D02002,D01022,P,86,unclassified,d0119
D02002,D01056,P,87,unclassified,d0119
D02002,D01096,P,88,unclassified,d0119
D02002,D01107,CI,89,unclassified,d0119
D02002,D01111,P,90,unclassified,d0119
D02002,D01165,P,91,unclassified,d0119
D02002,D01179,CI,92,unclassified,d0119
D02002,D01226,P,93,unclassified,d0119
D02002,D01230,P,94,unclassified,d0119
D02002,D01245,P,95,unclassified,d0119
D02002,D01253,P,96,unclassified,d0119
D02002,D01268,P,97,unclassified,d0119
D02002,D01269,P,98,unclassified,d0119
D02002,D01277,P,99,unclassified,d0119
D02002,D01278,P,100,unclassified,d0119
D02002,D01280,P,101,unclassified,d0119
D02002,D01292,P,102,unclassified,d0119
D02002,D01293,P,103,unclassified,d0119
D02002,D01296,CI,104,unclassified,d0119
D02002,D01302,P,105,unclassified,d0119
D02002,D01324,P,106,unclassified,d0119
D02002,D01328,P,107,unclassified,d0119
D02002,D01347,CI,108,unclassified,d0119
D02002,D01355,CI,109,unclassified,d0119
D02002,D01358,CI,110,unclassified,d0119
D02002,D01383,"CI,P",111,unclassified,d0119
D02002,D01386,P,112,unclassified,d0119
D02002,D01389,P,113,unclassified,d0119
D02002,D01399,P,114,unclassified,d0119
D02002,D01408,P,115,unclassified,d0119
D02002,D01451,P,116,unclassified,d0119
D02002,D01453,P,117,unclassified,d0119
D02002,D01481,P,118,unclassified,d0119
D02002,D01514,P,119,unclassified,d0119
D02002,D01564,P,120,unclassified,d0119
D02002,D01599,P,121,unclassified,d0119
D02002,D01657,P,122,unclassified,d0119
D02002,D01665,P,123,unclassified,d0119
D02002,D01744,P,124,unclassified,d0119
D02002,D01832,P,125,unclassified,d0119
D02002,D01854,P,126,unclassified,d0119
D02002,D01872,P,127,unclassified,d0119
D02002,D01875,P,128,unclassified,d0119
D02002,D01898,P,129,unclassified,d0119
D02002,D01903,P,130,unclassified,d0119
D02002,D01973,P,131,unclassified,d0119
D02002,D02016,P,132,unclassified,d0119
D02002,D02034,CI,133,unclassified,d0119
D02002,D02064,P,134,unclassified,d0119
D02002,D02069,P,135,unclassified,d0119
D02002,D02076,P,136,unclassified,d0119
D02002,D02101,P,137,unclassified,d0119
D02002,D02102,P,138,unclassified,d0119
D02002,D02103,P,139,unclassified,d0119
D02002,D02109,P,140,unclassified,d0119
D02002,D02135,P,141,unclassified,d0119
D02002,D02234,P,142,unclassified,d0119
D02002,D02242,CI,143,unclassified,d0119
D02002,D02246,P,144,unclassified,d0119
D02002,D02247,P,145,unclassified,d0119
D02002,D02260,CI,146,unclassified,d0119
D02002,D02271,P,147,unclassified,d0119
D02002,D02397,P,148,unclassified,d0119
D02002,D02408,CI,149,unclassified,d0119
D02002,D02409,P,150,unclassified,d0119
D02002,D02416,P,151,unclassified,d0119
D02002,D02535,P,152,unclassified,d0119
D02002,D02562,CI,153,unclassified,d0119
D02002,D02567,CI,154,unclassified,d0119
D02002,D02574,CI,155,unclassified,d0119
D02002,D02689,P,156,unclassified,d0119
D02002,D03230,P,157,unclassified,d0119
D02002,D03250,P,158,unclassified,d0119
D02002,D03855,"CI,P",159,unclassified,d0119
D02002,D04044,P,160,unclassified,d0119
D02002,D04052,P,161,unclassified,d0119
D02002,D04062,P,162,unclassified,d0119
D02002,D04081,P,163,unclassified,d0119
D02002,D04148,CI,164,unclassified,d0119
D02002,D04251,CI,165,unclassified,d0119
D02002,D04259,P,166,unclassified,d0119
D02002,D04261,P,167,unclassified,d0119
D02002,D04313,P,168,unclassified,d0119
D02002,D04342,P,169,unclassified,d0119
D02002,D04364,P,170,unclassified,d0119
D02002,D04447,P,171,unclassified,d0119
D02002,D04475,P,172,unclassified,d0119
D02002,D04477,P,173,unclassified,d0119
D02002,D04539,P,174,unclassified,d0119
D02002,D04540,P,175,unclassified,d0119
D02002,D04547,P,176,unclassified,d0119
D02002,D04747,CI,177,unclassified,d0119
D02002,D04813,P,178,unclassified,d0119
D02002,D05462,P,179,unclassified,d0119
D02002,D06273,P,180,unclassified,d0119
D02002,D06553,P,181,unclassified,d0119
D02002,D06645,P,182,unclassified,d0119
D02002,D06698,P,183,unclassified,d0119
D02002,D06921,P,184,unclassified,d0119
D02002,D06927,P,185,unclassified,d0119
D02002,D06928,P,186,unclassified,d0119
D02002,D06951,P,187,unclassified,d0119
D02002,D06953,P,188,unclassified,d0119
D02002,D06955,P,189,unclassified,d0119
D02002,D06956,P,190,unclassified,d0119
D02002,D06987,P,191,unclassified,d0119
D02002,D06994,P,192,unclassified,d0119
D02002,D07041,P,193,unclassified,d0119
D02002,D07042,P,194,unclassified,d0119
D02002,D07043,P,195,unclassified,d0119
D02002,D07044,P,196,unclassified,d0119
D02002,D07045,P,197,unclassified,d0119
D02002,D07048,P,198,unclassified,d0119
D02002,D07080,P,199,unclassified,d0119
D02002,D07132,P,200,unclassified,d0119
D02002,D07583,P,201,unclassified,d0119
D02002,D07595,P,202,unclassified,d0119
D02002,D08080,P,203,unclassified,d0119
D02002,D08575,CI,204,unclassified,d0119
D02002,D08695,P,205,unclassified,d0119
D02002,D08769,P,206,unclassified,d0119
D02002,D08897,P,207,unclassified,d0119
D02002,D08923,P,208,unclassified,d0119
D02002,D09186,P,209,unclassified,d0119
D02002,D09319,P,210,unclassified,d0119
D02002,D09566,P,211,unclassified,d0119
D02002,D09592,P,212,unclassified,d0119
D02002,D09727,P,213,unclassified,d0119
D02002,D09744,P,214,unclassified,d0119
D02002,D09753,P,215,unclassified,d0119
D02002,D09756,P,216,unclassified,d0119
D02002,D09763,P,217,unclassified,d0119
D02002,D09780,P,218,unclassified,d0119
D02002,D09848,P,219,unclassified,d0119
D02002,D09889,P,220,unclassified,d0119
D02002,D09978,P,221,unclassified,d0119
D02002,D09999,"CI,P",222,unclassified,d0119
D02002,D10159,P,223,unclassified,d0119
D02002,D10160,P,224,unclassified,d0119
D02002,D10179,P,225,unclassified,d0119
D02002,D10185,CI,226,unclassified,d0119
D02002,D10191,CI,227,unclassified,d0119
D02002,D10195,P,228,unclassified,d0119
D02002,D10200,P,229,unclassified,d0119
D02002,D10253,P,230,unclassified,d0119
D02002,D10293,P,231,unclassified,d0119
D02002,D10298,P,232,unclassified,d0119
D02002,D10317,P,233,unclassified,d0119
D02002,D10424,P,234,unclassified,d0119
D02002,D10459,P,235,unclassified,d0119
D02002,D10505,P,236,unclassified,d0119
D02002,D10570,P,237,unclassified,d0119
D02002,D10588,P,238,unclassified,d0119
D02002,D10743,P,239,unclassified,d0119
D02002,D10744,P,240,unclassified,d0119
D02002,D10854,P,241,unclassified,d0119
D02002,D10897,P,242,unclassified,d0119
D02002,D10967,P,243,unclassified,d0119
D02002,D10999,P,244,unclassified,d0119
D02002,D11034,P,245,unclassified,d0119
D02002,D11064,P,246,unclassified,d0119
D02002,D11109,P,247,unclassified,d0119
D02002,D11290,P,248,unclassified,d0119
D02002,D11567,P,249,unclassified,d0119
D02002,D11807,P,250,unclassified,d0119
D02002,D11861,P,251,unclassified,d0119
D02002,D11862,P,252,unclassified,d0119
D02002,D12358,P,253,unclassified,d0119
D02002,D12437,P,254,unclassified,d0119
D02002,D12494,P,255,unclassified,d0119
D02002,D13245,P,256,unclassified,d0119
D02260,cpd:C01017,P,1,unclassified,d0055
D02260,cpd:C04931,P,2,unclassified,d0055
D02260,cpd:C06807,P,3,unclassified,d0055
D02260,D00020,P,4,unclassified,d0055
D02260,D00076,P,5,unclassified,d0055
D02260,D00095,P,6,unclassified,d0055
D02260,D00106,P,7,unclassified,d0055
D02260,D00109,P,8,unclassified,d0055
D02260,D00118,P,9,unclassified,d0055
D02260,D00120,P,10,unclassified,d0055
D02260,D00126,P,11,unclassified,d0055
D02260,D00127,P,12,unclassified,d0055
D02260,D00130,P,13,unclassified,d0055
D02260,D00132,P,14,unclassified,d0055
D02260,D00136,P,15,Enzyme: CYP2D6 / CYP inhibition: CYP2D6,d0055
D02260,D00141,P,16,unclassified,d0055
D02260,D00151,P,17,unclassified,d0055
D02260,D00158,P,18,unclassified,d0055
D02260,D00169,P,19,unclassified,d0055
D02260,D00181,P,20,unclassified,d0055
D02260,D00199,P,21,Enzyme: CYP2D6 / CYP inhibition: CYP2D6,d0055
D02260,D00211,P,22,unclassified,d0055
D02260,D00228,P,23,Enzyme: CYP2D6 / Target: SLC6A4 / CYP inhibition: CYP2D6,d0055
D02260,D00235,P,24,Enzyme: CYP2D6 / CYP inhibition: CYP2D6,d0055
D02260,D00252,P,25,unclassified,d0055
D02260,D00255,P,26,Enzyme: CYP2D6 / CYP inhibition: CYP2D6,d0055
D02260,D00270,P,27,Enzyme: CYP2D6 / CYP inhibition: CYP2D6,d0055
D02260,D00283,P,28,unclassified,d0055
D02260,D00295,P,29,CYP inhibition: CYP2D6,d0055
D02260,D00298,P,30,unclassified,d0055
D02260,D00302,P,31,unclassified,d0055
D02260,D00303,P,32,unclassified,d0055
D02260,D00311,P,33,unclassified,d0055
D02260,D00315,P,34,unclassified,d0055
D02260,D00320,P,35,unclassified,d0055
D02260,D00326,P,36,Enzyme: CYP2D6 / Target: SLC6A4 / CYP inhibition: CYP2D6,d0055
D02260,D00330,P,37,unclassified,d0055
D02260,D00346,CI,38,unclassified,d0055
D02260,D00358,P,39,unclassified,d0055
D02260,D00373,P,40,unclassified,d0055
D02260,D00377,P,41,unclassified,d0055
D02260,D00378,P,42,Enzyme: CYP2D6 / CYP inhibition: CYP2D6,d0055
D02260,D00390,P,43,unclassified,d0055
D02260,D00394,P,44,Target: SLC6A4,d0055
D02260,D00403,P,45,unclassified,d0055
D02260,D00415,P,46,unclassified,d0055
D02260,D00425,P,47,unclassified,d0055
D02260,D00426,P,48,Enzyme: CYP2D6 / CYP inhibition: CYP2D6,d0055
D02260,D00427,P,49,Enzyme: CYP2D6 / CYP inhibition: CYP2D6,d0055
D02260,D00428,P,50,unclassified,d0055
D02260,D00432,P,51,unclassified,d0055
D02260,D00448,P,52,unclassified,d0055
D02260,D00451,P,53,unclassified,d0055
D02260,D00452,P,54,unclassified,d0055
D02260,D00454,P,55,unclassified,d0055
D02260,D00458,P,56,unclassified,d0055
D02260,D00463,P,57,unclassified,d0055
D02260,D00477,P,58,unclassified,d0055
D02260,D00479,P,59,unclassified,d0055
D02260,D00483,P,60,Enzyme: CYP2D6 / CYP inhibition: CYP2D6,d0055
D02260,D00484,P,61,Target: SLC6A4,d0055
D02260,D00493,P,62,unclassified,d0055
D02260,D00503,P,63,Enzyme: CYP2D6 / CYP inhibition: CYP2D6,d0055
D02260,D00505,CI,64,unclassified,d0055
D02260,D00506,P,65,unclassified,d0055
D02260,D00510,P,66,unclassified,d0055
D02260,D00512,P,67,unclassified,d0055
D02260,D00513,P,68,Enzyme: CYP2D6 / CYP inhibition: CYP2D6,d0055
D02260,D00556,P,69,unclassified,d0055
D02260,D00560,CI,70,unclassified,d0055
D02260,D00563,P,71,Enzyme: CYP2D6 / CYP inhibition: CYP2D6,d0055
D02260,D00564,P,72,unclassified,d0055
D02260,D00566,P,73,unclassified,d0055
D02260,D00567,P,74,CYP inhibition: CYP2D6,d0055
D02260,D00568,P,75,unclassified,d0055
D02260,D00597,P,76,unclassified,d0055
D02260,D00598,P,77,unclassified,d0055
D02260,D00599,P,78,Enzyme: CYP2D6 / CYP inhibition: CYP2D6,d0055
D02260,D00601,P,79,Enzyme: CYP2D6 / CYP inhibition: CYP2D6,d0055
D02260,D00602,P,80,unclassified,d0055
D02260,D00603,P,81,Enzyme: CYP2D6 / CYP inhibition: CYP2D6,d0055
D02260,D00605,P,82,unclassified,d0055
D02260,D00616,P,83,unclassified,d0055
D02260,D00619,P,84,unclassified,d0055
D02260,D00631,P,85,Enzyme: CYP2D6 / CYP inhibition: CYP2D6,d0055
D02260,D00634,P,86,unclassified,d0055
D02260,D00635,P,87,Enzyme: CYP2D6 / CYP inhibition: CYP2D6,d0055
D02260,D00636,P,88,unclassified,d0055
D02260,D00637,P,89,unclassified,d0055
D02260,D00638,P,90,Enzyme: CYP2D6 / CYP inhibition: CYP2D6,d0055
D02260,D00639,P,91,Enzyme: CYP2D6 / CYP inhibition: CYP2D6,d0055
D02260,D00640,P,92,Enzyme: CYP2D6 / CYP inhibition: CYP2D6,d0055
D02260,D00642,P,93,unclassified,d0055
D02260,D00643,P,94,unclassified,d0055
D02260,D00644,P,95,unclassified,d0055
D02260,D00645,P,96,unclassified,d0055
D02260,D00647,P,97,unclassified,d0055
D02260,D00648,P,98,unclassified,d0055
D02260,D00661,P,99,Enzyme: CYP2D6 / CYP inhibition: CYP2D6,d0055
D02260,D00674,P,100,Enzyme: CYP2D6 / CYP inhibition: CYP2D6,d0055
D02260,D00675,P,101,unclassified,d0055
D02260,D00676,P,102,unclassified,d0055
D02260,D00677,P,103,unclassified,d0055
D02260,D00678,P,104,Enzyme: CYP2D6 / CYP inhibition: CYP2D6,d0055
D02260,D00701,P,105,unclassified,d0055
D02260,D00727,P,106,unclassified,d0055
D02260,D00754,P,107,unclassified,d0055
D02260,D00769,P,108,unclassified,d0055
D02260,D00785,CI,109,Enzyme: CYP2D6 / CYP inhibition: CYP2D6,d0055
D02260,D00788,P,110,unclassified,d0055
D02260,D00789,P,111,Enzyme: CYP2D6 / CYP inhibition: CYP2D6,d0055
D02260,D00791,P,112,Enzyme: CYP2D6 / CYP inhibition: CYP2D6,d0055
D02260,D00792,P,113,Enzyme: CYP2D6 / CYP inhibition: CYP2D6,d0055
D02260,D00793,P,114,Enzyme: CYP2D6 / CYP inhibition: CYP2D6,d0055
D02260,D00795,P,115,unclassified,d0055
D02260,D00797,P,116,unclassified,d0055
D02260,D00798,P,117,unclassified,d0055
D02260,D00799,P,118,unclassified,d0055
D02260,D00800,P,119,unclassified,d0055
D02260,D00801,P,120,unclassified,d0055
D02260,D00809,P,121,Enzyme: CYP2D6 / Target: SLC6A4 / CYP inhibition: CYP2D6,d0055
D02260,D00810,P,122,unclassified,d0055
D02260,D00811,P,123,Enzyme: CYP2D6 / Target: SLC6A4 / CYP inhibition: CYP2D6,d0055
D02260,D00812,P,124,Target: SLC6A4,d0055
D02260,D00813,P,125,unclassified,d0055
D02260,D00814,P,126,Enzyme: CYP2D6 / Target: SLC6A4 / CYP inhibition: CYP2D6,d0055
D02260,D00815,P,127,Enzyme: CYP2D6 / Target: SLC6A4 / CYP inhibition: CYP2D6,d0055
D02260,D00816,P,128,Enzyme: CYP2D6 / Target: SLC6A4 / CYP inhibition: CYP2D6,d0055
D02260,D00818,P,129,Enzyme: CYP2D6 / CYP inhibition: CYP2D6,d0055
D02260,D00820,P,130,Enzyme: CYP2D6 / Target: SLC6A4 / CYP inhibition: CYP2D6,d0055
D02260,D00821,P,131,Enzyme: CYP2D6 / Target: SLC6A4 / CYP inhibition: CYP2D6,d0055
D02260,D00822,P,132,Enzyme: CYP2D6 / Target: SLC6A4 / CYP inhibition: CYP2D6,d0055
D02260,D00823,P,133,Enzyme: CYP2D6 / Target: SLC6A4 / CYP inhibition: CYP2D6,d0055
D02260,D00824,P,134,Enzyme: CYP2D6 / Target: SLC6A4 / CYP inhibition: CYP2D6,d0055
D02260,D00825,P,135,Target: SLC6A4,d0055
D02260,D00826,CI,136,unclassified,d0055
D02260,D00827,P,137,unclassified,d0055
D02260,D00848,P,138,Enzyme: CYP2D6 / CYP inhibition: CYP2D6,d0055
D02260,D00903,P,139,unclassified,d0055
D02260,D00904,P,140,unclassified,d0055
D02260,D00947,P,141,unclassified,d0055
D02260,D00966,P,142,Enzyme: CYP2D6 / CYP inhibition: CYP2D6,d0055
D02260,D00968,P,143,unclassified,d0055
D02260,D00969,P,144,unclassified,d0055
D02260,D00970,P,145,unclassified,d0055
D02260,D00971,P,146,unclassified,d0055
D02260,D01025,P,147,unclassified,d0055
D02260,D01026,P,148,unclassified,d0055
D02260,D01028,P,149,CYP inhibition: CYP2D6,d0055
D02260,D01029,P,150,unclassified,d0055
D02260,D01037,P,151,unclassified,d0055
D02260,D01041,P,152,Enzyme: CYP2D6 / CYP inhibition: CYP2D6,d0055
D02260,D01049,P,153,unclassified,d0055
D02260,D01087,P,154,unclassified,d0055
D02260,D01097,CI,155,unclassified,d0055
D02260,D01110,P,156,unclassified,d0055
D02260,D01122,P,157,unclassified,d0055
D02260,D01130,P,158,unclassified,d0055
D02260,D01164,P,159,Enzyme: CYP2D6 / CYP inhibition: CYP2D6,d0055
D02260,D01176,P,160,unclassified,d0055
D02260,D01179,P,161,Target: SLC6A4 / CYP inhibition: CYP2D6,d0055
D02260,D01182,P,162,Enzyme: CYP2D6 / CYP inhibition: CYP2D6,d0055
D02260,D01183,P,163,unclassified,d0055
D02260,D01185,P,164,unclassified,d0055
D02260,D01189,P,165,unclassified,d0055
D02260,D01220,P,166,unclassified,d0055
D02260,D01240,P,167,unclassified,d0055
D02260,D01252,P,168,unclassified,d0055
D02260,D01253,P,169,unclassified,d0055
D02260,D01267,P,170,unclassified,d0055
D02260,D01271,P,171,unclassified,d0055
D02260,D01280,P,172,unclassified,d0055
D02260,D01285,P,173,Target: SLC6A4,d0055
D02260,D01289,P,174,unclassified,d0055
D02260,D01296,P,175,unclassified,d0055
D02260,D01305,P,176,unclassified,d0055
D02260,D01314,P,177,unclassified,d0055
D02260,D01325,P,178,unclassified,d0055
D02260,D01326,P,179,Enzyme: CYP2D6 / CYP inhibition: CYP2D6,d0055
D02260,D01330,P,180,unclassified,d0055
D02260,D01337,P,181,unclassified,d0055
D02260,D01341,P,182,unclassified,d0055
D02260,D01344,P,183,unclassified,d0055
D02260,D01353,P,184,unclassified,d0055
D02260,D01355,P,185,Enzyme: CYP2D6 / CYP inhibition: CYP2D6,d0055
D02260,D01380,P,186,unclassified,d0055
D02260,D01383,P,187,unclassified,d0055
D02260,D01394,P,188,unclassified,d0055
D02260,D01397,P,189,unclassified,d0055
D02260,D01399,P,190,unclassified,d0055
D02260,D01410,P,191,unclassified,d0055
D02260,D01412,P,192,unclassified,d0055
D02260,D01437,P,193,unclassified,d0055
D02260,D01447,P,194,unclassified,d0055
D02260,D01448,P,195,unclassified,d0055
D02260,D01454,P,196,unclassified,d0055
D02260,D01455,P,197,Enzyme: CYP2D6 / CYP inhibition: CYP2D6,d0055
D02260,D01466,P,198,unclassified,d0055
D02260,D01471,P,199,unclassified,d0055
D02260,D01475,P,200,unclassified,d0055
D02260,D01477,P,201,unclassified,d0055
D02260,D01485,P,202,unclassified,d0055
D02260,D01492,P,203,unclassified,d0055
D02260,D01501,CI,204,unclassified,d0055
D02260,D01504,P,205,unclassified,d0055
D02260,D01512,P,206,unclassified,d0055
D02260,D01513,P,207,unclassified,d0055
D02260,D01520,P,208,unclassified,d0055
D02260,D01545,P,209,unclassified,d0055
D02260,D01546,P,210,Enzyme: CYP2D6 / Target: SLC6A4 / CYP inhibition: CYP2D6,d0055
D02260,D01547,P,211,unclassified,d0055
D02260,D01551,P,212,unclassified,d0055
D02260,D01554,P,213,unclassified,d0055
D02260,D01557,P,214,unclassified,d0055
D02260,D01565,P,215,unclassified,d0055
D02260,D01567,P,216,unclassified,d0055
D02260,D01578,P,217,unclassified,d0055
D02260,D01581,P,218,unclassified,d0055
D02260,D01582,P,219,unclassified,d0055
D02260,D01594,P,220,unclassified,d0055
D02260,D01624,P,221,Enzyme: CYP2D6 / CYP inhibition: CYP2D6,d0055
D02260,D01661,P,222,unclassified,d0055
D02260,D01670,P,223,unclassified,d0055
D02260,D01672,P,224,unclassified,d0055
D02260,D01675,P,225,unclassified,d0055
D02260,D01683,P,226,unclassified,d0055
D02260,D01684,P,227,unclassified,d0055
D02260,D01706,P,228,unclassified,d0055
D02260,D01709,P,229,unclassified,d0055
D02260,D01718,P,230,unclassified,d0055
D02260,D01741,P,231,unclassified,d0055
D02260,D01762,P,232,unclassified,d0055
D02260,D01765,P,233,unclassified,d0055
D02260,D01767,P,234,unclassified,d0055
D02260,D01776,P,235,unclassified,d0055
D02260,D01785,P,236,unclassified,d0055
D02260,D01788,P,237,unclassified,d0055
D02260,D01794,P,238,Enzyme: CYP2D6 / CYP inhibition: CYP2D6,d0055
D02260,D01795,P,239,unclassified,d0055
D02260,D01806,P,240,unclassified,d0055
D02260,D01810,P,241,unclassified,d0055
D02260,D01811,P,242,unclassified,d0055
D02260,D01823,P,243,unclassified,d0055
D02260,D01830,P,244,unclassified,d0055
D02260,D01841,P,245,unclassified,d0055
D02260,D01844,P,246,unclassified,d0055
D02260,D01847,P,247,unclassified,d0055
D02260,D01851,P,248,unclassified,d0055
D02260,D01856,P,249,unclassified,d0055
D02260,D01860,P,250,unclassified,d0055
D02260,D01865,P,251,unclassified,d0055
D02260,D01866,P,252,unclassified,d0055
D02260,D01874,P,253,unclassified,d0055
D02260,D01888,CI,254,unclassified,d0055
D02260,D01892,P,255,unclassified,d0055
D02260,D01896,P,256,unclassified,d0055
D02260,D01898,P,257,Enzyme: CYP2D6 / CYP inhibition: CYP2D6,d0055
D02260,D01958,P,258,unclassified,d0055
D02260,D01963,P,259,unclassified,d0055
D02260,D01969,P,260,unclassified,d0055
D02260,D01973,P,261,unclassified,d0055
D02260,D01974,P,262,unclassified,d0055
D02260,D01975,P,263,unclassified,d0055
D02260,D01981,P,264,unclassified,d0055
D02260,D01992,P,265,unclassified,d0055
D02260,D02002,CI,266,unclassified,d0055
D02260,D02022,P,267,unclassified,d0055
D02260,D02037,P,268,Enzyme: CYP2D6 / CYP inhibition: CYP2D6,d0055
D02260,D02075,P,269,unclassified,d0055
D02260,D02081,P,270,unclassified,d0055
D02260,D02086,P,271,unclassified,d0055
D02260,D02087,P,272,unclassified,d0055
D02260,D02088,P,273,unclassified,d0055
D02260,D02102,P,274,Enzyme: CYP2D6 / CYP inhibition: CYP2D6,d0055
D02260,D02103,P,275,unclassified,d0055
D02260,D02106,P,276,unclassified,d0055
D02260,D02110,P,277,unclassified,d0055
D02260,D02112,P,278,unclassified,d0055
D02260,D02163,P,279,Enzyme: CYP2D6 / CYP inhibition: CYP2D6,d0055
D02260,D02173,P,280,Enzyme: CYP2D6 / CYP inhibition: CYP2D6,d0055
D02260,D02234,P,281,unclassified,d0055
D02260,D02235,P,282,unclassified,d0055
D02260,D02239,P,283,Enzyme: CYP2D6 / CYP inhibition: CYP2D6,d0055
D02260,D02248,P,284,unclassified,d0055
D02260,D02260,P,285,Enzyme: CYP2D6 / Target: SLC6A4 / CYP inhibition: CYP2D6,d0055
D02260,D02264,P,286,unclassified,d0055
D02260,D02272,P,287,unclassified,d0055
D02260,D02290,P,288,unclassified,d0055
D02260,D02338,P,289,unclassified,d0055
D02260,D02341,P,290,unclassified,d0055
D02260,D02342,P,291,unclassified,d0055
D02260,D02350,P,292,unclassified,d0055
D02260,D02354,P,293,unclassified,d0055
D02260,D02355,P,294,unclassified,d0055
D02260,D02356,P,295,unclassified,d0055
D02260,D02358,P,296,Enzyme: CYP2D6 / CYP inhibition: CYP2D6,d0055
D02260,D02360,P,297,Target: SLC6A4,d0055
D02260,D02362,P,298,Enzyme: CYP2D6 / Target: SLC6A4 / CYP inhibition: CYP2D6,d0055
D02260,D02372,P,299,unclassified,d0055
D02260,D02374,P,300,unclassified,d0055
D02260,D02389,P,301,unclassified,d0055
D02260,D02408,P,302,Target: SLC6A4,d0055
D02260,D02484,P,303,unclassified,d0055
D02260,D02537,P,304,CYP inhibition: CYP2D6,d0055
D02260,D02559,CI,305,unclassified,d0055
D02260,D02560,CI,306,unclassified,d0055
D02260,D02561,CI,307,CYP inhibition: CYP2D6,d0055
D02260,D02562,CI,308,unclassified,d0055
D02260,D02563,CI,309,unclassified,d0055
D02260,D02564,CI,310,unclassified,d0055
D02260,D02565,P,311,unclassified,d0055
D02260,D02567,P,312,Enzyme: CYP2D6 / Target: SLC6A4 / CYP inhibition: CYP2D6,d0055
D02260,D02574,P,313,Enzyme: CYP2D6 / CYP inhibition: CYP2D6,d0055
D02260,D02579,CI,314,unclassified,d0055
D02260,D02580,CI,315,unclassified,d0055
D02260,D02581,CI,316,unclassified,d0055
D02260,D02587,P,317,unclassified,d0055
D02260,D02604,P,318,unclassified,d0055
D02260,D02605,P,319,unclassified,d0055
D02260,D02607,P,320,unclassified,d0055
D02260,D02608,P,321,unclassified,d0055
D02260,D02609,P,322,unclassified,d0055
D02260,D02610,P,323,unclassified,d0055
D02260,D02642,P,324,unclassified,d0055
D02260,D02643,P,325,unclassified,d0055
D02260,D02644,P,326,unclassified,d0055
D02260,D02653,P,327,unclassified,d0055
D02260,D02666,P,328,Enzyme: CYP2D6 / CYP inhibition: CYP2D6,d0055
D02260,D02671,P,329,unclassified,d0055
D02260,D02679,P,330,unclassified,d0055
D02260,D02680,P,331,unclassified,d0055
D02260,D02704,P,332,unclassified,d0055
D02260,D02706,P,333,unclassified,d0055
D02260,D02709,P,334,unclassified,d0055
D02260,D02715,P,335,unclassified,d0055
D02260,D02720,P,336,unclassified,d0055
D02260,D02721,P,337,unclassified,d0055
D02260,D02722,P,338,unclassified,d0055
D02260,D02746,P,339,unclassified,d0055
D02260,D02765,P,340,unclassified,d0055
D02260,D02778,P,341,unclassified,d0055
D02260,D02787,P,342,Target: SLC6A4,d0055
D02260,D02824,P,343,Enzyme: CYP2D6 / CYP inhibition: CYP2D6,d0055
D02260,D02825,P,344,Enzyme: CYP2D6 / CYP inhibition: CYP2D6,d0055
D02260,D02834,P,345,unclassified,d0055
D02260,D02837,P,346,unclassified,d0055
D02260,D02860,P,347,unclassified,d0055
D02260,D02867,P,348,unclassified,d0055
D02260,D02910,P,349,unclassified,d0055
D02260,D02938,P,350,unclassified,d0055
D02260,D02944,P,351,unclassified,d0055
D02260,D02947,P,352,unclassified,d0055
D02260,D02969,P,353,Enzyme: CYP2D6 / CYP inhibition: CYP2D6,d0055
D02260,D02980,P,354,unclassified,d0055
D02260,D02995,P,355,CYP inhibition: CYP2D6,d0055
D02260,D03014,P,356,unclassified,d0055
D02260,D03037,P,357,unclassified,d0055
D02260,D03038,P,358,unclassified,d0055
D02260,D03080,P,359,unclassified,d0055
D02260,D03136,P,360,unclassified,d0055
D02260,D03157,P,361,unclassified,d0055
D02260,D03163,P,362,unclassified,d0055
D02260,D03164,P,363,unclassified,d0055
D02260,D03170,P,364,unclassified,d0055
D02260,D03177,P,365,unclassified,d0055
D02260,D03198,P,366,unclassified,d0055
D02260,D03199,P,367,unclassified,d0055
D02260,D03213,P,368,unclassified,d0055
D02260,D03239,CI,369,unclassified,d0055
D02260,D03248,CI,370,unclassified,d0055
D02260,D03254,P,371,unclassified,d0055
D02260,D03274,P,372,Enzyme: CYP2D6 / CYP inhibition: CYP2D6,d0055
D02260,D03324,P,373,unclassified,d0055
D02260,D03337,P,374,unclassified,d0055
D02260,D03341,P,375,unclassified,d0055
D02260,D03352,P,376,unclassified,d0055
D02260,D03353,P,377,unclassified,d0055
D02260,D03359,P,378,unclassified,d0055
D02260,D03361,P,379,unclassified,d0055
D02260,D03385,P,380,unclassified,d0055
D02260,D03409,CI,381,unclassified,d0055
D02260,D03410,P,382,unclassified,d0055
D02260,D03449,P,383,unclassified,d0055
D02260,D03489,P,384,unclassified,d0055
D02260,D03490,P,385,unclassified,d0055
D02260,D03491,P,386,Target: SLC6A4,d0055
D02260,D03492,P,387,Enzyme: CYP2D6 / CYP inhibition: CYP2D6,d0055
D02260,D03503,P,388,CYP inhibition: CYP2D6,d0055
D02260,D03540,P,389,unclassified,d0055
D02260,D03560,P,390,unclassified,d0055
D02260,D03644,P,391,unclassified,d0055
D02260,D03649,P,392,Target: SLC6A4,d0055
D02260,D03652,P,393,unclassified,d0055
D02260,D03661,P,394,unclassified,d0055
D02260,D03663,P,395,unclassified,d0055
D02260,D03673,P,396,unclassified,d0055
D02260,D03674,P,397,unclassified,d0055
D02260,D03689,P,398,unclassified,d0055
D02260,D03692,P,399,unclassified,d0055
D02260,D03695,P,400,unclassified,d0055
D02260,D03710,P,401,unclassified,d0055
D02260,D03712,P,402,unclassified,d0055
D02260,D03714,P,403,unclassified,d0055
D02260,D03715,P,404,unclassified,d0055
D02260,D03716,P,405,unclassified,d0055
D02260,D03717,P,406,unclassified,d0055
D02260,D03718,P,407,unclassified,d0055
D02260,D03722,P,408,unclassified,d0055
D02260,D03727,P,409,unclassified,d0055
D02260,D03728,P,410,unclassified,d0055
D02260,D03729,P,411,unclassified,d0055
D02260,D03731,CI,412,Enzyme: CYP2D6 / CYP inhibition: CYP2D6,d0055
D02260,D03732,P,413,unclassified,d0055
D02260,D03733,CI,414,unclassified,d0055
D02260,D03759,P,415,unclassified,d0055
D02260,D03798,P,416,unclassified,d0055
D02260,D03830,P,417,unclassified,d0055
D02260,D03855,P,418,unclassified,d0055
D02260,D03914,P,419,CYP inhibition: CYP2D6,d0055
D02260,D03918,P,420,unclassified,d0055
D02260,D03960,P,421,unclassified,d0055
D02260,D03991,P,422,Enzyme: CYP2D6 / CYP inhibition: CYP2D6,d0055
D02260,D04003,P,423,unclassified,d0055
D02260,D04029,P,424,unclassified,d0055
D02260,D04034,P,425,Enzyme: CYP2D6 / CYP inhibition: CYP2D6,d0055
D02260,D04038,P,426,Enzyme: CYP2D6 / CYP inhibition: CYP2D6,d0055
D02260,D04052,P,427,unclassified,d0055
D02260,D04092,CI,428,unclassified,d0055
D02260,D04102,P,429,unclassified,d0055
D02260,D04105,P,430,unclassified,d0055
D02260,D04142,P,431,unclassified,d0055
D02260,D04144,P,432,unclassified,d0055
D02260,D04145,P,433,unclassified,d0055
D02260,D04148,P,434,Enzyme: CYP2D6 / Target: SLC6A4 / CYP inhibition: CYP2D6,d0055
D02260,D04183,P,435,unclassified,d0055
D02260,D04190,P,436,unclassified,d0055
D02260,D04206,P,437,unclassified,d0055
D02260,D04264,P,438,unclassified,d0055
D02260,D04273,P,439,unclassified,d0055
D02260,D04276,P,440,unclassified,d0055
D02260,D04277,P,441,unclassified,d0055
D02260,D04340,P,442,Enzyme: CYP2D6 / CYP inhibition: CYP2D6,d0055
D02260,D04427,P,443,unclassified,d0055
D02260,D04490,P,444,unclassified,d0055
D02260,D04530,P,445,unclassified,d0055
D02260,D04556,P,446,unclassified,d0055
D02260,D04605,P,447,unclassified,d0055
D02260,D04638,P,448,unclassified,d0055
D02260,D04639,P,449,unclassified,d0055
D02260,D04652,P,450,unclassified,d0055
D02260,D04665,P,451,unclassified,d0055
D02260,D04681,CI,452,unclassified,d0055
D02260,D04710,P,453,unclassified,d0055
D02260,D04747,P,454,unclassified,d0055
D02260,D04774,P,455,unclassified,d0055
D02260,D04778,P,456,unclassified,d0055
D02260,D04799,P,457,unclassified,d0055
D02260,D04863,P,458,unclassified,d0055
D02260,D04888,P,459,unclassified,d0055
D02260,D04889,P,460,unclassified,d0055
D02260,D04955,P,461,unclassified,d0055
D02260,D04965,P,462,Enzyme: CYP2D6 / CYP inhibition: CYP2D6,d0055
D02260,D04977,P,463,unclassified,d0055
D02260,D05011,P,464,Enzyme: CYP2D6 / CYP inhibition: CYP2D6,d0055
D02260,D05033,CI,465,unclassified,d0055
D02260,D05039,CI,466,Enzyme: CYP2D6 / CYP inhibition: CYP2D6,d0055
D02260,D05040,CI,467,Enzyme: CYP2D6 / CYP inhibition: CYP2D6,d0055
D02260,D05077,P,468,unclassified,d0055
D02260,D05121,P,469,unclassified,d0055
D02260,D05123,P,470,unclassified,d0055
D02260,D05127,P,471,Enzyme: CYP2D6 / CYP inhibition: CYP2D6,d0055
D02260,D05143,P,472,unclassified,d0055
D02260,D05181,P,473,unclassified,d0055
D02260,D05231,P,474,unclassified,d0055
D02260,D05319,P,475,unclassified,d0055
D02260,D05339,P,476,unclassified,d0055
D02260,D05340,P,477,unclassified,d0055
D02260,D05345,P,478,unclassified,d0055
D02260,D05374,P,479,Enzyme: CYP2D6 / Target: SLC6A4 / CYP inhibition: CYP2D6,d0055
D02260,D05375,P,480,Enzyme: CYP2D6 / Target: SLC6A4 / CYP inhibition: CYP2D6,d0055
D02260,D05404,P,481,unclassified,d0055
D02260,D05410,P,482,unclassified,d0055
D02260,D05412,P,483,unclassified,d0055
D02260,D05451,P,484,unclassified,d0055
D02260,D05457,P,485,unclassified,d0055
D02260,D05491,P,486,Target: SLC6A4,d0055
D02260,D05502,P,487,unclassified,d0055
D02260,D05511,P,488,unclassified,d0055
D02260,D05512,P,489,unclassified,d0055
D02260,D05513,P,490,unclassified,d0055
D02260,D05515,P,491,unclassified,d0055
D02260,D05587,P,492,unclassified,d0055
D02260,D05597,P,493,unclassified,d0055
D02260,D05598,P,494,unclassified,d0055
D02260,D05619,P,495,unclassified,d0055
D02260,D05721,P,496,unclassified,d0055
D02260,D05727,P,497,unclassified,d0055
D02260,D05740,P,498,unclassified,d0055
D02260,D05788,P,499,unclassified,d0055
D02260,D05789,P,500,unclassified,d0055
D02260,D05791,P,501,unclassified,d0055
D02260,D05793,P,502,unclassified,d0055
D02260,D05830,P,503,unclassified,d0055
D02260,D05928,P,504,CYP inhibition: CYP2D6,d0055
D02260,D05937,P,505,unclassified,d0055
D02260,D05995,P,506,unclassified,d0055
D02260,D05998,P,507,unclassified,d0055
D02260,D06070,P,508,unclassified,d0055
D02260,D06082,P,509,unclassified,d0055
D02260,D06129,P,510,unclassified,d0055
D02260,D06142,P,511,unclassified,d0055
D02260,D06143,P,512,unclassified,d0055
D02260,D06156,P,513,unclassified,d0055
D02260,D06162,P,514,unclassified,d0055
D02260,D06172,P,515,unclassified,d0055
D02260,D06176,P,516,unclassified,d0055
D02260,D06213,P,517,unclassified,d0055
D02260,D06270,P,518,unclassified,d0055
D02260,D06364,P,519,unclassified,d0055
D02260,D06367,P,520,unclassified,d0055
D02260,D06382,P,521,unclassified,d0055
D02260,D06398,P,522,unclassified,d0055
D02260,D06405,P,523,unclassified,d0055
D02260,D06410,P,524,unclassified,d0055
D02260,D06478,P,525,unclassified,d0055
D02260,D06517,P,526,unclassified,d0055
D02260,D06571,P,527,unclassified,d0055
D02260,D06606,P,528,unclassified,d0055
D02260,D06622,P,529,Enzyme: CYP2D6 / CYP inhibition: CYP2D6,d0055
D02260,D06623,P,530,unclassified,d0055
D02260,D06646,P,531,unclassified,d0055
D02260,D06652,P,532,unclassified,d0055
D02260,D06653,P,533,unclassified,d0055
D02260,D06665,P,534,unclassified,d0055
D02260,D06879,P,535,unclassified,d0055
D02260,D06880,P,536,unclassified,d0055
D02260,D06888,P,537,unclassified,d0055
D02260,D07064,P,538,unclassified,d0055
D02260,D07065,P,539,unclassified,d0055
D02260,D07082,P,540,unclassified,d0055
D02260,D07086,P,541,unclassified,d0055
D02260,D07131,P,542,unclassified,d0055
D02260,D07135,P,543,unclassified,d0055
D02260,D07136,P,544,unclassified,d0055
D02260,D07137,P,545,unclassified,d0055
D02260,D07138,P,546,unclassified,d0055
D02260,D07139,P,547,unclassified,d0055
D02260,D07140,P,548,unclassified,d0055
D02260,D07141,P,549,unclassified,d0055
D02260,D07142,P,550,unclassified,d0055
D02260,D07143,P,551,unclassified,d0055
D02260,D07144,P,552,unclassified,d0055
D02260,D07156,P,553,Enzyme: CYP2D6 / CYP inhibition: CYP2D6,d0055
D02260,D07181,P,554,unclassified,d0055
D02260,D07182,P,555,unclassified,d0055
D02260,D07183,P,556,unclassified,d0055
D02260,D07184,P,557,unclassified,d0055
D02260,D07185,P,558,unclassified,d0055
D02260,D07219,P,559,unclassified,d0055
D02260,D07262,P,560,unclassified,d0055
D02260,D07263,P,561,unclassified,d0055
D02260,D07264,P,562,unclassified,d0055
D02260,D07265,P,563,unclassified,d0055
D02260,D07266,P,564,unclassified,d0055
D02260,D07267,P,565,unclassified,d0055
D02260,D07268,P,566,unclassified,d0055
D02260,D07269,P,567,unclassified,d0055
D02260,D07290,P,568,unclassified,d0055
D02260,D07291,P,569,unclassified,d0055
D02260,D07292,P,570,unclassified,d0055
D02260,D07293,P,571,unclassified,d0055
D02260,D07307,P,572,unclassified,d0055
D02260,D07308,P,573,unclassified,d0055
D02260,D07334,P,574,Target: SLC6A4,d0055
D02260,D07335,P,575,unclassified,d0055
D02260,D07336,P,576,unclassified,d0055
D02260,D07337,CI,577,unclassified,d0055
D02260,D07338,CI,578,unclassified,d0055
D02260,D07421,P,579,unclassified,d0055
D02260,D07422,P,580,unclassified,d0055
D02260,D07428,P,581,unclassified,d0055
D02260,D07443,P,582,unclassified,d0055
D02260,D07448,P,583,Enzyme: CYP2D6 / Target: SLC6A4 / CYP inhibition: CYP2D6,d0055
D02260,D07453,P,584,unclassified,d0055
D02260,D07457,P,585,unclassified,d0055
D02260,D07465,P,586,unclassified,d0055
D02260,D07488,P,587,unclassified,d0055
D02260,D07496,P,588,unclassified,d0055
D02260,D07503,P,589,unclassified,d0055
D02260,D07505,P,590,unclassified,d0055
D02260,D07510,P,591,unclassified,d0055
D02260,D07516,P,592,unclassified,d0055
D02260,D07517,P,593,unclassified,d0055
D02260,D07520,P,594,Enzyme: CYP2D6 / CYP inhibition: CYP2D6,d0055
D02260,D07526,P,595,unclassified,d0055
D02260,D07537,P,596,Enzyme: CYP2D6 / CYP inhibition: CYP2D6,d0055
D02260,D07541,P,597,unclassified,d0055
D02260,D07549,P,598,unclassified,d0055
D02260,D07579,P,599,unclassified,d0055
D02260,D07580,P,600,unclassified,d0055
D02260,D07581,P,601,unclassified,d0055
D02260,D07582,P,602,unclassified,d0055
D02260,D07583,P,603,unclassified,d0055
D02260,D07590,P,604,unclassified,d0055
D02260,D07595,P,605,unclassified,d0055
D02260,D07601,P,606,unclassified,d0055
D02260,D07608,P,607,unclassified,d0055
D02260,D07612,P,608,unclassified,d0055
D02260,D07624,P,609,Enzyme: CYP2D6 / CYP inhibition: CYP2D6,d0055
D02260,D07660,P,610,unclassified,d0055
D02260,D07685,P,611,unclassified,d0055
D02260,D07704,P,612,Enzyme: CYP2D6 / Target: SLC6A4 / CYP inhibition: CYP2D6,d0055
D02260,D07705,P,613,Enzyme: CYP2D6 / Target: SLC6A4 / CYP inhibition: CYP2D6,d0055
D02260,D07727,P,614,Enzyme: CYP2D6 / Target: SLC6A4 / CYP inhibition: CYP2D6,d0055
D02260,D07729,P,615,unclassified,d0055
D02260,D07736,P,616,unclassified,d0055
D02260,D07756,P,617,unclassified,d0055
D02260,D07791,P,618,Target: SLC6A4,d0055
D02260,D07812,P,619,unclassified,d0055
D02260,D07816,P,620,unclassified,d0055
D02260,D07817,P,621,unclassified,d0055
D02260,D07818,P,622,unclassified,d0055
D02260,D07819,P,623,unclassified,d0055
D02260,D07824,P,624,unclassified,d0055
D02260,D07845,P,625,unclassified,d0055
D02260,D07865,P,626,unclassified,d0055
D02260,D07872,P,627,Enzyme: CYP2D6 / Target: SLC6A4 / CYP inhibition: CYP2D6,d0055
D02260,D07875,P,628,Enzyme: CYP2D6 / Target: SLC6A4 / CYP inhibition: CYP2D6,d0055
D02260,D07887,P,629,unclassified,d0055
D02260,D07888,P,630,unclassified,d0055
D02260,D07894,P,631,Enzyme: CYP2D6 / CYP inhibition: CYP2D6,d0055
D02260,D07913,P,632,Enzyme: CYP2D6 / Target: SLC6A4 / CYP inhibition: CYP2D6,d0055
D02260,D07916,P,633,unclassified,d0055
D02260,D07943,P,634,unclassified,d0055
D02260,D07962,P,635,Enzyme: CYP2D6 / CYP inhibition: CYP2D6,d0055
D02260,D07969,P,636,unclassified,d0055
D02260,D07977,P,637,Enzyme: CYP2D6 / CYP inhibition: CYP2D6,d0055
D02260,D07984,P,638,Enzyme: CYP2D6 / Target: SLC6A4 / CYP inhibition: CYP2D6,d0055
D02260,D07991,P,639,unclassified,d0055
D02260,D07997,P,640,unclassified,d0055
D02260,D08004,P,641,unclassified,d0055
D02260,D08009,P,642,unclassified,d0055
D02260,D08020,P,643,unclassified,d0055
D02260,D08021,P,644,unclassified,d0055
D02260,D08048,P,645,unclassified,d0055
D02260,D08049,P,646,unclassified,d0055
D02260,D08058,P,647,unclassified,d0055
D02260,D08059,P,648,unclassified,d0055
D02260,D08060,P,649,unclassified,d0055
D02260,D08065,P,650,unclassified,d0055
D02260,D08070,P,651,Enzyme: CYP2D6 / Target: SLC6A4 / CYP inhibition: CYP2D6,d0055
D02260,D08071,P,652,Enzyme: CYP2D6 / Target: SLC6A4 / CYP inhibition: CYP2D6,d0055
D02260,D08072,P,653,Target: SLC6A4,d0055
D02260,D08074,P,654,unclassified,d0055
D02260,D08078,P,655,unclassified,d0055
D02260,D08085,CI,656,unclassified,d0055
D02260,D08102,P,657,unclassified,d0055
D02260,D08103,P,658,unclassified,d0055
D02260,D08104,P,659,unclassified,d0055
D02260,D08115,P,660,unclassified,d0055
D02260,D08127,P,661,unclassified,d0055
D02260,D08140,P,662,Target: SLC6A4,d0055
D02260,D08142,P,663,unclassified,d0055
D02260,D08149,P,664,unclassified,d0055
D02260,D08153,P,665,unclassified,d0055
D02260,D08162,P,666,unclassified,d0055
D02260,D08171,P,667,unclassified,d0055
D02260,D08190,P,668,unclassified,d0055
D02260,D08215,P,669,Enzyme: CYP2D6 / CYP inhibition: CYP2D6,d0055
D02260,D08240,P,670,unclassified,d0055
D02260,D08255,P,671,Enzyme: CYP2D6 / CYP inhibition: CYP2D6,d0055
D02260,D08256,P,672,unclassified,d0055
D02260,D08275,P,673,unclassified,d0055
D02260,D08288,P,674,Enzyme: CYP2D6 / Target: SLC6A4 / CYP inhibition: CYP2D6,d0055
D02260,D08295,P,675,unclassified,d0055
D02260,D08297,P,676,unclassified,d0055
D02260,D08318,P,677,unclassified,d0055
D02260,D08324,P,678,unclassified,d0055
D02260,D08327,P,679,unclassified,d0055
D02260,D08341,P,680,Enzyme: CYP2D6 / CYP inhibition: CYP2D6,d0055
D02260,D08342,P,681,Enzyme: CYP2D6 / CYP inhibition: CYP2D6,d0055
D02260,D08349,CI,682,unclassified,d0055
D02260,D08354,P,683,unclassified,d0055
D02260,D08356,P,684,unclassified,d0055
D02260,D08363,P,685,unclassified,d0055
D02260,D08364,P,686,unclassified,d0055
D02260,D08374,P,687,unclassified,d0055
D02260,D08375,P,688,unclassified,d0055
D02260,D08377,P,689,unclassified,d0055
D02260,D08385,P,690,unclassified,d0055
D02260,D08392,CI,691,unclassified,d0055
D02260,D08393,CI,692,unclassified,d0055
D02260,D08394,P,693,unclassified,d0055
D02260,D08421,P,694,unclassified,d0055
D02260,D08427,P,695,unclassified,d0055
D02260,D08430,P,696,unclassified,d0055
D02260,D08435,P,697,Enzyme: CYP2D6 / CYP inhibition: CYP2D6,d0055
D02260,D08443,P,698,Enzyme: CYP2D6 / CYP inhibition: CYP2D6,d0055
D02260,D08447,P,699,Target: SLC6A4,d0055
D02260,D08453,CI,700,unclassified,d0055
D02260,D08456,P,701,unclassified,d0055
D02260,D08458,P,702,unclassified,d0055
D02260,D08459,P,703,unclassified,d0055
D02260,D08469,CI,704,unclassified,d0055
D02260,D08479,P,705,unclassified,d0055
D02260,D08485,P,706,unclassified,d0055
D02260,D08493,P,707,Enzyme: CYP2D6 / CYP inhibition: CYP2D6,d0055
D02260,D08501,P,708,unclassified,d0055
D02260,D08508,P,709,Enzyme: CYP2D6 / CYP inhibition: CYP2D6,d0055
D02260,D08525,P,710,unclassified,d0055
D02260,D08536,P,711,unclassified,d0055
D02260,D08547,P,712,unclassified,d0055
D02260,D08572,P,713,unclassified,d0055
D02260,D08575,P,714,Enzyme: CYP2D6 / CYP inhibition: CYP2D6,d0055
D02260,D08585,P,715,unclassified,d0055
D02260,D08586,P,716,unclassified,d0055
D02260,D08592,P,717,unclassified,d0055
D02260,D08594,P,718,CYP inhibition: CYP2D6,d0055
D02260,D08598,P,719,unclassified,d0055
D02260,D08600,P,720,Enzyme: CYP2D6 / CYP inhibition: CYP2D6,d0055
D02260,D08607,P,721,unclassified,d0055
D02260,D08609,P,722,unclassified,d0055
D02260,D08625,CI,723,unclassified,d0055
D02260,D08628,P,724,unclassified,d0055
D02260,D08630,P,725,unclassified,d0055
D02260,D08636,P,726,unclassified,d0055
D02260,D08657,P,727,unclassified,d0055
D02260,D08682,P,728,unclassified,d0055
D02260,D08795,P,729,unclassified,d0055
D02260,D08858,P,730,unclassified,d0055
D02260,D08873,P,731,unclassified,d0055
D02260,D08913,P,732,unclassified,d0055
D02260,D08923,P,733,Enzyme: CYP2D6 / CYP inhibition: CYP2D6,d0055
D02260,D09017,P,734,unclassified,d0055
D02260,D09206,P,735,unclassified,d0055
D02260,D09216,P,736,unclassified,d0055
D02260,D09535,P,737,CYP inhibition: CYP2D6,d0055
D02260,D09546,P,738,unclassified,d0055
D02260,D09568,P,739,unclassified,d0055
D02260,D09676,P,740,unclassified,d0055
D02260,D09677,P,741,unclassified,d0055
D02260,D09686,P,742,unclassified,d0055
D02260,D09701,P,743,unclassified,d0055
D02260,D09707,P,744,unclassified,d0055
D02260,D09710,P,745,unclassified,d0055
D02260,D09760,P,746,unclassified,d0055
D02260,D09765,P,747,unclassified,d0055
D02260,D09766,P,748,unclassified,d0055
D02260,D09773,CI,749,unclassified,d0055
D02260,D09807,P,750,unclassified,d0055
D02260,D09814,P,751,unclassified,d0055
D02260,D09815,P,752,unclassified,d0055
D02260,D09817,P,753,unclassified,d0055
D02260,D09819,P,754,Enzyme: CYP2D6 / CYP inhibition: CYP2D6,d0055
D02260,D09823,P,755,unclassified,d0055
D02260,D09843,P,756,unclassified,d0055
D02260,D09847,P,757,unclassified,d0055
D02260,D09894,"CI,P",758,Enzyme: CYP2D6 / CYP inhibition: CYP2D6,d0055
D02260,D09923,P,759,unclassified,d0055
D02260,D09994,P,760,unclassified,d0055
D02260,D09999,P,761,Enzyme: CYP2D6 / CYP inhibition: CYP2D6,d0055
D02260,D10003,P,762,CYP induction: CYP2D6,d0055
D02260,D10014,P,763,unclassified,d0055
D02260,D10017,P,764,unclassified,d0055
D02260,D10158,CI,765,unclassified,d0055
D02260,D10185,P,766,Enzyme: CYP2D6 / Target: SLC6A4 / CYP inhibition: CYP2D6,d0055
D02260,D10191,CI,767,unclassified,d0055
D02260,D10254,P,768,unclassified,d0055
D02260,D10298,P,769,unclassified,d0055
D02260,D10309,P,770,Enzyme: CYP2D6 / CYP inhibition: CYP2D6,d0055
D02260,D10355,P,771,Enzyme: CYP2D6 / CYP inhibition: CYP2D6,d0055
D02260,D10364,P,772,Enzyme: CYP2D6 / CYP inhibition: CYP2D6,d0055
D02260,D10424,P,773,unclassified,d0055
D02260,D10430,P,774,unclassified,d0055
D02260,D10471,P,775,unclassified,d0055
D02260,D10503,P,776,unclassified,d0055
D02260,D10512,P,777,Enzyme: CYP2D6 / CYP inhibition: CYP2D6,d0055
D02260,D10513,P,778,unclassified,d0055
D02260,D10516,P,779,Enzyme: CYP2D6 / CYP inhibition: CYP2D6,d0055
D02260,D10527,P,780,unclassified,d0055
D02260,D10537,P,781,unclassified,d0055
D02260,D10569,P,782,unclassified,d0055
D02260,D10656,P,783,unclassified,d0055
D02260,D10684,P,784,unclassified,d0055
D02260,D10755,P,785,Enzyme: CYP2D6 / CYP inhibition: CYP2D6,d0055
D02260,D10793,P,786,unclassified,d0055
D02260,D10823,P,787,unclassified,d0055
D02260,D10824,P,788,unclassified,d0055
D02260,D10829,CI,789,unclassified,d0055
D02260,D10832,P,790,Enzyme: CYP2D6 / CYP inhibition: CYP2D6,d0055
D02260,D10999,P,791,unclassified,d0055
D02260,D11027,P,792,unclassified,d0055
D02260,D11029,P,793,unclassified,d0055
D02260,D11160,P,794,unclassified,d0055
D02260,D11280,P,795,unclassified,d0055
D02260,D11296,P,796,unclassified,d0055
D02260,D11382,P,797,Enzyme: CYP2D6 / CYP inhibition: CYP2D6,d0055
D02260,D11568,P,798,unclassified,d0055
D02260,D11617,P,799,unclassified,d0055
D02260,D11674,P,800,CYP inhibition: CYP2D6,d0055
D02260,D11708,P,801,unclassified,d0055
D02260,D11804,P,802,unclassified,d0055
D02260,D12005,P,803,unclassified,d0055
D02260,D12015,P,804,unclassified,d0055
D02260,D12217,P,805,unclassified,d0055
D02260,D12364,P,806,unclassified,d0055
D02260,D12410,P,807,unclassified,d0055
D02260,D12446,P,808,unclassified,d0055
D02260,D12595,P,809,unclassified,d0055
D02260,D12596,P,810,unclassified,d0055
D02260,D12597,P,811,unclassified,d0055
D02260,D12598,P,812,unclassified,d0055
D02260,D12629,P,813,unclassified,d0055
D02260,D13099,P,814,Enzyme: CYP2D6 / CYP inhibition: CYP2D6,d0055
D02360,D00076,P,1,unclassified,d0058
D02360,D00095,P,2,unclassified,d0058
D02360,D00109,P,3,unclassified,d0058
D02360,D00126,P,4,Enzyme: CYP2C9,d0058
D02360,D00132,P,5,unclassified,d0058
D02360,D00211,P,6,CYP induction: CYP3A4,d0058
D02360,D00228,P,7,Target: SLC6A4,d0058
D02360,D00252,P,8,Enzyme: CYP3A4 / CYP induction: CYP3A4,d0058
D02360,D00255,P,9,Enzyme: CYP2C9 CYP3A4,d0058
D02360,D00283,P,10,Enzyme: CYP3A4,d0058
D02360,D00292,P,11,Enzyme: CYP3A4 / CYP induction: CYP3A4,d0058
D02360,D00293,P,12,Enzyme: CYP2C19 CYP3A4,d0058
D02360,D00295,P,13,CYP inhibition: CYP3A4,d0058
D02360,D00311,P,14,unclassified,d0058
D02360,D00320,P,15,Enzyme: CYP3A4,d0058
D02360,D00415,P,16,unclassified,d0058
D02360,D00420,P,17,unclassified,d0058
D02360,D00435,P,18,Enzyme: CYP3A4 CYP2B6,d0058
D02360,D00451,P,19,unclassified,d0058
D02360,D00506,P,20,CYP induction: CYP2B6 CYP2C9,d0058
D02360,D00512,P,21,Enzyme: CYP2C9 / CYP induction: CYP2B6,d0058
D02360,D00550,P,22,Enzyme: CYP3A4,d0058
D02360,D00563,P,23,Enzyme: CYP3A4,d0058
D02360,D00601,P,24,unclassified,d0058
D02360,D00603,P,25,unclassified,d0058
D02360,D00605,P,26,unclassified,d0058
D02360,D00619,P,27,Enzyme: CYP3A4 / CYP inhibition: CYP3A4,d0058
D02360,D00636,P,28,Enzyme: CYP3A4,d0058
D02360,D00674,P,29,Enzyme: CYP2C9 CYP3A4,d0058
D02360,D00675,P,30,unclassified,d0058
D02360,D00676,P,31,unclassified,d0058
D02360,D00677,P,32,Enzyme: CYP3A4,d0058
D02360,D00678,P,33,Enzyme: CYP3A4,d0058
D02360,D00701,P,34,CYP induction: CYP2B6 CYP2C9,d0058
D02360,D00754,P,35,unclassified,d0058
D02360,D00769,P,36,Enzyme: CYP2C19 CYP2B6,d0058
D02360,D00785,CI,37,Enzyme: CYP2B6 CYP3A4,d0058
D02360,D00801,P,38,unclassified,d0058
D02360,D00809,P,39,Enzyme: CYP3A4 CYP2C19 / Target: SLC6A4,d0058
D02360,D00811,P,40,Enzyme: CYP3A4 CYP2C19 / Target: SLC6A4,d0058
D02360,D00815,P,41,Enzyme: CYP3A4 CYP2C19 / Target: SLC6A4,d0058
D02360,D00818,P,42,unclassified,d0058
D02360,D00820,P,43,Enzyme: CYP3A4 / Target: SLC6A4,d0058
D02360,D00821,P,44,Target: SLC6A4,d0058
D02360,D00824,P,45,Target: SLC6A4 / CYP inhibition: CYP2C19 CYP3A4,d0058
D02360,D00831,P,46,unclassified,d0058
D02360,D00848,P,47,unclassified,d0058
D02360,D00904,P,48,Enzyme: CYP2C9,d0058
D02360,D00947,P,49,unclassified,d0058
D02360,D00961,P,50,CYP inhibition: CYP3A4,d0058
D02360,D00966,P,51,Enzyme: CYP3A4,d0058
D02360,D00969,P,52,Enzyme: CYP2C9,d0058
D02360,D01028,P,53,CYP inhibition: CYP2C19 CYP2B6,d0058
D02360,D01179,P,54,Target: SLC6A4,d0058
D02360,D01253,P,55,Enzyme: CYP3A4 CYP2C19,d0058
D02360,D01280,P,56,Enzyme: CYP2C9,d0058
D02360,D01296,P,57,unclassified,d0058
D02360,D01355,P,58,Enzyme: CYP3A4,d0058
D02360,D01383,P,59,unclassified,d0058
D02360,D01399,P,60,Enzyme: CYP3A4,d0058
D02360,D01832,P,61,Enzyme: CYP3A4 / CYP inhibition: CYP2C9 CYP2C19 / CYP induction: CYP2B6 CYP3A4,d0058
D02360,D01973,P,62,Enzyme: CYP3A4,d0058
D02360,D01992,P,63,unclassified,d0058
D02360,D02102,P,64,Enzyme: CYP3A4 CYP2B6 CYP2C9 CYP2C19 / CYP induction: CYP3A4 CYP2B6,d0058
D02360,D02103,P,65,Enzyme: CYP2C9 / CYP induction: CYP2B6,d0058
D02360,D02106,P,66,unclassified,d0058
D02360,D02234,P,67,unclassified,d0058
D02360,D02235,P,68,unclassified,d0058
D02360,D02260,P,69,Target: SLC6A4,d0058
D02360,D02372,P,70,unclassified,d0058
D02360,D02484,P,71,unclassified,d0058
D02360,D02562,CI,72,unclassified,d0058
D02360,D02567,P,73,Enzyme: CYP2C19 CYP3A4 / Target: SLC6A4,d0058
D02360,D02691,P,74,CYP inhibition: CYP2C19,d0058
D02360,D02732,P,75,Enzyme: CYP3A4,d0058
D02360,D02968,P,76,Enzyme: CYP3A4 / CYP inhibition: CYP3A4 / CYP induction: CYP3A4 CYP2C9,d0058
D02360,D03106,P,77,unclassified,d0058
D02360,D03658,P,78,Enzyme: CYP3A4,d0058
D02360,D03669,P,79,CYP induction: CYP3A4,d0058
D02360,D03855,P,80,unclassified,d0058
D02360,D03960,P,81,unclassified,d0058
D02360,D04024,P,82,Enzyme: CYP3A4,d0058
D02360,D04052,P,83,Enzyme: CYP3A4,d0058
D02360,D04148,P,84,Enzyme: CYP2C19 CYP2B6 CYP3A4 / Target: SLC6A4,d0058
D02360,D04340,P,85,Enzyme: CYP3A4,d0058
D02360,D04641,P,86,Enzyme: CYP3A4 / CYP inhibition: CYP3A4,d0058
D02360,D04666,P,87,unclassified,d0058
D02360,D04747,P,88,unclassified,d0058
D02360,D04768,P,89,CYP inhibition: CYP2C19,d0058
D02360,D05177,P,90,CYP inhibition: CYP2C9,d0058
D02360,D05775,P,91,unclassified,d0058
D02360,D05928,P,92,Enzyme: CYP2C19 CYP3A4 / CYP inhibition: CYP3A4 CYP2C19 CYP2C9,d0058
D02360,D06405,P,93,Enzyme: CYP3A4,d0058
D02360,D06413,P,94,Enzyme: CYP3A4,d0058
D02360,D06414,P,95,Enzyme: CYP3A4,d0058
D02360,D06478,P,96,Enzyme: CYP3A4 / CYP inhibition: CYP3A4,d0058
D02360,D06597,P,97,Enzyme: CYP3A4 / CYP inhibition: CYP3A4 / CYP induction: CYP3A4 CYP2C9,d0058
D02360,D07082,P,98,unclassified,d0058
D02360,D07086,P,99,Enzyme: CYP3A4,d0058
D02360,D07505,P,100,unclassified,d0058
D02360,D07583,P,101,Enzyme: CYP2C9 / CYP induction: CYP2B6,d0058
D02360,D07595,P,102,Enzyme: CYP2C9 / CYP induction: CYP3A4 CYP2B6,d0058
D02360,D08493,P,103,Enzyme: CYP2C19 CYP2C9 CYP3A4,d0058
D02360,D09546,P,104,unclassified,d0058
D02360,D09638,P,105,Enzyme: CYP3A4,d0058
D02360,D09686,P,106,unclassified,d0058
D02360,D09731,P,107,Enzyme: CYP3A4 / CYP inhibition: CYP2B6,d0058
D02360,D09799,P,108,CYP inhibition: CYP3A4,d0058
D02360,D09815,P,109,unclassified,d0058
D02360,D09996,P,110,CYP inhibition: CYP2C9 / CYP induction: CYP3A4,d0058
D02360,D09999,P,111,Enzyme: CYP3A4,d0058
D02360,D10003,P,112,CYP induction: CYP3A4,d0058
D02360,D10014,P,113,unclassified,d0058
D02360,D10104,P,114,Enzyme: CYP3A4 / CYP induction: CYP3A4 CYP2C9,d0058
D02360,D10127,P,115,unclassified,d0058
D02360,D10161,P,116,unclassified,d0058
D02360,D10185,P,117,Enzyme: CYP2C19 CYP2C9 CYP2B6 / Target: SLC6A4,d0058
D02360,D10191,CI,118,unclassified,d0058
D02360,D10218,P,119,unclassified,d0058
D02360,D10298,P,120,unclassified,d0058
D02360,D10372,P,121,unclassified,d0058
D02360,D10424,P,122,unclassified,d0058
D02360,D10466,P,123,Enzyme: CYP2C19 CYP3A4,d0058
D02360,D10512,P,124,Enzyme: CYP2C9 CYP2B6 CYP3A4,d0058
D02360,D10513,P,125,Enzyme: CYP2C19 CYP2B6 CYP3A4,d0058
D02360,D10527,P,126,Enzyme: CYP2C19 CYP3A4,d0058
D02360,D10537,P,127,CYP inhibition: CYP2B6 CYP2C9 CYP2C19,d0058
D02360,D10551,P,128,CYP inhibition: CYP2C9,d0058
D02360,D10564,P,129,CYP induction: CYP2B6,d0058
D02360,D10566,P,130,unclassified,d0058
D02360,D10569,P,131,unclassified,d0058
D02360,D10633,P,132,Enzyme: CYP3A4,d0058
D02360,D10643,P,133,CYP induction: CYP2B6,d0058
D02360,D10762,P,134,unclassified,d0058
D02360,D10774,P,135,Enzyme: CYP2C19 CYP3A4,d0058
D02360,D10775,P,136,Enzyme: CYP2C19 CYP3A4 / CYP inhibition: CYP3A4,d0058
D02360,D10793,P,137,unclassified,d0058
D02360,D10801,P,138,CYP induction: CYP2C9 CYP2C19,d0058
D02360,D10832,P,139,unclassified,d0058
D02360,D10926,P,140,Enzyme: CYP3A4,d0058
D02360,D10990,P,141,unclassified,d0058
D02360,D11012,P,142,unclassified,d0058
D02360,D11040,P,143,Enzyme: CYP3A4 / CYP induction: CYP3A4 CYP2C19,d0058
D02360,D11053,P,144,Enzyme: CYP3A4,d0058
D02360,D11062,P,145,Enzyme: CYP2B6 CYP3A4,d0058
D02360,D11090,P,146,unclassified,d0058
D02360,D11138,P,147,unclassified,d0058
D02360,D11194,P,148,unclassified,d0058
D02360,D11296,P,149,Enzyme: CYP2C19 CYP3A4,d0058
D02360,D11370,P,150,unclassified,d0058
D02360,D11371,P,151,unclassified,d0058
D02360,D11382,P,152,unclassified,d0058
D02360,D11404,P,153,Enzyme: CYP3A4,d0058
D02360,D11422,P,154,unclassified,d0058
D02360,D11454,P,155,Enzyme: CYP3A4,d0058
D02360,D11485,P,156,unclassified,d0058
D02360,D11557,P,157,CYP inhibition: CYP2C19 / CYP induction: CYP3A4 CYP2B6,d0058
D02360,D11674,P,158,CYP inhibition: CYP3A4,d0058
D02360,D11713,P,159,Enzyme: CYP3A4,d0058
D02360,D11804,P,160,unclassified,d0058
D02360,D11816,P,161,Enzyme: CYP3A4,d0058
D02360,D11835,P,162,Enzyme: CYP2C19 CYP2C9,d0058
D02360,D11873,P,163,unclassified,d0058
D02360,D11887,P,164,unclassified,d0058
D02360,D11920,P,165,unclassified,d0058
D02360,D11954,P,166,Enzyme: CYP2C19,d0058
D02360,D11970,P,167,unclassified,d0058
D02360,D12049,P,168,CYP inhibition: CYP2B6 CYP2C9 CYP2C19,d0058
D02360,D12050,P,169,Enzyme: CYP3A4 / CYP inhibition: CYP2C19,d0058
D02360,D12055,P,170,unclassified,d0058
D02360,D12245,P,171,Enzyme: CYP3A4,d0058
D02360,D12252,P,172,CYP induction: CYP3A4,d0058
D02360,D12442,P,173,unclassified,d0058
D02360,D12444,P,174,Enzyme: CYP3A4,d0058
D02360,D12586,P,175,unclassified,d0058
D02360,D12837,P,176,CYP induction: CYP2B6 CYP2C9 CYP2C19,d0058
D02362,D00076,P,1,unclassified,d0054
D02362,D00095,P,2,unclassified,d0054
D02362,D00109,P,3,unclassified,d0054
D02362,D00126,P,4,unclassified,d0054
D02362,D00132,P,5,unclassified,d0054
D02362,D00136,P,6,Enzyme: CYP2D6 / CYP inhibition: CYP2D6,d0054
D02362,D00228,P,7,Enzyme: CYP2D6 / Target: SLC6A4 / CYP inhibition: CYP2D6,d0054
D02362,D00252,P,8,unclassified,d0054
D02362,D00255,P,9,Enzyme: CYP2D6 / CYP inhibition: CYP2D6,d0054
D02362,D00283,P,10,unclassified,d0054
D02362,D00295,P,11,CYP inhibition: CYP2D6,d0054
D02362,D00311,P,12,unclassified,d0054
D02362,D00320,P,13,unclassified,d0054
D02362,D00415,P,14,unclassified,d0054
D02362,D00426,P,15,Enzyme: CYP2D6 / CYP inhibition: CYP2D6,d0054
D02362,D00451,P,16,unclassified,d0054
D02362,D00506,P,17,unclassified,d0054
D02362,D00512,P,18,unclassified,d0054
D02362,D00563,P,19,Enzyme: CYP2D6 / CYP inhibition: CYP2D6,d0054
D02362,D00567,P,20,CYP inhibition: CYP2D6,d0054
D02362,D00601,P,21,Enzyme: CYP2D6 / CYP inhibition: CYP2D6,d0054
D02362,D00603,P,22,Enzyme: CYP2D6 / CYP inhibition: CYP2D6,d0054
D02362,D00605,P,23,unclassified,d0054
D02362,D00661,P,24,Enzyme: CYP2D6 / CYP inhibition: CYP2D6,d0054
D02362,D00674,P,25,Enzyme: CYP2D6 / CYP inhibition: CYP2D6,d0054
D02362,D00675,P,26,unclassified,d0054
D02362,D00676,P,27,unclassified,d0054
D02362,D00677,P,28,unclassified,d0054
D02362,D00678,P,29,Enzyme: CYP2D6 / CYP inhibition: CYP2D6,d0054
D02362,D00701,P,30,unclassified,d0054
D02362,D00754,P,31,unclassified,d0054
D02362,D00769,P,32,unclassified,d0054
D02362,D00785,CI,33,Enzyme: CYP2D6 / CYP inhibition: CYP2D6,d0054
D02362,D00801,P,34,unclassified,d0054
D02362,D00809,P,35,Enzyme: CYP2D6 / Target: SLC6A4 / CYP inhibition: CYP2D6,d0054
D02362,D00811,P,36,Enzyme: CYP2D6 / Target: SLC6A4 / CYP inhibition: CYP2D6,d0054
D02362,D00815,P,37,Enzyme: CYP2D6 / Target: SLC6A4 / CYP inhibition: CYP2D6,d0054
D02362,D00818,P,38,Enzyme: CYP2D6 / CYP inhibition: CYP2D6,d0054
D02362,D00820,P,39,Enzyme: CYP2D6 / Target: SLC6A4 / CYP inhibition: CYP2D6,d0054
D02362,D00821,P,40,Enzyme: CYP2D6 / Target: SLC6A4 / CYP inhibition: CYP2D6,d0054
D02362,D00824,P,41,Enzyme: CYP2D6 / Target: SLC6A4 / CYP inhibition: CYP2D6,d0054
D02362,D00848,P,42,Enzyme: CYP2D6 / CYP inhibition: CYP2D6,d0054
D02362,D00904,P,43,unclassified,d0054
D02362,D00947,P,44,unclassified,d0054
D02362,D00966,P,45,Enzyme: CYP2D6 / CYP inhibition: CYP2D6,d0054
D02362,D00969,P,46,unclassified,d0054
D02362,D01028,P,47,CYP inhibition: CYP2D6,d0054
D02362,D01164,P,48,Enzyme: CYP2D6 / CYP inhibition: CYP2D6,d0054
D02362,D01179,P,49,Target: SLC6A4 / CYP inhibition: CYP2D6,d0054
D02362,D01253,P,50,unclassified,d0054
D02362,D01280,P,51,unclassified,d0054
D02362,D01296,P,52,unclassified,d0054
D02362,D01355,P,53,Enzyme: CYP2D6 / CYP inhibition: CYP2D6,d0054
D02362,D01383,P,54,unclassified,d0054
D02362,D01399,P,55,unclassified,d0054
D02362,D01898,P,56,Enzyme: CYP2D6 / CYP inhibition: CYP2D6,d0054
D02362,D01973,P,57,unclassified,d0054
D02362,D01992,P,58,unclassified,d0054
D02362,D02102,P,59,Enzyme: CYP2D6 / CYP inhibition: CYP2D6,d0054
D02362,D02103,P,60,unclassified,d0054
D02362,D02106,P,61,unclassified,d0054
D02362,D02173,P,62,Enzyme: CYP2D6 / CYP inhibition: CYP2D6,d0054
D02362,D02234,P,63,unclassified,d0054
D02362,D02235,P,64,unclassified,d0054
D02362,D02260,P,65,Enzyme: CYP2D6 / Target: SLC6A4 / CYP inhibition: CYP2D6,d0054
D02362,D02484,P,66,unclassified,d0054
D02362,D02562,CI,67,unclassified,d0054
D02362,D02567,P,68,Enzyme: CYP2D6 / Target: SLC6A4 / CYP inhibition: CYP2D6,d0054
D02362,D02574,P,69,Enzyme: CYP2D6 / CYP inhibition: CYP2D6,d0054
D02362,D02995,P,70,CYP inhibition: CYP2D6,d0054
D02362,D03855,P,71,unclassified,d0054
D02362,D03960,P,72,unclassified,d0054
D02362,D04052,P,73,unclassified,d0054
D02362,D04148,P,74,Enzyme: CYP2D6 / Target: SLC6A4 / CYP inhibition: CYP2D6,d0054
D02362,D04340,P,75,Enzyme: CYP2D6 / CYP inhibition: CYP2D6,d0054
D02362,D04747,P,76,unclassified,d0054
D02362,D05928,P,77,CYP inhibition: CYP2D6,d0054
D02362,D06405,P,78,unclassified,d0054
D02362,D06478,P,79,unclassified,d0054
D02362,D07082,P,80,unclassified,d0054
D02362,D07086,P,81,unclassified,d0054
D02362,D07505,P,82,unclassified,d0054
D02362,D07583,P,83,unclassified,d0054
D02362,D07595,P,84,unclassified,d0054
D02362,D08493,P,85,Enzyme: CYP2D6 / CYP inhibition: CYP2D6,d0054
D02362,D08575,P,86,Enzyme: CYP2D6 / CYP inhibition: CYP2D6,d0054
D02362,D08923,P,87,Enzyme: CYP2D6 / CYP inhibition: CYP2D6,d0054
D02362,D09535,P,88,CYP inhibition: CYP2D6,d0054
D02362,D09546,P,89,unclassified,d0054
D02362,D09686,P,90,unclassified,d0054
D02362,D09701,P,91,unclassified,d0054
D02362,D09815,P,92,unclassified,d0054
D02362,D09894,"CI,P",93,Enzyme: CYP2D6 / CYP inhibition: CYP2D6,d0054
D02362,D09999,P,94,Enzyme: CYP2D6 / CYP inhibition: CYP2D6,d0054
D02362,D10003,P,95,CYP induction: CYP2D6,d0054
D02362,D10014,P,96,unclassified,d0054
D02362,D10185,P,97,Enzyme: CYP2D6 / Target: SLC6A4 / CYP inhibition: CYP2D6,d0054
D02362,D10191,CI,98,unclassified,d0054
D02362,D10298,P,99,unclassified,d0054
D02362,D10309,P,100,Enzyme: CYP2D6 / CYP inhibition: CYP2D6,d0054
D02362,D10424,P,101,unclassified,d0054
D02362,D10512,P,102,Enzyme: CYP2D6 / CYP inhibition: CYP2D6,d0054
D02362,D10513,P,103,unclassified,d0054
D02362,D10516,P,104,Enzyme: CYP2D6 / CYP inhibition: CYP2D6,d0054
D02362,D10527,P,105,unclassified,d0054
D02362,D10537,P,106,unclassified,d0054
D02362,D10569,P,107,unclassified,d0054
D02362,D10793,P,108,unclassified,d0054
D02362,D10832,P,109,Enzyme: CYP2D6 / CYP inhibition: CYP2D6,d0054
D02362,D10999,P,110,unclassified,d0054
D02362,D11027,P,111,unclassified,d0054
D02362,D11296,P,112,unclassified,d0054
D02362,D11382,P,113,Enzyme: CYP2D6 / CYP inhibition: CYP2D6,d0054
D02362,D11674,P,114,CYP inhibition: CYP2D6,d0054
D02362,D11708,P,115,unclassified,d0054
D02362,D11804,P,116,unclassified,d0054
D02362,D12217,P,117,unclassified,d0054
D02362,D12364,P,118,unclassified,d0054
D02559,D00076,P,1,unclassified,d0126
D02559,D00095,P,2,unclassified,d0126
D02559,D00216,P,3,unclassified,d0126
D02559,D00225,P,4,unclassified,d0126
D02559,D00228,CI,5,unclassified,d0126
D02559,D00252,P,6,unclassified,d0126
D02559,D00265,P,7,unclassified,d0126
D02559,D00267,P,8,unclassified,d0126
D02559,D00280,P,9,unclassified,d0126
D02559,D00283,P,10,unclassified,d0126
D02559,D00293,P,11,unclassified,d0126
D02559,D00295,P,12,unclassified,d0126
D02559,D00308,P,13,unclassified,d0126
D02559,D00311,P,14,unclassified,d0126
D02559,D00320,P,15,unclassified,d0126
D02559,D00336,P,16,unclassified,d0126
D02559,D00365,P,17,unclassified,d0126
D02559,D00367,CI,18,unclassified,d0126
D02559,D00387,P,19,unclassified,d0126
D02559,D00388,P,20,unclassified,d0126
D02559,D00402,P,21,unclassified,d0126
D02559,D00415,CI,22,Enzyme-Target: MAOA,d0126
D02559,D00451,CI,23,Enzyme-Target: MAOA,d0126
D02559,D00457,P,24,unclassified,d0126
D02559,D00474,P,25,unclassified,d0126
D02559,D00481,P,26,unclassified,d0126
D02559,D00506,P,27,unclassified,d0126
D02559,D00511,P,28,unclassified,d0126
D02559,D00520,CI,29,unclassified,d0126
D02559,D00531,P,30,unclassified,d0126
D02559,D00550,P,31,unclassified,d0126
D02559,D00563,CI,32,unclassified,d0126
D02559,D00593,P,33,unclassified,d0126
D02559,D00594,P,34,unclassified,d0126
D02559,D00605,P,35,unclassified,d0126
D02559,D00625,P,36,unclassified,d0126
D02559,D00633,P,37,unclassified,d0126
D02559,D00665,P,38,unclassified,d0126
D02559,D00666,P,39,unclassified,d0126
D02559,D00668,P,40,unclassified,d0126
D02559,D00669,P,41,unclassified,d0126
D02559,D00672,P,42,unclassified,d0126
D02559,D00675,CI,43,unclassified,d0126
D02559,D00676,CI,44,Enzyme-Target: MAOA,d0126
D02559,D00677,P,45,unclassified,d0126
D02559,D00678,P,46,unclassified,d0126
D02559,D00694,P,47,unclassified,d0126
D02559,D00701,P,48,unclassified,d0126
D02559,D00713,P,49,unclassified,d0126
D02559,D00714,P,50,unclassified,d0126
D02559,D00720,P,51,unclassified,d0126
D02559,D00722,P,52,unclassified,d0126
D02559,D00744,P,53,unclassified,d0126
D02559,D00754,P,54,unclassified,d0126
D02559,D00765,P,55,unclassified,d0126
D02559,D00770,P,56,unclassified,d0126
D02559,D00785,CI,57,unclassified,d0126
D02559,D00787,P,58,unclassified,d0126
D02559,D00809,CI,59,unclassified,d0126
D02559,D00811,CI,60,unclassified,d0126
D02559,D00815,CI,61,unclassified,d0126
D02559,D00816,CI,62,unclassified,d0126
D02559,D00818,CI,63,unclassified,d0126
D02559,D00820,P,64,unclassified,d0126
D02559,D00821,CI,65,unclassified,d0126
D02559,D00824,CI,66,unclassified,d0126
D02559,D00825,CI,67,unclassified,d0126
D02559,D00836,P,68,unclassified,d0126
D02559,D00839,P,69,unclassified,d0126
D02559,D00842,P,70,unclassified,d0126
D02559,D00944,P,71,unclassified,d0126
D02559,D00945,P,72,unclassified,d0126
D02559,D00947,P,73,unclassified,d0126
D02559,D01007,P,74,unclassified,d0126
D02559,D01008,CI,75,unclassified,d0126
D02559,D01021,CI,76,unclassified,d0126
D02559,D01022,P,77,unclassified,d0126
D02559,D01096,P,78,unclassified,d0126
D02559,D01107,CI,79,unclassified,d0126
D02559,D01111,P,80,unclassified,d0126
D02559,D01165,P,81,unclassified,d0126
D02559,D01179,CI,82,unclassified,d0126
D02559,D01226,P,83,unclassified,d0126
D02559,D01230,P,84,unclassified,d0126
D02559,D01245,P,85,unclassified,d0126
D02559,D01253,P,86,unclassified,d0126
D02559,D01268,P,87,unclassified,d0126
D02559,D01269,P,88,unclassified,d0126
D02559,D01277,P,89,unclassified,d0126
D02559,D01278,P,90,unclassified,d0126
D02559,D01280,P,91,unclassified,d0126
D02559,D01292,P,92,unclassified,d0126
D02559,D01293,P,93,unclassified,d0126
D02559,D01296,CI,94,unclassified,d0126
D02559,D01302,P,95,unclassified,d0126
D02559,D01324,P,96,unclassified,d0126
D02559,D01328,P,97,unclassified,d0126
D02559,D01347,CI,98,unclassified,d0126
D02559,D01355,CI,99,unclassified,d0126
D02559,D01358,CI,100,unclassified,d0126
D02559,D01383,CI,101,unclassified,d0126
D02559,D01386,P,102,unclassified,d0126
D02559,D01389,P,103,unclassified,d0126
D02559,D01399,P,104,unclassified,d0126
D02559,D01408,P,105,unclassified,d0126
D02559,D01451,P,106,unclassified,d0126
D02559,D01453,P,107,unclassified,d0126
D02559,D01481,P,108,unclassified,d0126
D02559,D01514,P,109,unclassified,d0126
D02559,D01564,P,110,unclassified,d0126
D02559,D01599,P,111,unclassified,d0126
D02559,D01657,P,112,unclassified,d0126
D02559,D01665,P,113,unclassified,d0126
D02559,D01744,P,114,unclassified,d0126
D02559,D01832,P,115,unclassified,d0126
D02559,D01854,P,116,unclassified,d0126
D02559,D01872,P,117,unclassified,d0126
D02559,D01875,P,118,unclassified,d0126
D02559,D01898,P,119,unclassified,d0126
D02559,D01903,P,120,unclassified,d0126
D02559,D02016,P,121,unclassified,d0126
D02559,D02034,CI,122,unclassified,d0126
D02559,D02064,P,123,unclassified,d0126
D02559,D02069,P,124,unclassified,d0126
D02559,D02076,P,125,unclassified,d0126
D02559,D02101,P,126,unclassified,d0126
D02559,D02102,P,127,unclassified,d0126
D02559,D02106,P,128,unclassified,d0126
D02559,D02109,P,129,unclassified,d0126
D02559,D02234,P,130,unclassified,d0126
D02559,D02242,CI,131,unclassified,d0126
D02559,D02246,P,132,unclassified,d0126
D02559,D02247,P,133,unclassified,d0126
D02559,D02260,CI,134,unclassified,d0126
D02559,D02271,P,135,unclassified,d0126
D02559,D02408,CI,136,unclassified,d0126
D02559,D02409,P,137,unclassified,d0126
D02559,D02484,P,138,unclassified,d0126
D02559,D02535,P,139,unclassified,d0126
D02559,D02562,CI,140,unclassified,d0126
D02559,D02567,CI,141,unclassified,d0126
D02559,D02574,CI,142,unclassified,d0126
D02559,D03230,P,143,unclassified,d0126
D02559,D03250,P,144,unclassified,d0126
D02559,D03855,CI,145,unclassified,d0126
D02559,D04044,P,146,unclassified,d0126
D02559,D04052,P,147,unclassified,d0126
D02559,D04062,P,148,unclassified,d0126
D02559,D04081,P,149,unclassified,d0126
D02559,D04148,CI,150,unclassified,d0126
D02559,D04251,CI,151,unclassified,d0126
D02559,D04259,P,152,unclassified,d0126
D02559,D04261,P,153,unclassified,d0126
D02559,D04313,P,154,unclassified,d0126
D02559,D04342,P,155,unclassified,d0126
D02559,D04364,P,156,unclassified,d0126
D02559,D04447,P,157,unclassified,d0126
D02559,D04475,P,158,unclassified,d0126
D02559,D04477,P,159,unclassified,d0126
D02559,D04539,P,160,unclassified,d0126
D02559,D04540,P,161,unclassified,d0126
D02559,D04547,P,162,unclassified,d0126
D02559,D04747,CI,163,unclassified,d0126
D02559,D04813,P,164,unclassified,d0126
D02559,D05462,P,165,unclassified,d0126
D02559,D05928,P,166,unclassified,d0126
D02559,D06273,P,167,unclassified,d0126
D02559,D06405,P,168,unclassified,d0126
D02559,D06553,P,169,unclassified,d0126
D02559,D06645,P,170,unclassified,d0126
D02559,D06698,P,171,unclassified,d0126
D02559,D06921,P,172,unclassified,d0126
D02559,D06927,P,173,unclassified,d0126
D02559,D06928,P,174,unclassified,d0126
D02559,D06951,P,175,unclassified,d0126
D02559,D06953,P,176,unclassified,d0126
D02559,D06955,P,177,unclassified,d0126
D02559,D06956,P,178,unclassified,d0126
D02559,D06987,P,179,unclassified,d0126
D02559,D06994,P,180,unclassified,d0126
D02559,D07041,P,181,unclassified,d0126
D02559,D07042,P,182,unclassified,d0126
D02559,D07043,P,183,unclassified,d0126
D02559,D07044,P,184,unclassified,d0126
D02559,D07045,P,185,unclassified,d0126
D02559,D07048,P,186,unclassified,d0126
D02559,D07080,P,187,unclassified,d0126
D02559,D07132,P,188,unclassified,d0126
D02559,D07583,P,189,unclassified,d0126
D02559,D08080,P,190,unclassified,d0126
D02559,D08575,CI,191,unclassified,d0126
D02559,D08695,P,192,unclassified,d0126
D02559,D08769,P,193,unclassified,d0126
D02559,D08897,P,194,unclassified,d0126
D02559,D08923,P,195,unclassified,d0126
D02559,D09186,P,196,unclassified,d0126
D02559,D09319,P,197,unclassified,d0126
D02559,D09566,P,198,unclassified,d0126
D02559,D09592,P,199,unclassified,d0126
D02559,D09727,P,200,unclassified,d0126
D02559,D09744,P,201,unclassified,d0126
D02559,D09753,P,202,unclassified,d0126
D02559,D09756,P,203,unclassified,d0126
D02559,D09763,P,204,unclassified,d0126
D02559,D09780,P,205,unclassified,d0126
D02559,D09848,P,206,unclassified,d0126
D02559,D09889,P,207,unclassified,d0126
D02559,D09978,P,208,unclassified,d0126
D02559,D09999,CI,209,unclassified,d0126
D02559,D10159,P,210,unclassified,d0126
D02559,D10160,P,211,unclassified,d0126
D02559,D10179,P,212,unclassified,d0126
D02559,D10185,CI,213,unclassified,d0126
D02559,D10191,CI,214,Enzyme-Target: MAOA,d0126
D02559,D10195,P,215,unclassified,d0126
D02559,D10200,P,216,unclassified,d0126
D02559,D10253,P,217,unclassified,d0126
D02559,D10298,P,218,unclassified,d0126
D02559,D10317,P,219,unclassified,d0126
D02559,D10424,P,220,unclassified,d0126
D02559,D10459,P,221,unclassified,d0126
D02559,D10505,P,222,unclassified,d0126
D02559,D10570,P,223,unclassified,d0126
D02559,D10588,P,224,unclassified,d0126
D02559,D10743,P,225,unclassified,d0126
D02559,D10744,P,226,unclassified,d0126
D02559,D10854,P,227,unclassified,d0126
D02559,D10897,P,228,unclassified,d0126
D02559,D10967,P,229,unclassified,d0126
D02559,D10999,P,230,unclassified,d0126
D02559,D11034,P,231,unclassified,d0126
D02559,D11064,P,232,unclassified,d0126
D02559,D11109,P,233,unclassified,d0126
D02559,D11290,P,234,unclassified,d0126
D02559,D11567,P,235,unclassified,d0126
D02559,D11807,P,236,unclassified,d0126
D02559,D11861,P,237,unclassified,d0126
D02559,D11862,P,238,unclassified,d0126
D02559,D12358,P,239,unclassified,d0126
D02559,D12437,P,240,unclassified,d0126
D02559,D13245,P,241,unclassified,d0126
D02560,D00076,P,1,unclassified,d0131
D02560,D00095,P,2,unclassified,d0131
D02560,D00216,P,3,unclassified,d0131
D02560,D00225,P,4,unclassified,d0131
D02560,D00228,CI,5,unclassified,d0131
D02560,D00265,P,6,unclassified,d0131
D02560,D00267,P,7,unclassified,d0131
D02560,D00280,P,8,unclassified,d0131
D02560,D00283,P,9,unclassified,d0131
D02560,D00293,P,10,unclassified,d0131
D02560,D00308,P,11,unclassified,d0131
D02560,D00311,P,12,unclassified,d0131
D02560,D00320,P,13,unclassified,d0131
D02560,D00336,P,14,unclassified,d0131
D02560,D00365,P,15,unclassified,d0131
D02560,D00367,CI,16,unclassified,d0131
D02560,D00387,P,17,unclassified,d0131
D02560,D00388,P,18,unclassified,d0131
D02560,D00402,P,19,unclassified,d0131
D02560,D00415,CI,20,Enzyme-Target: MAOA,d0131
D02560,D00451,CI,21,Enzyme-Target: MAOA,d0131
D02560,D00457,P,22,unclassified,d0131
D02560,D00474,P,23,unclassified,d0131
D02560,D00481,P,24,unclassified,d0131
D02560,D00506,P,25,unclassified,d0131
D02560,D00511,P,26,unclassified,d0131
D02560,D00520,CI,27,unclassified,d0131
D02560,D00531,P,28,unclassified,d0131
D02560,D00550,P,29,unclassified,d0131
D02560,D00563,CI,30,unclassified,d0131
D02560,D00593,P,31,unclassified,d0131
D02560,D00594,P,32,unclassified,d0131
D02560,D00625,P,33,unclassified,d0131
D02560,D00633,P,34,unclassified,d0131
D02560,D00665,P,35,unclassified,d0131
D02560,D00666,P,36,unclassified,d0131
D02560,D00668,P,37,unclassified,d0131
D02560,D00669,P,38,unclassified,d0131
D02560,D00672,P,39,unclassified,d0131
D02560,D00675,CI,40,unclassified,d0131
D02560,D00676,CI,41,Enzyme-Target: MAOA,d0131
D02560,D00677,P,42,unclassified,d0131
D02560,D00678,P,43,unclassified,d0131
D02560,D00694,P,44,unclassified,d0131
D02560,D00701,P,45,unclassified,d0131
D02560,D00713,P,46,unclassified,d0131
D02560,D00714,P,47,unclassified,d0131
D02560,D00720,P,48,unclassified,d0131
D02560,D00722,P,49,unclassified,d0131
D02560,D00744,P,50,unclassified,d0131
D02560,D00765,P,51,unclassified,d0131
D02560,D00770,P,52,unclassified,d0131
D02560,D00785,CI,53,unclassified,d0131
D02560,D00787,P,54,unclassified,d0131
D02560,D00809,CI,55,unclassified,d0131
D02560,D00811,CI,56,unclassified,d0131
D02560,D00815,CI,57,unclassified,d0131
D02560,D00816,CI,58,unclassified,d0131
D02560,D00818,CI,59,unclassified,d0131
D02560,D00820,P,60,unclassified,d0131
D02560,D00821,CI,61,unclassified,d0131
D02560,D00824,CI,62,unclassified,d0131
D02560,D00825,CI,63,unclassified,d0131
D02560,D00836,P,64,unclassified,d0131
D02560,D00839,P,65,unclassified,d0131
D02560,D00842,P,66,unclassified,d0131
D02560,D00944,P,67,unclassified,d0131
D02560,D00945,P,68,unclassified,d0131
D02560,D00947,P,69,unclassified,d0131
D02560,D01007,P,70,unclassified,d0131
D02560,D01008,CI,71,unclassified,d0131
D02560,D01021,CI,72,unclassified,d0131
D02560,D01022,P,73,unclassified,d0131
D02560,D01096,P,74,unclassified,d0131
D02560,D01107,CI,75,unclassified,d0131
D02560,D01111,P,76,unclassified,d0131
D02560,D01165,P,77,unclassified,d0131
D02560,D01179,CI,78,unclassified,d0131
D02560,D01226,P,79,unclassified,d0131
D02560,D01230,P,80,unclassified,d0131
D02560,D01245,P,81,unclassified,d0131
D02560,D01253,P,82,unclassified,d0131
D02560,D01268,P,83,unclassified,d0131
D02560,D01269,P,84,unclassified,d0131
D02560,D01277,P,85,unclassified,d0131
D02560,D01278,P,86,unclassified,d0131
D02560,D01280,P,87,unclassified,d0131
D02560,D01292,P,88,unclassified,d0131
D02560,D01293,P,89,unclassified,d0131
D02560,D01296,CI,90,unclassified,d0131
D02560,D01302,P,91,unclassified,d0131
D02560,D01324,P,92,unclassified,d0131
D02560,D01328,P,93,unclassified,d0131
D02560,D01347,CI,94,unclassified,d0131
D02560,D01355,CI,95,unclassified,d0131
D02560,D01358,CI,96,unclassified,d0131
D02560,D01383,CI,97,unclassified,d0131
D02560,D01386,P,98,unclassified,d0131
D02560,D01389,P,99,unclassified,d0131
D02560,D01399,P,100,unclassified,d0131
D02560,D01408,P,101,unclassified,d0131
D02560,D01451,P,102,unclassified,d0131
D02560,D01453,P,103,unclassified,d0131
D02560,D01481,P,104,unclassified,d0131
D02560,D01514,P,105,unclassified,d0131
D02560,D01564,P,106,unclassified,d0131
D02560,D01599,P,107,unclassified,d0131
D02560,D01657,P,108,unclassified,d0131
D02560,D01665,P,109,unclassified,d0131
D02560,D01744,P,110,unclassified,d0131
D02560,D01832,P,111,unclassified,d0131
D02560,D01854,P,112,unclassified,d0131
D02560,D01872,P,113,unclassified,d0131
D02560,D01875,P,114,unclassified,d0131
D02560,D01898,P,115,unclassified,d0131
D02560,D01903,P,116,unclassified,d0131
D02560,D02016,P,117,unclassified,d0131
D02560,D02034,CI,118,unclassified,d0131
D02560,D02064,P,119,unclassified,d0131
D02560,D02069,P,120,unclassified,d0131
D02560,D02076,P,121,unclassified,d0131
D02560,D02101,P,122,unclassified,d0131
D02560,D02102,P,123,unclassified,d0131
D02560,D02109,P,124,unclassified,d0131
D02560,D02234,P,125,unclassified,d0131
D02560,D02242,CI,126,unclassified,d0131
D02560,D02246,P,127,unclassified,d0131
D02560,D02247,P,128,unclassified,d0131
D02560,D02260,CI,129,unclassified,d0131
D02560,D02271,P,130,unclassified,d0131
D02560,D02408,CI,131,unclassified,d0131
D02560,D02409,P,132,unclassified,d0131
D02560,D02535,P,133,unclassified,d0131
D02560,D02562,CI,134,unclassified,d0131
D02560,D02567,CI,135,unclassified,d0131
D02560,D02574,CI,136,unclassified,d0131
D02560,D03230,P,137,unclassified,d0131
D02560,D03250,P,138,unclassified,d0131
D02560,D03855,CI,139,unclassified,d0131
D02560,D04044,P,140,unclassified,d0131
D02560,D04052,P,141,unclassified,d0131
D02560,D04062,P,142,unclassified,d0131
D02560,D04081,P,143,unclassified,d0131
D02560,D04148,CI,144,unclassified,d0131
D02560,D04251,CI,145,unclassified,d0131
D02560,D04259,P,146,unclassified,d0131
D02560,D04261,P,147,unclassified,d0131
D02560,D04313,P,148,unclassified,d0131
D02560,D04342,P,149,unclassified,d0131
D02560,D04364,P,150,unclassified,d0131
D02560,D04447,P,151,unclassified,d0131
D02560,D04475,P,152,unclassified,d0131
D02560,D04477,P,153,unclassified,d0131
D02560,D04539,P,154,unclassified,d0131
D02560,D04540,P,155,unclassified,d0131
D02560,D04547,P,156,unclassified,d0131
D02560,D04747,CI,157,unclassified,d0131
D02560,D04813,P,158,unclassified,d0131
D02560,D05462,P,159,unclassified,d0131
D02560,D06273,P,160,unclassified,d0131
D02560,D06553,P,161,unclassified,d0131
D02560,D06645,P,162,unclassified,d0131
D02560,D06698,P,163,unclassified,d0131
D02560,D06921,P,164,unclassified,d0131
D02560,D06927,P,165,unclassified,d0131
D02560,D06928,P,166,unclassified,d0131
D02560,D06951,P,167,unclassified,d0131
D02560,D06953,P,168,unclassified,d0131
D02560,D06955,P,169,unclassified,d0131
D02560,D06956,P,170,unclassified,d0131
D02560,D06987,P,171,unclassified,d0131
D02560,D06994,P,172,unclassified,d0131
D02560,D07041,P,173,unclassified,d0131
D02560,D07042,P,174,unclassified,d0131
D02560,D07043,P,175,unclassified,d0131
D02560,D07044,P,176,unclassified,d0131
D02560,D07045,P,177,unclassified,d0131
D02560,D07048,P,178,unclassified,d0131
D02560,D07080,P,179,unclassified,d0131
D02560,D07132,P,180,unclassified,d0131
D02560,D07583,P,181,unclassified,d0131
D02560,D08080,P,182,unclassified,d0131
D02560,D08575,CI,183,unclassified,d0131
D02560,D08695,P,184,unclassified,d0131
D02560,D08769,P,185,unclassified,d0131
D02560,D08897,P,186,unclassified,d0131
D02560,D08923,P,187,unclassified,d0131
D02560,D09186,P,188,unclassified,d0131
D02560,D09319,P,189,unclassified,d0131
D02560,D09566,P,190,unclassified,d0131
D02560,D09592,P,191,unclassified,d0131
D02560,D09727,P,192,unclassified,d0131
D02560,D09744,P,193,unclassified,d0131
D02560,D09753,P,194,unclassified,d0131
D02560,D09756,P,195,unclassified,d0131
D02560,D09763,P,196,unclassified,d0131
D02560,D09780,P,197,unclassified,d0131
D02560,D09848,P,198,unclassified,d0131
D02560,D09889,P,199,unclassified,d0131
D02560,D09978,P,200,unclassified,d0131
D02560,D09999,CI,201,unclassified,d0131
D02560,D10159,P,202,unclassified,d0131
D02560,D10160,P,203,unclassified,d0131
D02560,D10179,P,204,unclassified,d0131
D02560,D10185,CI,205,unclassified,d0131
D02560,D10191,CI,206,Enzyme-Target: MAOA,d0131
D02560,D10195,P,207,unclassified,d0131
D02560,D10200,P,208,unclassified,d0131
D02560,D10253,P,209,unclassified,d0131
D02560,D10298,P,210,unclassified,d0131
D02560,D10317,P,211,unclassified,d0131
D02560,D10424,P,212,unclassified,d0131
D02560,D10459,P,213,unclassified,d0131
D02560,D10505,P,214,unclassified,d0131
D02560,D10570,P,215,unclassified,d0131
D02560,D10588,P,216,unclassified,d0131
D02560,D10743,P,217,unclassified,d0131
D02560,D10744,P,218,unclassified,d0131
D02560,D10854,P,219,unclassified,d0131
D02560,D10897,P,220,unclassified,d0131
D02560,D10967,P,221,unclassified,d0131
D02560,D10999,P,222,unclassified,d0131
D02560,D11034,P,223,unclassified,d0131
D02560,D11064,P,224,unclassified,d0131
D02560,D11109,P,225,unclassified,d0131
D02560,D11290,P,226,unclassified,d0131
D02560,D11567,P,227,unclassified,d0131
D02560,D11807,P,228,unclassified,d0131
D02560,D11861,P,229,unclassified,d0131
D02560,D11862,P,230,unclassified,d0131
D02560,D12358,P,231,unclassified,d0131
D02560,D12437,P,232,unclassified,d0131
D02560,D13245,P,233,unclassified,d0131
D02561,D00076,P,1,unclassified,d0125
D02561,D00095,P,2,unclassified,d0125
D02561,D00136,P,3,CYP inhibition: CYP2D6,d0125
D02561,D00216,P,4,unclassified,d0125
D02561,D00225,P,5,unclassified,d0125
D02561,D00228,CI,6,CYP inhibition: CYP2D6,d0125
D02561,D00252,P,7,unclassified,d0125
D02561,D00265,P,8,unclassified,d0125
D02561,D00267,P,9,unclassified,d0125
D02561,D00280,P,10,unclassified,d0125
D02561,D00283,P,11,unclassified,d0125
D02561,D00293,P,12,Enzyme: CYP2C19 / CYP inhibition: CYP2C19,d0125
D02561,D00295,P,13,unclassified,d0125
D02561,D00308,P,14,unclassified,d0125
D02561,D00311,P,15,unclassified,d0125
D02561,D00320,P,16,unclassified,d0125
D02561,D00336,P,17,unclassified,d0125
D02561,D00365,P,18,unclassified,d0125
D02561,D00367,CI,19,unclassified,d0125
D02561,D00387,P,20,unclassified,d0125
D02561,D00388,P,21,unclassified,d0125
D02561,D00402,P,22,unclassified,d0125
D02561,D00415,CI,23,Enzyme-Target: MAOA,d0125
D02561,D00426,P,24,CYP inhibition: CYP2D6,d0125
D02561,D00451,CI,25,Enzyme-Target: MAOA,d0125
D02561,D00457,P,26,unclassified,d0125
D02561,D00474,P,27,unclassified,d0125
D02561,D00481,P,28,unclassified,d0125
D02561,D00506,P,29,unclassified,d0125
D02561,D00511,P,30,unclassified,d0125
D02561,D00512,P,31,unclassified,d0125
D02561,D00520,CI,32,unclassified,d0125
D02561,D00531,P,33,unclassified,d0125
D02561,D00550,P,34,unclassified,d0125
D02561,D00563,CI,35,CYP inhibition: CYP2D6,d0125
D02561,D00593,P,36,unclassified,d0125
D02561,D00594,P,37,unclassified,d0125
D02561,D00603,P,38,CYP inhibition: CYP2D6,d0125
D02561,D00605,P,39,unclassified,d0125
D02561,D00625,P,40,unclassified,d0125
D02561,D00633,P,41,unclassified,d0125
D02561,D00661,P,42,CYP inhibition: CYP2D6,d0125
D02561,D00665,P,43,unclassified,d0125
D02561,D00666,P,44,unclassified,d0125
D02561,D00668,P,45,CYP inhibition: CYP2D6,d0125
D02561,D00669,P,46,unclassified,d0125
D02561,D00672,P,47,unclassified,d0125
D02561,D00675,CI,48,unclassified,d0125
D02561,D00676,CI,49,Enzyme-Target: MAOA,d0125
D02561,D00677,P,50,unclassified,d0125
D02561,D00678,P,51,CYP inhibition: CYP2D6,d0125
D02561,D00694,P,52,unclassified,d0125
D02561,D00701,P,53,unclassified,d0125
D02561,D00713,P,54,unclassified,d0125
D02561,D00714,P,55,unclassified,d0125
D02561,D00720,P,56,unclassified,d0125
D02561,D00722,P,57,unclassified,d0125
D02561,D00744,P,58,unclassified,d0125
D02561,D00754,P,59,unclassified,d0125
D02561,D00765,P,60,unclassified,d0125
D02561,D00769,P,61,Enzyme: CYP2C19 / CYP inhibition: CYP2C19,d0125
D02561,D00770,P,62,unclassified,d0125
D02561,D00785,CI,63,CYP inhibition: CYP2D6,d0125
D02561,D00787,P,64,unclassified,d0125
D02561,D00809,"CI,P",65,Enzyme: CYP2C19 / CYP inhibition: CYP2D6 CYP2C19,d0125
D02561,D00811,CI,66,Enzyme: CYP2C19 / CYP inhibition: CYP2D6 CYP2C19,d0125
D02561,D00815,CI,67,Enzyme: CYP2C19 / CYP inhibition: CYP2D6 CYP2C19,d0125
D02561,D00816,CI,68,CYP inhibition: CYP2D6,d0125
D02561,D00818,CI,69,CYP inhibition: CYP2D6,d0125
D02561,D00820,P,70,CYP inhibition: CYP2D6,d0125
D02561,D00821,CI,71,CYP inhibition: CYP2D6,d0125
D02561,D00824,CI,72,CYP inhibition: CYP2C19 CYP2D6,d0125
D02561,D00825,CI,73,Enzyme: CYP2C19 / CYP inhibition: CYP2C19,d0125
D02561,D00836,P,74,unclassified,d0125
D02561,D00839,P,75,unclassified,d0125
D02561,D00842,P,76,unclassified,d0125
D02561,D00848,P,77,CYP inhibition: CYP2D6,d0125
D02561,D00944,P,78,unclassified,d0125
D02561,D00945,P,79,unclassified,d0125
D02561,D00947,P,80,unclassified,d0125
D02561,D01007,P,81,unclassified,d0125
D02561,D01008,CI,82,unclassified,d0125
D02561,D01021,CI,83,unclassified,d0125
D02561,D01022,P,84,unclassified,d0125
D02561,D01096,P,85,unclassified,d0125
D02561,D01107,CI,86,unclassified,d0125
D02561,D01111,P,87,unclassified,d0125
D02561,D01164,P,88,CYP inhibition: CYP2D6,d0125
D02561,D01165,P,89,unclassified,d0125
D02561,D01179,CI,90,unclassified,d0125
D02561,D01226,P,91,unclassified,d0125
D02561,D01230,P,92,unclassified,d0125
D02561,D01245,P,93,unclassified,d0125
D02561,D01253,P,94,Enzyme: CYP2C19 / CYP inhibition: CYP2C19,d0125
D02561,D01268,P,95,unclassified,d0125
D02561,D01269,P,96,unclassified,d0125
D02561,D01277,P,97,unclassified,d0125
D02561,D01278,P,98,unclassified,d0125
D02561,D01280,P,99,unclassified,d0125
D02561,D01292,P,100,unclassified,d0125
D02561,D01293,P,101,unclassified,d0125
D02561,D01296,CI,102,unclassified,d0125
D02561,D01302,P,103,unclassified,d0125
D02561,D01324,P,104,CYP inhibition: CYP2D6,d0125
D02561,D01328,P,105,unclassified,d0125
D02561,D01347,CI,106,unclassified,d0125
D02561,D01355,CI,107,CYP inhibition: CYP2D6,d0125
D02561,D01358,CI,108,CYP inhibition: CYP2D6,d0125
D02561,D01383,CI,109,unclassified,d0125
D02561,D01386,P,110,unclassified,d0125
D02561,D01389,P,111,unclassified,d0125
D02561,D01399,P,112,unclassified,d0125
D02561,D01408,P,113,unclassified,d0125
D02561,D01451,P,114,unclassified,d0125
D02561,D01453,P,115,unclassified,d0125
D02561,D01481,P,116,CYP inhibition: CYP2D6,d0125
D02561,D01514,P,117,unclassified,d0125
D02561,D01564,P,118,unclassified,d0125
D02561,D01599,P,119,unclassified,d0125
D02561,D01657,P,120,unclassified,d0125
D02561,D01665,P,121,unclassified,d0125
D02561,D01744,P,122,unclassified,d0125
D02561,D01832,P,123,CYP inhibition: CYP2C19,d0125
D02561,D01854,P,124,unclassified,d0125
D02561,D01872,P,125,unclassified,d0125
D02561,D01875,P,126,unclassified,d0125
D02561,D01896,P,127,Enzyme: CYP2C19 / CYP inhibition: CYP2C19,d0125
D02561,D01898,P,128,CYP inhibition: CYP2D6,d0125
D02561,D01903,P,129,unclassified,d0125
D02561,D02016,P,130,CYP inhibition: CYP2D6,d0125
D02561,D02034,CI,131,unclassified,d0125
D02561,D02064,P,132,unclassified,d0125
D02561,D02069,P,133,unclassified,d0125
D02561,D02076,P,134,unclassified,d0125
D02561,D02101,P,135,CYP inhibition: CYP2D6,d0125
D02561,D02102,P,136,Enzyme: CYP2C19 / CYP inhibition: CYP2D6 CYP2C19,d0125
D02561,D02103,P,137,unclassified,d0125
D02561,D02106,P,138,unclassified,d0125
D02561,D02109,P,139,unclassified,d0125
D02561,D02234,P,140,unclassified,d0125
D02561,D02242,CI,141,CYP inhibition: CYP2D6,d0125
D02561,D02246,P,142,unclassified,d0125
D02561,D02247,P,143,unclassified,d0125
D02561,D02260,CI,144,CYP inhibition: CYP2D6,d0125
D02561,D02271,P,145,unclassified,d0125
D02561,D02408,CI,146,unclassified,d0125
D02561,D02409,P,147,unclassified,d0125
D02561,D02484,P,148,unclassified,d0125
D02561,D02535,P,149,unclassified,d0125
D02561,D02562,CI,150,unclassified,d0125
D02561,D02567,CI,151,Enzyme: CYP2C19 / CYP inhibition: CYP2D6 CYP2C19,d0125
D02561,D02574,"CI,P",152,CYP inhibition: CYP2D6,d0125
D02561,D03230,P,153,unclassified,d0125
D02561,D03250,P,154,unclassified,d0125
D02561,D03855,CI,155,unclassified,d0125
D02561,D04044,P,156,unclassified,d0125
D02561,D04052,P,157,unclassified,d0125
D02561,D04062,P,158,unclassified,d0125
D02561,D04081,P,159,unclassified,d0125
D02561,D04148,"CI,P",160,Enzyme: CYP2C19 / CYP inhibition: CYP2D6 CYP2C19,d0125
D02561,D04251,CI,161,unclassified,d0125
D02561,D04259,P,162,unclassified,d0125
D02561,D04261,P,163,unclassified,d0125
D02561,D04313,P,164,CYP inhibition: CYP2D6,d0125
D02561,D04340,P,165,CYP inhibition: CYP2D6,d0125
D02561,D04342,P,166,unclassified,d0125
D02561,D04364,P,167,unclassified,d0125
D02561,D04447,P,168,unclassified,d0125
D02561,D04475,P,169,unclassified,d0125
D02561,D04477,P,170,unclassified,d0125
D02561,D04539,P,171,unclassified,d0125
D02561,D04540,P,172,unclassified,d0125
D02561,D04547,P,173,unclassified,d0125
D02561,D04747,CI,174,unclassified,d0125
D02561,D04768,P,175,CYP inhibition: CYP2C19,d0125
D02561,D04813,P,176,unclassified,d0125
D02561,D05462,P,177,unclassified,d0125
D02561,D05928,P,178,Enzyme: CYP2C19 / CYP inhibition: CYP2C19,d0125
D02561,D06273,P,179,unclassified,d0125
D02561,D06405,P,180,unclassified,d0125
D02561,D06553,P,181,unclassified,d0125
D02561,D06645,P,182,unclassified,d0125
D02561,D06698,P,183,unclassified,d0125
D02561,D06921,P,184,unclassified,d0125
D02561,D06927,P,185,unclassified,d0125
D02561,D06928,P,186,unclassified,d0125
D02561,D06951,P,187,unclassified,d0125
D02561,D06953,P,188,unclassified,d0125
D02561,D06955,P,189,unclassified,d0125
D02561,D06956,P,190,unclassified,d0125
D02561,D06987,P,191,unclassified,d0125
D02561,D06994,P,192,unclassified,d0125
D02561,D07041,P,193,unclassified,d0125
D02561,D07042,P,194,unclassified,d0125
D02561,D07043,P,195,unclassified,d0125
D02561,D07044,P,196,unclassified,d0125
D02561,D07045,P,197,unclassified,d0125
D02561,D07048,P,198,unclassified,d0125
D02561,D07080,P,199,unclassified,d0125
D02561,D07132,P,200,unclassified,d0125
D02561,D07505,P,201,unclassified,d0125
D02561,D07583,P,202,unclassified,d0125
D02561,D08080,P,203,unclassified,d0125
D02561,D08493,P,204,Enzyme: CYP2C19 / CYP inhibition: CYP2D6 CYP2C19,d0125
D02561,D08575,"CI,P",205,CYP inhibition: CYP2D6,d0125
D02561,D08695,P,206,CYP inhibition: CYP2D6,d0125
D02561,D08769,P,207,unclassified,d0125
D02561,D08897,P,208,unclassified,d0125
D02561,D08923,P,209,CYP inhibition: CYP2D6,d0125
D02561,D09186,P,210,unclassified,d0125
D02561,D09319,P,211,unclassified,d0125
D02561,D09566,P,212,unclassified,d0125
D02561,D09592,P,213,unclassified,d0125
D02561,D09727,P,214,unclassified,d0125
D02561,D09744,P,215,unclassified,d0125
D02561,D09753,P,216,unclassified,d0125
D02561,D09756,P,217,unclassified,d0125
D02561,D09763,P,218,unclassified,d0125
D02561,D09780,P,219,unclassified,d0125
D02561,D09815,P,220,unclassified,d0125
D02561,D09848,P,221,unclassified,d0125
D02561,D09889,P,222,unclassified,d0125
D02561,D09894,"CI,P",223,CYP inhibition: CYP2D6,d0125
D02561,D09978,P,224,unclassified,d0125
D02561,D09999,CI,225,CYP inhibition: CYP2D6,d0125
D02561,D10159,P,226,unclassified,d0125
D02561,D10160,P,227,unclassified,d0125
D02561,D10179,P,228,CYP inhibition: CYP2D6,d0125
D02561,D10185,"CI,P",229,Enzyme: CYP2C19 / CYP inhibition: CYP2D6 CYP2C19,d0125
D02561,D10191,CI,230,Enzyme-Target: MAOA,d0125
D02561,D10195,P,231,unclassified,d0125
D02561,D10200,P,232,unclassified,d0125
D02561,D10218,P,233,unclassified,d0125
D02561,D10253,P,234,unclassified,d0125
D02561,D10298,P,235,unclassified,d0125
D02561,D10309,P,236,CYP inhibition: CYP2D6,d0125
D02561,D10317,P,237,unclassified,d0125
D02561,D10424,P,238,unclassified,d0125
D02561,D10459,P,239,unclassified,d0125
D02561,D10505,P,240,unclassified,d0125
D02561,D10512,P,241,CYP inhibition: CYP2D6,d0125
D02561,D10513,P,242,Enzyme: CYP2C19 / CYP inhibition: CYP2C19,d0125
D02561,D10516,P,243,CYP inhibition: CYP2D6,d0125
D02561,D10569,P,244,unclassified,d0125
D02561,D10570,P,245,unclassified,d0125
D02561,D10588,P,246,unclassified,d0125
D02561,D10743,P,247,unclassified,d0125
D02561,D10744,P,248,unclassified,d0125
D02561,D10801,P,249,CYP induction: CYP2C19,d0125
D02561,D10854,P,250,unclassified,d0125
D02561,D10897,P,251,unclassified,d0125
D02561,D10967,P,252,unclassified,d0125
D02561,D10999,P,253,unclassified,d0125
D02561,D11034,P,254,unclassified,d0125
D02561,D11040,P,255,CYP induction: CYP2C19,d0125
D02561,D11062,P,256,CYP inhibition: CYP2D6,d0125
D02561,D11064,P,257,unclassified,d0125
D02561,D11109,P,258,unclassified,d0125
D02561,D11290,P,259,unclassified,d0125
D02561,D11296,P,260,Enzyme: CYP2C19 / CYP inhibition: CYP2C19,d0125
D02561,D11400,P,261,Enzyme: CYP2C19 / CYP inhibition: CYP2C19,d0125
D02561,D11422,P,262,unclassified,d0125
D02561,D11557,P,263,CYP inhibition: CYP2C19,d0125
D02561,D11567,P,264,unclassified,d0125
D02561,D11807,P,265,unclassified,d0125
D02561,D11835,P,266,Enzyme: CYP2C19 / CYP inhibition: CYP2D6 CYP2C19,d0125
D02561,D11861,P,267,unclassified,d0125
D02561,D11862,P,268,unclassified,d0125
D02561,D11954,P,269,Enzyme: CYP2C19 / CYP inhibition: CYP2C19,d0125
D02561,D12049,P,270,CYP inhibition: CYP2C19,d0125
D02561,D12050,P,271,CYP inhibition: CYP2C19,d0125
D02561,D12265,P,272,Enzyme: CYP2C19 / CYP inhibition: CYP2C19,d0125
D02561,D12358,P,273,unclassified,d0125
D02561,D12437,P,274,unclassified,d0125
D02561,D12837,P,275,CYP induction: CYP2C19,d0125
D02561,D13245,P,276,unclassified,d0125
D02562,cpd:C00220,P,1,unclassified,d0098
D02562,D00059,P,2,unclassified,d0098
D02562,D00076,P,3,unclassified,d0098
D02562,D00095,P,4,unclassified,d0098
D02562,D00124,P,5,unclassified,d0098
D02562,D00131,P,6,CYP inhibition: CYP1A2,d0098
D02562,D00186,P,7,CYP inhibition: CYP1A2,d0098
D02562,D00210,P,8,Enzyme: CYP1A2 / CYP inhibition: CYP1A2,d0098
D02562,D00211,P,9,unclassified,d0098
D02562,D00216,P,10,unclassified,d0098
D02562,D00224,P,11,CYP inhibition: CYP1A2,d0098
D02562,D00225,P,12,unclassified,d0098
D02562,D00228,CI,13,unclassified,d0098
D02562,D00252,P,14,unclassified,d0098
D02562,D00253,P,15,unclassified,d0098
D02562,D00265,P,16,unclassified,d0098
D02562,D00267,P,17,unclassified,d0098
D02562,D00280,P,18,unclassified,d0098
D02562,D00281,P,19,unclassified,d0098
D02562,D00283,P,20,Enzyme: CYP1A2,d0098
D02562,D00293,P,21,unclassified,d0098
D02562,D00308,P,22,unclassified,d0098
D02562,D00310,P,23,CYP inhibition: CYP1A2,d0098
D02562,D00311,P,24,unclassified,d0098
D02562,D00318,P,25,CYP inhibition: CYP1A2,d0098
D02562,D00320,P,26,unclassified,d0098
D02562,D00326,CI,27,unclassified,d0098
D02562,D00336,P,28,unclassified,d0098
D02562,D00346,CI,29,unclassified,d0098
D02562,D00365,P,30,unclassified,d0098
D02562,D00367,CI,31,unclassified,d0098
D02562,D00387,P,32,unclassified,d0098
D02562,D00388,P,33,unclassified,d0098
D02562,D00394,CI,34,unclassified,d0098
D02562,D00402,P,35,unclassified,d0098
D02562,D00405,P,36,unclassified,d0098
D02562,D00415,CI,37,Enzyme: CYP1A2,d0098
D02562,D00427,P,38,CYP induction: CYP1A2,d0098
D02562,D00451,CI,39,unclassified,d0098
D02562,D00457,P,40,unclassified,d0098
D02562,D00474,P,41,unclassified,d0098
D02562,D00481,P,42,unclassified,d0098
D02562,D00484,CI,43,unclassified,d0098
D02562,D00485,P,44,unclassified,d0098
D02562,D00505,CI,45,Target: MAOB,d0098
D02562,D00506,P,46,unclassified,d0098
D02562,D00511,P,47,unclassified,d0098
D02562,D00512,P,48,unclassified,d0098
D02562,D00514,P,49,unclassified,d0098
D02562,D00520,CI,50,unclassified,d0098
D02562,D00531,P,51,unclassified,d0098
D02562,D00550,P,52,unclassified,d0098
D02562,D00559,P,53,unclassified,d0098
D02562,D00563,CI,54,Enzyme: CYP1A2,d0098
D02562,D00593,P,55,unclassified,d0098
D02562,D00594,P,56,unclassified,d0098
D02562,D00604,P,57,unclassified,d0098
D02562,D00606,P,58,unclassified,d0098
D02562,D00607,P,59,unclassified,d0098
D02562,D00625,P,60,unclassified,d0098
D02562,D00632,P,61,unclassified,d0098
D02562,D00633,P,62,Enzyme-Target: MAOB,d0098
D02562,D00636,P,63,unclassified,d0098
D02562,D00665,P,64,unclassified,d0098
D02562,D00666,P,65,unclassified,d0098
D02562,D00668,P,66,unclassified,d0098
D02562,D00669,P,67,unclassified,d0098
D02562,D00672,P,68,unclassified,d0098
D02562,D00675,CI,69,unclassified,d0098
D02562,D00676,CI,70,unclassified,d0098
D02562,D00677,P,71,unclassified,d0098
D02562,D00678,P,72,Enzyme: CYP1A2,d0098
D02562,D00683,P,73,unclassified,d0098
D02562,D00684,P,74,unclassified,d0098
D02562,D00685,P,75,unclassified,d0098
D02562,D00686,P,76,unclassified,d0098
D02562,D00687,P,77,unclassified,d0098
D02562,D00688,P,78,unclassified,d0098
D02562,D00694,P,79,unclassified,d0098
D02562,D00701,P,80,unclassified,d0098
D02562,D00707,P,81,CYP inhibition: CYP1A2,d0098
D02562,D00713,P,82,unclassified,d0098
D02562,D00714,P,83,unclassified,d0098
D02562,D00720,P,84,unclassified,d0098
D02562,D00722,P,85,unclassified,d0098
D02562,D00743,P,86,unclassified,d0098
D02562,D00744,P,87,unclassified,d0098
D02562,D00756,P,88,unclassified,d0098
D02562,D00765,P,89,unclassified,d0098
D02562,D00770,P,90,unclassified,d0098
D02562,D00776,P,91,Enzyme: CYP1A2,d0098
D02562,D00777,P,92,unclassified,d0098
D02562,D00780,P,93,unclassified,d0098
D02562,D00781,P,94,unclassified,d0098
D02562,D00784,P,95,Enzyme: CYP1A2,d0098
D02562,D00785,CI,96,Target: MAOB,d0098
D02562,D00787,P,97,unclassified,d0098
D02562,D00809,CI,98,unclassified,d0098
D02562,D00811,CI,99,unclassified,d0098
D02562,D00812,CI,100,unclassified,d0098
D02562,D00814,CI,101,unclassified,d0098
D02562,D00815,CI,102,unclassified,d0098
D02562,D00816,CI,103,unclassified,d0098
D02562,D00818,CI,104,unclassified,d0098
D02562,D00820,P,105,unclassified,d0098
D02562,D00821,CI,106,unclassified,d0098
D02562,D00822,CI,107,unclassified,d0098
D02562,D00823,CI,108,unclassified,d0098
D02562,D00824,"CI,P",109,CYP inhibition: CYP1A2,d0098
D02562,D00825,CI,110,unclassified,d0098
D02562,D00826,CI,111,Target: MAOB,d0098
D02562,D00836,P,112,unclassified,d0098
D02562,D00839,P,113,unclassified,d0098
D02562,D00842,P,114,unclassified,d0098
D02562,D00848,P,115,unclassified,d0098
D02562,D00944,P,116,unclassified,d0098
D02562,D00945,P,117,unclassified,d0098
D02562,D00947,P,118,unclassified,d0098
D02562,D00960,P,119,CYP inhibition: CYP1A2,d0098
D02562,D00996,P,120,unclassified,d0098
D02562,D01007,P,121,unclassified,d0098
D02562,D01008,"CI,P",122,unclassified,d0098
D02562,D01017,P,123,unclassified,d0098
D02562,D01019,P,124,unclassified,d0098
D02562,D01020,P,125,unclassified,d0098
D02562,D01021,"CI,P",126,unclassified,d0098
D02562,D01022,P,127,unclassified,d0098
D02562,D01023,P,128,unclassified,d0098
D02562,D01028,P,129,CYP inhibition: CYP1A2,d0098
D02562,D01096,P,130,unclassified,d0098
D02562,D01097,CI,131,Target: MAOB,d0098
D02562,D01107,CI,132,unclassified,d0098
D02562,D01110,CI,133,unclassified,d0098
D02562,D01111,P,134,unclassified,d0098
D02562,D01153,P,135,CYP inhibition: CYP1A2,d0098
D02562,D01165,P,136,unclassified,d0098
D02562,D01179,CI,137,Enzyme: CYP1A2,d0098
D02562,D01205,P,138,unclassified,d0098
D02562,D01224,P,139,CYP inhibition: CYP1A2,d0098
D02562,D01226,P,140,unclassified,d0098
D02562,D01230,P,141,unclassified,d0098
D02562,D01245,P,142,unclassified,d0098
D02562,D01253,P,143,unclassified,d0098
D02562,D01263,P,144,unclassified,d0098
D02562,D01268,P,145,unclassified,d0098
D02562,D01269,P,146,unclassified,d0098
D02562,D01277,P,147,unclassified,d0098
D02562,D01278,P,148,unclassified,d0098
D02562,D01280,P,149,unclassified,d0098
D02562,D01285,CI,150,unclassified,d0098
D02562,D01292,P,151,unclassified,d0098
D02562,D01293,P,152,unclassified,d0098
D02562,D01296,CI,153,unclassified,d0098
D02562,D01302,P,154,unclassified,d0098
D02562,D01307,P,155,unclassified,d0098
D02562,D01314,CI,156,unclassified,d0098
D02562,D01324,P,157,unclassified,d0098
D02562,D01328,P,158,unclassified,d0098
D02562,D01347,CI,159,unclassified,d0098
D02562,D01349,P,160,unclassified,d0098
D02562,D01355,CI,161,unclassified,d0098
D02562,D01358,CI,162,Enzyme: CYP1A2,d0098
D02562,D01360,P,163,unclassified,d0098
D02562,D01362,P,164,unclassified,d0098
D02562,D01373,P,165,unclassified,d0098
D02562,D01383,CI,166,unclassified,d0098
D02562,D01386,P,167,unclassified,d0098
D02562,D01389,P,168,unclassified,d0098
D02562,D01390,P,169,unclassified,d0098
D02562,D01399,P,170,unclassified,d0098
D02562,D01405,P,171,unclassified,d0098
D02562,D01408,P,172,unclassified,d0098
D02562,D01428,P,173,unclassified,d0098
D02562,D01451,P,174,unclassified,d0098
D02562,D01453,P,175,Enzyme: CYP1A2,d0098
D02562,D01477,CI,176,unclassified,d0098
D02562,D01481,P,177,unclassified,d0098
D02562,D01501,CI,178,unclassified,d0098
D02562,D01514,P,179,unclassified,d0098
D02562,D01531,P,180,CYP inhibition: CYP1A2,d0098
D02562,D01546,CI,181,unclassified,d0098
D02562,D01564,P,182,unclassified,d0098
D02562,D01589,P,183,unclassified,d0098
D02562,D01599,P,184,unclassified,d0098
D02562,D01635,P,185,unclassified,d0098
D02562,D01657,P,186,unclassified,d0098
D02562,D01665,P,187,unclassified,d0098
D02562,D01744,P,188,unclassified,d0098
D02562,D01748,P,189,unclassified,d0098
D02562,D01832,P,190,CYP induction: CYP1A2,d0098
D02562,D01835,P,191,unclassified,d0098
D02562,D01854,P,192,unclassified,d0098
D02562,D01872,P,193,unclassified,d0098
D02562,D01875,P,194,unclassified,d0098
D02562,D01888,CI,195,Target: MAOB,d0098
D02562,D01898,P,196,unclassified,d0098
D02562,D01903,P,197,unclassified,d0098
D02562,D01952,P,198,unclassified,d0098
D02562,D01978,P,199,unclassified,d0098
D02562,D02002,CI,200,unclassified,d0098
D02562,D02016,P,201,Enzyme: CYP1A2,d0098
D02562,D02034,CI,202,unclassified,d0098
D02562,D02064,P,203,unclassified,d0098
D02562,D02066,P,204,unclassified,d0098
D02562,D02069,P,205,unclassified,d0098
D02562,D02076,P,206,unclassified,d0098
D02562,D02078,CI,207,unclassified,d0098
D02562,D02080,CI,208,unclassified,d0098
D02562,D02087,P,209,CYP induction: CYP1A2,d0098
D02562,D02093,P,210,unclassified,d0098
D02562,D02101,P,211,unclassified,d0098
D02562,D02102,P,212,unclassified,d0098
D02562,D02103,P,213,unclassified,d0098
D02562,D02109,P,214,unclassified,d0098
D02562,D02135,P,215,unclassified,d0098
D02562,D02147,P,216,unclassified,d0098
D02562,D02149,P,217,unclassified,d0098
D02562,D02150,P,218,unclassified,d0098
D02562,D02151,P,219,unclassified,d0098
D02562,D02216,P,220,CYP inhibition: CYP1A2,d0098
D02562,D02234,P,221,unclassified,d0098
D02562,D02237,CI,222,unclassified,d0098
D02562,D02242,CI,223,unclassified,d0098
D02562,D02246,P,224,unclassified,d0098
D02562,D02247,P,225,unclassified,d0098
D02562,D02260,CI,226,unclassified,d0098
D02562,D02271,P,227,unclassified,d0098
D02562,D02281,P,228,unclassified,d0098
D02562,D02312,P,229,CYP inhibition: CYP1A2,d0098
D02562,D02349,P,230,unclassified,d0098
D02562,D02359,P,231,unclassified,d0098
D02562,D02360,CI,232,unclassified,d0098
D02562,D02362,CI,233,unclassified,d0098
D02562,D02388,P,234,unclassified,d0098
D02562,D02396,P,235,unclassified,d0098
D02562,D02404,P,236,unclassified,d0098
D02562,D02408,CI,237,unclassified,d0098
D02562,D02409,P,238,unclassified,d0098
D02562,D02535,P,239,unclassified,d0098
D02562,D02537,P,240,unclassified,d0098
D02562,D02559,CI,241,unclassified,d0098
D02562,D02560,CI,242,unclassified,d0098
D02562,D02561,CI,243,unclassified,d0098
D02562,D02562,CI,244,Enzyme: CYP1A2 / Target: MAOB,d0098
D02562,D02563,CI,245,unclassified,d0098
D02562,D02564,CI,246,Target: MAOB,d0098
D02562,D02565,CI,247,unclassified,d0098
D02562,D02566,CI,248,unclassified,d0098
D02562,D02567,CI,249,unclassified,d0098
D02562,D02570,CI,250,unclassified,d0098
D02562,D02572,CI,251,unclassified,d0098
D02562,D02573,CI,252,unclassified,d0098
D02562,D02574,CI,253,unclassified,d0098
D02562,D02579,CI,254,Target: MAOB,d0098
D02562,D02580,CI,255,Target: MAOB,d0098
D02562,D02581,CI,256,unclassified,d0098
D02562,D02614,P,257,unclassified,d0098
D02562,D02702,P,258,unclassified,d0098
D02562,D02704,CI,259,unclassified,d0098
D02562,D02748,P,260,CYP inhibition: CYP1A2,d0098
D02562,D02774,P,261,unclassified,d0098
D02562,D02787,CI,262,unclassified,d0098
D02562,D02901,P,263,unclassified,d0098
D02562,D02910,P,264,unclassified,d0098
D02562,D02972,CI,265,unclassified,d0098
D02562,D02976,P,266,unclassified,d0098
D02562,D02981,P,267,unclassified,d0098
D02562,D03038,CI,268,unclassified,d0098
D02562,D03071,CI,269,unclassified,d0098
D02562,D03195,P,270,unclassified,d0098
D02562,D03199,CI,271,unclassified,d0098
D02562,D03230,P,272,CYP induction: CYP1A2,d0098
D02562,D03239,CI,273,Target: MAOB,d0098
D02562,D03248,CI,274,unclassified,d0098
D02562,D03250,P,275,CYP induction: CYP1A2,d0098
D02562,D03365,P,276,CYP induction: CYP1A2,d0098
D02562,D03402,P,277,unclassified,d0098
D02562,D03409,CI,278,Target: MAOB,d0098
D02562,D03491,CI,279,unclassified,d0098
D02562,D03502,P,280,unclassified,d0098
D02562,D03587,P,281,unclassified,d0098
D02562,D03649,CI,282,unclassified,d0098
D02562,D03669,P,283,CYP inhibition: CYP1A2,d0098
D02562,D03702,P,284,unclassified,d0098
D02562,D03731,CI,285,Target: MAOB,d0098
D02562,D03733,CI,286,Target: MAOB,d0098
D02562,D03740,CI,287,unclassified,d0098
D02562,D03855,CI,288,unclassified,d0098
D02562,D03879,P,289,unclassified,d0098
D02562,D03880,P,290,unclassified,d0098
D02562,D03881,P,291,unclassified,d0098
D02562,D03891,P,292,unclassified,d0098
D02562,D03892,P,293,unclassified,d0098
D02562,D03914,P,294,unclassified,d0098
D02562,D04018,P,295,unclassified,d0098
D02562,D04044,P,296,unclassified,d0098
D02562,D04052,P,297,Enzyme: CYP1A2,d0098
D02562,D04055,CI,298,unclassified,d0098
D02562,D04062,P,299,unclassified,d0098
D02562,D04081,P,300,unclassified,d0098
D02562,D04092,CI,301,Target: MAOB,d0098
D02562,D04105,CI,302,unclassified,d0098
D02562,D04148,CI,303,Enzyme: CYP1A2,d0098
D02562,D04157,P,304,unclassified,d0098
D02562,D04251,CI,305,unclassified,d0098
D02562,D04259,P,306,unclassified,d0098
D02562,D04261,P,307,unclassified,d0098
D02562,D04313,P,308,unclassified,d0098
D02562,D04340,P,309,unclassified,d0098
D02562,D04342,P,310,unclassified,d0098
D02562,D04364,P,311,unclassified,d0098
D02562,D04382,CI,312,unclassified,d0098
D02562,D04447,P,313,unclassified,d0098
D02562,D04473,CI,314,unclassified,d0098
D02562,D04475,P,315,CYP induction: CYP1A2,d0098
D02562,D04477,P,316,CYP induction: CYP1A2,d0098
D02562,D04539,P,317,CYP induction: CYP1A2,d0098
D02562,D04540,P,318,CYP induction: CYP1A2,d0098
D02562,D04547,P,319,CYP induction: CYP1A2,d0098
D02562,D04549,P,320,CYP induction: CYP1A2,d0098
D02562,D04550,P,321,CYP induction: CYP1A2,d0098
D02562,D04551,P,322,CYP induction: CYP1A2,d0098
D02562,D04556,CI,323,unclassified,d0098
D02562,D04605,CI,324,unclassified,d0098
D02562,D04616,P,325,unclassified,d0098
D02562,D04625,P,326,unclassified,d0098
D02562,D04626,P,327,unclassified,d0098
D02562,D04652,CI,328,unclassified,d0098
D02562,D04681,CI,329,Target: MAOB,d0098
D02562,D04701,P,330,unclassified,d0098
D02562,D04703,P,331,unclassified,d0098
D02562,D04708,P,332,unclassified,d0098
D02562,D04747,CI,333,unclassified,d0098
D02562,D04765,P,334,unclassified,d0098
D02562,D04781,CI,335,unclassified,d0098
D02562,D04813,P,336,Enzyme: CYP1A2,d0098
D02562,D04883,P,337,unclassified,d0098
D02562,D04911,P,338,unclassified,d0098
D02562,D04935,P,339,unclassified,d0098
D02562,D04954,P,340,unclassified,d0098
D02562,D05024,P,341,CYP inhibition: CYP1A2,d0098
D02562,D05033,CI,342,Target: MAOB,d0098
D02562,D05037,P,343,unclassified,d0098
D02562,D05039,CI,344,unclassified,d0098
D02562,D05040,CI,345,unclassified,d0098
D02562,D05077,P,346,CYP induction: CYP1A2,d0098
D02562,D05120,CI,347,unclassified,d0098
D02562,D05156,P,348,CYP induction: CYP1A2,d0098
D02562,D05157,P,349,CYP induction: CYP1A2,d0098
D02562,D05173,CI,350,unclassified,d0098
D02562,D05200,CI,351,unclassified,d0098
D02562,D05206,P,352,unclassified,d0098
D02562,D05231,CI,353,unclassified,d0098
D02562,D05277,P,354,unclassified,d0098
D02562,D05284,CI,355,unclassified,d0098
D02562,D05366,P,356,unclassified,d0098
D02562,D05374,CI,357,unclassified,d0098
D02562,D05375,CI,358,unclassified,d0098
D02562,D05382,P,359,CYP inhibition: CYP1A2,d0098
D02562,D05461,P,360,CYP inhibition: CYP1A2,d0098
D02562,D05462,P,361,unclassified,d0098
D02562,D05466,P,362,CYP inhibition: CYP1A2,d0098
D02562,D05476,P,363,unclassified,d0098
D02562,D05491,CI,364,unclassified,d0098
D02562,D05606,P,365,unclassified,d0098
D02562,D05648,P,366,unclassified,d0098
D02562,D05649,P,367,unclassified,d0098
D02562,D05691,P,368,unclassified,d0098
D02562,D05718,P,369,unclassified,d0098
D02562,D05730,P,370,unclassified,d0098
D02562,D05768,P,371,unclassified,d0098
D02562,D05792,P,372,unclassified,d0098
D02562,D05832,P,373,unclassified,d0098
D02562,D05879,P,374,unclassified,d0098
D02562,D05928,P,375,Enzyme: CYP1A2 / CYP inhibition: CYP1A2,d0098
D02562,D05997,CI,376,unclassified,d0098
D02562,D06004,CI,377,unclassified,d0098
D02562,D06273,P,378,unclassified,d0098
D02562,D06344,P,379,unclassified,d0098
D02562,D06367,CI,380,unclassified,d0098
D02562,D06374,P,381,unclassified,d0098
D02562,D06394,P,382,unclassified,d0098
D02562,D06553,P,383,unclassified,d0098
D02562,D06645,P,384,unclassified,d0098
D02562,D06698,P,385,unclassified,d0098
D02562,D06921,P,386,unclassified,d0098
D02562,D06927,P,387,unclassified,d0098
D02562,D06928,P,388,unclassified,d0098
D02562,D06951,P,389,unclassified,d0098
D02562,D06953,P,390,unclassified,d0098
D02562,D06955,P,391,unclassified,d0098
D02562,D06956,P,392,unclassified,d0098
D02562,D06987,P,393,unclassified,d0098
D02562,D06994,P,394,unclassified,d0098
D02562,D07041,P,395,unclassified,d0098
D02562,D07042,P,396,unclassified,d0098
D02562,D07043,P,397,unclassified,d0098
D02562,D07044,P,398,unclassified,d0098
D02562,D07045,P,399,unclassified,d0098
D02562,D07048,P,400,unclassified,d0098
D02562,D07080,P,401,unclassified,d0098
D02562,D07132,P,402,unclassified,d0098
D02562,D07148,P,403,unclassified,d0098
D02562,D07334,CI,404,unclassified,d0098
D02562,D07335,CI,405,unclassified,d0098
D02562,D07336,CI,406,unclassified,d0098
D02562,D07337,CI,407,Target: MAOB,d0098
D02562,D07338,CI,408,Target: MAOB,d0098
D02562,D07377,P,409,unclassified,d0098
D02562,D07448,CI,410,unclassified,d0098
D02562,D07461,P,411,unclassified,d0098
D02562,D07463,P,412,unclassified,d0098
D02562,D07473,CI,413,unclassified,d0098
D02562,D07489,P,414,unclassified,d0098
D02562,D07534,P,415,unclassified,d0098
D02562,D07540,P,416,unclassified,d0098
D02562,D07560,P,417,unclassified,d0098
D02562,D07564,P,418,CYP inhibition: CYP1A2,d0098
D02562,D07583,P,419,unclassified,d0098
D02562,D07601,CI,420,unclassified,d0098
D02562,D07702,P,421,CYP inhibition: CYP1A2,d0098
D02562,D07704,CI,422,unclassified,d0098
D02562,D07705,CI,423,unclassified,d0098
D02562,D07713,P,424,unclassified,d0098
D02562,D07727,CI,425,unclassified,d0098
D02562,D07791,CI,426,unclassified,d0098
D02562,D07793,CI,427,unclassified,d0098
D02562,D07795,P,428,unclassified,d0098
D02562,D07812,CI,429,unclassified,d0098
D02562,D07872,CI,430,unclassified,d0098
D02562,D07875,CI,431,unclassified,d0098
D02562,D07880,CI,432,Enzyme: CYP1A2,d0098
D02562,D07913,CI,433,unclassified,d0098
D02562,D07984,"CI,P",434,CYP inhibition: CYP1A2,d0098
D02562,D07990,P,435,unclassified,d0098
D02562,D08030,CI,436,unclassified,d0098
D02562,D08031,P,437,unclassified,d0098
D02562,D08039,P,438,unclassified,d0098
D02562,D08070,CI,439,unclassified,d0098
D02562,D08071,CI,440,unclassified,d0098
D02562,D08072,CI,441,unclassified,d0098
D02562,D08080,P,442,CYP induction: CYP1A2,d0098
D02562,D08085,CI,443,Target: MAOB,d0098
D02562,D08090,P,444,unclassified,d0098
D02562,D08092,P,445,unclassified,d0098
D02562,D08093,P,446,unclassified,d0098
D02562,D08124,P,447,unclassified,d0098
D02562,D08140,CI,448,unclassified,d0098
D02562,D08141,P,449,unclassified,d0098
D02562,D08165,P,450,unclassified,d0098
D02562,D08171,CI,451,unclassified,d0098
D02562,D08192,P,452,unclassified,d0098
D02562,D08201,P,453,unclassified,d0098
D02562,D08205,P,454,unclassified,d0098
D02562,D08206,P,455,unclassified,d0098
D02562,D08216,CI,456,Enzyme: CYP1A2,d0098
D02562,D08217,P,457,CYP inhibition: CYP1A2,d0098
D02562,D08220,P,458,unclassified,d0098
D02562,D08222,CI,459,unclassified,d0098
D02562,D08253,P,460,unclassified,d0098
D02562,D08284,P,461,unclassified,d0098
D02562,D08286,P,462,unclassified,d0098
D02562,D08287,P,463,Enzyme: CYP1A2 / CYP inhibition: CYP1A2,d0098
D02562,D08288,CI,464,unclassified,d0098
D02562,D08297,CI,465,unclassified,d0098
D02562,D08300,P,466,unclassified,d0098
D02562,D08308,P,467,unclassified,d0098
D02562,D08309,P,468,unclassified,d0098
D02562,D08322,P,469,unclassified,d0098
D02562,D08347,CI,470,unclassified,d0098
D02562,D08348,CI,471,unclassified,d0098
D02562,D08349,CI,472,Target: MAOB,d0098
D02562,D08356,P,473,unclassified,d0098
D02562,D08365,P,474,unclassified,d0098
D02562,D08366,P,475,unclassified,d0098
D02562,D08368,P,476,CYP inhibition: CYP1A2,d0098
D02562,D08379,P,477,CYP inhibition: CYP1A2,d0098
D02562,D08387,P,478,unclassified,d0098
D02562,D08392,CI,479,unclassified,d0098
D02562,D08393,CI,480,unclassified,d0098
D02562,D08424,P,481,unclassified,d0098
D02562,D08447,CI,482,unclassified,d0098
D02562,D08449,P,483,unclassified,d0098
D02562,D08453,CI,484,Target: MAOB,d0098
D02562,D08469,CI,485,Enzyme: CYP1A2 / Target: MAOB,d0098
D02562,D08472,CI,486,unclassified,d0098
D02562,D08474,P,487,unclassified,d0098
D02562,D08487,P,488,unclassified,d0098
D02562,D08511,CI,489,unclassified,d0098
D02562,D08570,P,490,unclassified,d0098
D02562,D08575,CI,491,Enzyme: CYP1A2,d0098
D02562,D08578,P,492,unclassified,d0098
D02562,D08594,P,493,CYP inhibition: CYP1A2,d0098
D02562,D08611,P,494,Enzyme: CYP1A2,d0098
D02562,D08625,CI,495,Target: MAOB,d0098
D02562,D08629,P,496,unclassified,d0098
D02562,D08670,CI,497,unclassified,d0098
D02562,D08673,CI,498,unclassified,d0098
D02562,D08683,P,499,unclassified,d0098
D02562,D08695,P,500,unclassified,d0098
D02562,D08769,P,501,unclassified,d0098
D02562,D08850,P,502,unclassified,d0098
D02562,D08851,P,503,unclassified,d0098
D02562,D08897,P,504,unclassified,d0098
D02562,D08923,P,505,unclassified,d0098
D02562,D08945,P,506,unclassified,d0098
D02562,D08966,P,507,unclassified,d0098
D02562,D09186,P,508,unclassified,d0098
D02562,D09318,P,509,unclassified,d0098
D02562,D09319,P,510,unclassified,d0098
D02562,D09340,CI,511,unclassified,d0098
D02562,D09341,CI,512,unclassified,d0098
D02562,D09344,P,513,unclassified,d0098
D02562,D09535,P,514,unclassified,d0098
D02562,D09566,P,515,unclassified,d0098
D02562,D09592,P,516,unclassified,d0098
D02562,D09696,P,517,unclassified,d0098
D02562,D09697,P,518,unclassified,d0098
D02562,D09727,P,519,unclassified,d0098
D02562,D09732,P,520,unclassified,d0098
D02562,D09744,P,521,unclassified,d0098
D02562,D09753,P,522,unclassified,d0098
D02562,D09756,P,523,unclassified,d0098
D02562,D09763,P,524,unclassified,d0098
D02562,D09773,CI,525,unclassified,d0098
D02562,D09780,P,526,unclassified,d0098
D02562,D09784,P,527,unclassified,d0098
D02562,D09794,P,528,unclassified,d0098
D02562,D09842,P,529,unclassified,d0098
D02562,D09848,P,530,unclassified,d0098
D02562,D09889,P,531,unclassified,d0098
D02562,D09890,CI,532,unclassified,d0098
D02562,D09891,CI,533,unclassified,d0098
D02562,D09978,P,534,unclassified,d0098
D02562,D09993,P,535,unclassified,d0098
D02562,D09996,P,536,CYP inhibition: CYP1A2,d0098
D02562,D09999,CI,537,unclassified,d0098
D02562,D10020,P,538,unclassified,d0098
D02562,D10145,P,539,unclassified,d0098
D02562,D10158,CI,540,Target: MAOB,d0098
D02562,D10159,P,541,unclassified,d0098
D02562,D10160,P,542,unclassified,d0098
D02562,D10179,P,543,unclassified,d0098
D02562,D10185,CI,544,unclassified,d0098
D02562,D10191,CI,545,Target: MAOB,d0098
D02562,D10195,P,546,unclassified,d0098
D02562,D10199,CI,547,unclassified,d0098
D02562,D10200,P,548,unclassified,d0098
D02562,D10219,P,549,unclassified,d0098
D02562,D10220,P,550,unclassified,d0098
D02562,D10252,P,551,unclassified,d0098
D02562,D10253,P,552,unclassified,d0098
D02562,D10293,P,553,unclassified,d0098
D02562,D10298,P,554,unclassified,d0098
D02562,D10317,P,555,unclassified,d0098
D02562,D10424,P,556,unclassified,d0098
D02562,D10459,P,557,unclassified,d0098
D02562,D10505,P,558,unclassified,d0098
D02562,D10533,P,559,unclassified,d0098
D02562,D10537,P,560,CYP inhibition: CYP1A2,d0098
D02562,D10570,P,561,unclassified,d0098
D02562,D10588,P,562,unclassified,d0098
D02562,D10743,P,563,unclassified,d0098
D02562,D10744,P,564,unclassified,d0098
D02562,D10822,P,565,CYP inhibition: CYP1A2,d0098
D02562,D10825,P,566,unclassified,d0098
D02562,D10829,CI,567,Enzyme: CYP1A2 / Target: MAOB,d0098
D02562,D10854,P,568,unclassified,d0098
D02562,D10891,P,569,unclassified,d0098
D02562,D10897,P,570,unclassified,d0098
D02562,D10967,P,571,unclassified,d0098
D02562,D10999,P,572,unclassified,d0098
D02562,D11009,P,573,unclassified,d0098
D02562,D11027,P,574,unclassified,d0098
D02562,D11034,P,575,unclassified,d0098
D02562,D11056,CI,576,Enzyme: CYP1A2,d0098
D02562,D11062,P,577,unclassified,d0098
D02562,D11064,P,578,unclassified,d0098
D02562,D11088,P,579,unclassified,d0098
D02562,D11109,P,580,unclassified,d0098
D02562,D11290,P,581,unclassified,d0098
D02562,D11567,P,582,unclassified,d0098
D02562,D11619,CI,583,unclassified,d0098
D02562,D11708,P,584,unclassified,d0098
D02562,D11807,P,585,unclassified,d0098
D02562,D11861,P,586,unclassified,d0098
D02562,D11862,P,587,unclassified,d0098
D02562,D11970,P,588,CYP inhibition: CYP1A2,d0098
D02562,D12015,P,589,unclassified,d0098
D02562,D12358,P,590,unclassified,d0098
D02562,D12364,P,591,unclassified,d0098
D02562,D12403,CI,592,unclassified,d0098
D02562,D12437,P,593,unclassified,d0098
D02562,D12494,P,594,unclassified,d0098
D02562,D12934,P,595,unclassified,d0098
D02562,D12935,P,596,unclassified,d0098
D02562,D13245,P,597,unclassified,d0098
D02563,D00076,P,1,unclassified,d0132
D02563,D00095,P,2,unclassified,d0132
D02563,D00216,P,3,unclassified,d0132
D02563,D00225,P,4,unclassified,d0132
D02563,D00228,CI,5,unclassified,d0132
D02563,D00265,P,6,unclassified,d0132
D02563,D00267,P,7,unclassified,d0132
D02563,D00280,P,8,unclassified,d0132
D02563,D00283,P,9,unclassified,d0132
D02563,D00293,P,10,unclassified,d0132
D02563,D00308,P,11,unclassified,d0132
D02563,D00311,P,12,unclassified,d0132
D02563,D00320,P,13,unclassified,d0132
D02563,D00336,P,14,unclassified,d0132
D02563,D00365,P,15,unclassified,d0132
D02563,D00367,CI,16,unclassified,d0132
D02563,D00387,P,17,unclassified,d0132
D02563,D00388,P,18,unclassified,d0132
D02563,D00402,P,19,unclassified,d0132
D02563,D00415,CI,20,Enzyme-Target: MAOA,d0132
D02563,D00451,CI,21,Enzyme-Target: MAOA,d0132
D02563,D00457,P,22,unclassified,d0132
D02563,D00474,P,23,unclassified,d0132
D02563,D00481,P,24,unclassified,d0132
D02563,D00506,P,25,unclassified,d0132
D02563,D00511,P,26,unclassified,d0132
D02563,D00520,CI,27,unclassified,d0132
D02563,D00531,P,28,unclassified,d0132
D02563,D00550,P,29,unclassified,d0132
D02563,D00563,CI,30,unclassified,d0132
D02563,D00593,P,31,unclassified,d0132
D02563,D00594,P,32,unclassified,d0132
D02563,D00625,P,33,unclassified,d0132
D02563,D00633,P,34,unclassified,d0132
D02563,D00665,P,35,unclassified,d0132
D02563,D00666,P,36,unclassified,d0132
D02563,D00668,P,37,unclassified,d0132
D02563,D00669,P,38,unclassified,d0132
D02563,D00672,P,39,unclassified,d0132
D02563,D00675,CI,40,unclassified,d0132
D02563,D00676,CI,41,Enzyme-Target: MAOA,d0132
D02563,D00677,P,42,unclassified,d0132
D02563,D00678,P,43,unclassified,d0132
D02563,D00694,P,44,unclassified,d0132
D02563,D00701,P,45,unclassified,d0132
D02563,D00713,P,46,unclassified,d0132
D02563,D00714,P,47,unclassified,d0132
D02563,D00720,P,48,unclassified,d0132
D02563,D00722,P,49,unclassified,d0132
D02563,D00744,P,50,unclassified,d0132
D02563,D00765,P,51,unclassified,d0132
D02563,D00770,P,52,unclassified,d0132
D02563,D00785,CI,53,unclassified,d0132
D02563,D00787,P,54,unclassified,d0132
D02563,D00809,CI,55,unclassified,d0132
D02563,D00811,CI,56,unclassified,d0132
D02563,D00815,CI,57,unclassified,d0132
D02563,D00816,CI,58,unclassified,d0132
D02563,D00818,CI,59,unclassified,d0132
D02563,D00820,P,60,unclassified,d0132
D02563,D00821,CI,61,unclassified,d0132
D02563,D00824,CI,62,unclassified,d0132
D02563,D00825,CI,63,unclassified,d0132
D02563,D00836,P,64,unclassified,d0132
D02563,D00839,P,65,unclassified,d0132
D02563,D00842,P,66,unclassified,d0132
D02563,D00944,P,67,unclassified,d0132
D02563,D00945,P,68,unclassified,d0132
D02563,D00947,P,69,unclassified,d0132
D02563,D01007,P,70,unclassified,d0132
D02563,D01008,CI,71,unclassified,d0132
D02563,D01021,CI,72,unclassified,d0132
D02563,D01022,P,73,unclassified,d0132
D02563,D01096,P,74,unclassified,d0132
D02563,D01107,CI,75,unclassified,d0132
D02563,D01111,P,76,unclassified,d0132
D02563,D01165,P,77,unclassified,d0132
D02563,D01179,CI,78,unclassified,d0132
D02563,D01226,P,79,unclassified,d0132
D02563,D01230,P,80,unclassified,d0132
D02563,D01245,P,81,unclassified,d0132
D02563,D01253,P,82,unclassified,d0132
D02563,D01268,P,83,unclassified,d0132
D02563,D01269,P,84,unclassified,d0132
D02563,D01277,P,85,unclassified,d0132
D02563,D01278,P,86,unclassified,d0132
D02563,D01280,P,87,unclassified,d0132
D02563,D01292,P,88,unclassified,d0132
D02563,D01293,P,89,unclassified,d0132
D02563,D01296,CI,90,unclassified,d0132
D02563,D01302,P,91,unclassified,d0132
D02563,D01324,P,92,unclassified,d0132
D02563,D01328,P,93,unclassified,d0132
D02563,D01347,CI,94,unclassified,d0132
D02563,D01355,CI,95,unclassified,d0132
D02563,D01358,CI,96,unclassified,d0132
D02563,D01383,CI,97,unclassified,d0132
D02563,D01386,P,98,unclassified,d0132
D02563,D01389,P,99,unclassified,d0132
D02563,D01399,P,100,unclassified,d0132
D02563,D01408,P,101,unclassified,d0132
D02563,D01451,P,102,unclassified,d0132
D02563,D01453,P,103,unclassified,d0132
D02563,D01481,P,104,unclassified,d0132
D02563,D01514,P,105,unclassified,d0132
D02563,D01564,P,106,unclassified,d0132
D02563,D01599,P,107,unclassified,d0132
D02563,D01657,P,108,unclassified,d0132
D02563,D01665,P,109,unclassified,d0132
D02563,D01744,P,110,unclassified,d0132
D02563,D01832,P,111,unclassified,d0132
D02563,D01854,P,112,unclassified,d0132
D02563,D01872,P,113,unclassified,d0132
D02563,D01875,P,114,unclassified,d0132
D02563,D01898,P,115,unclassified,d0132
D02563,D01903,P,116,unclassified,d0132
D02563,D02016,P,117,unclassified,d0132
D02563,D02034,CI,118,unclassified,d0132
D02563,D02064,P,119,unclassified,d0132
D02563,D02069,P,120,unclassified,d0132
D02563,D02076,P,121,unclassified,d0132
D02563,D02101,P,122,unclassified,d0132
D02563,D02102,P,123,unclassified,d0132
D02563,D02109,P,124,unclassified,d0132
D02563,D02234,P,125,unclassified,d0132
D02563,D02242,CI,126,unclassified,d0132
D02563,D02246,P,127,unclassified,d0132
D02563,D02247,P,128,unclassified,d0132
D02563,D02260,CI,129,unclassified,d0132
D02563,D02271,P,130,unclassified,d0132
D02563,D02408,CI,131,unclassified,d0132
D02563,D02409,P,132,unclassified,d0132
D02563,D02535,P,133,unclassified,d0132
D02563,D02562,CI,134,unclassified,d0132
D02563,D02567,CI,135,unclassified,d0132
D02563,D02574,CI,136,unclassified,d0132
D02563,D03230,P,137,unclassified,d0132
D02563,D03250,P,138,unclassified,d0132
D02563,D03855,CI,139,unclassified,d0132
D02563,D04044,P,140,unclassified,d0132
D02563,D04052,P,141,unclassified,d0132
D02563,D04062,P,142,unclassified,d0132
D02563,D04081,P,143,unclassified,d0132
D02563,D04148,CI,144,unclassified,d0132
D02563,D04251,CI,145,unclassified,d0132
D02563,D04259,P,146,unclassified,d0132
D02563,D04261,P,147,unclassified,d0132
D02563,D04313,P,148,unclassified,d0132
D02563,D04342,P,149,unclassified,d0132
D02563,D04364,P,150,unclassified,d0132
D02563,D04447,P,151,unclassified,d0132
D02563,D04475,P,152,unclassified,d0132
D02563,D04477,P,153,unclassified,d0132
D02563,D04539,P,154,unclassified,d0132
D02563,D04540,P,155,unclassified,d0132
D02563,D04547,P,156,unclassified,d0132
D02563,D04747,CI,157,unclassified,d0132
D02563,D04813,P,158,unclassified,d0132
D02563,D05462,P,159,unclassified,d0132
D02563,D06273,P,160,unclassified,d0132
D02563,D06553,P,161,unclassified,d0132
D02563,D06645,P,162,unclassified,d0132
D02563,D06698,P,163,unclassified,d0132
D02563,D06921,P,164,unclassified,d0132
D02563,D06927,P,165,unclassified,d0132
D02563,D06928,P,166,unclassified,d0132
D02563,D06951,P,167,unclassified,d0132
D02563,D06953,P,168,unclassified,d0132
D02563,D06955,P,169,unclassified,d0132
D02563,D06956,P,170,unclassified,d0132
D02563,D06987,P,171,unclassified,d0132
D02563,D06994,P,172,unclassified,d0132
D02563,D07041,P,173,unclassified,d0132
D02563,D07042,P,174,unclassified,d0132
D02563,D07043,P,175,unclassified,d0132
D02563,D07044,P,176,unclassified,d0132
D02563,D07045,P,177,unclassified,d0132
D02563,D07048,P,178,unclassified,d0132
D02563,D07080,P,179,unclassified,d0132
D02563,D07132,P,180,unclassified,d0132
D02563,D07583,P,181,unclassified,d0132
D02563,D08080,P,182,unclassified,d0132
D02563,D08575,CI,183,unclassified,d0132
D02563,D08695,P,184,unclassified,d0132
D02563,D08769,P,185,unclassified,d0132
D02563,D08897,P,186,unclassified,d0132
D02563,D08923,P,187,unclassified,d0132
D02563,D09186,P,188,unclassified,d0132
D02563,D09319,P,189,unclassified,d0132
D02563,D09566,P,190,unclassified,d0132
D02563,D09592,P,191,unclassified,d0132
D02563,D09727,P,192,unclassified,d0132
D02563,D09744,P,193,unclassified,d0132
D02563,D09753,P,194,unclassified,d0132
D02563,D09756,P,195,unclassified,d0132
D02563,D09763,P,196,unclassified,d0132
D02563,D09780,P,197,unclassified,d0132
D02563,D09848,P,198,unclassified,d0132
D02563,D09889,P,199,unclassified,d0132
D02563,D09978,P,200,unclassified,d0132
D02563,D09999,CI,201,unclassified,d0132
D02563,D10159,P,202,unclassified,d0132
D02563,D10160,P,203,unclassified,d0132
D02563,D10179,P,204,unclassified,d0132
D02563,D10185,CI,205,unclassified,d0132
D02563,D10191,CI,206,Enzyme-Target: MAOA,d0132
D02563,D10195,P,207,unclassified,d0132
D02563,D10200,P,208,unclassified,d0132
D02563,D10253,P,209,unclassified,d0132
D02563,D10298,P,210,unclassified,d0132
D02563,D10317,P,211,unclassified,d0132
D02563,D10424,P,212,unclassified,d0132
D02563,D10459,P,213,unclassified,d0132
D02563,D10505,P,214,unclassified,d0132
D02563,D10570,P,215,unclassified,d0132
D02563,D10588,P,216,unclassified,d0132
D02563,D10743,P,217,unclassified,d0132
D02563,D10744,P,218,unclassified,d0132
D02563,D10854,P,219,unclassified,d0132
D02563,D10897,P,220,unclassified,d0132
D02563,D10967,P,221,unclassified,d0132
D02563,D10999,P,222,unclassified,d0132
D02563,D11034,P,223,unclassified,d0132
D02563,D11064,P,224,unclassified,d0132
D02563,D11109,P,225,unclassified,d0132
D02563,D11290,P,226,unclassified,d0132
D02563,D11567,P,227,unclassified,d0132
D02563,D11807,P,228,unclassified,d0132
D02563,D11861,P,229,unclassified,d0132
D02563,D11862,P,230,unclassified,d0132
D02563,D12358,P,231,unclassified,d0132
D02563,D12437,P,232,unclassified,d0132
D02563,D13245,P,233,unclassified,d0132
D02564,D00059,P,1,unclassified,d0116
D02564,D00076,P,2,unclassified,d0116
D02564,D00095,P,3,unclassified,d0116
D02564,D00118,P,4,unclassified,d0116
D02564,D00151,P,5,unclassified,d0116
D02564,D00211,P,6,unclassified,d0116
D02564,D00216,P,7,unclassified,d0116
D02564,D00218,P,8,unclassified,d0116
D02564,D00225,P,9,unclassified,d0116
D02564,D00228,"CI,P",10,unclassified,d0116
D02564,D00241,P,11,unclassified,d0116
D02564,D00253,P,12,unclassified,d0116
D02564,D00265,P,13,unclassified,d0116
D02564,D00267,P,14,unclassified,d0116
D02564,D00280,P,15,unclassified,d0116
D02564,D00283,P,16,unclassified,d0116
D02564,D00292,P,17,unclassified,d0116
D02564,D00293,P,18,unclassified,d0116
D02564,D00294,P,19,unclassified,d0116
D02564,D00302,P,20,unclassified,d0116
D02564,D00308,P,21,unclassified,d0116
D02564,D00311,P,22,unclassified,d0116
D02564,D00319,P,23,unclassified,d0116
D02564,D00320,P,24,unclassified,d0116
D02564,D00331,P,25,unclassified,d0116
D02564,D00336,P,26,unclassified,d0116
D02564,D00346,P,27,unclassified,d0116
D02564,D00365,P,28,unclassified,d0116
D02564,D00367,CI,29,unclassified,d0116
D02564,D00382,P,30,unclassified,d0116
D02564,D00383,P,31,unclassified,d0116
D02564,D00387,P,32,unclassified,d0116
D02564,D00388,P,33,unclassified,d0116
D02564,D00402,P,34,unclassified,d0116
D02564,D00405,P,35,unclassified,d0116
D02564,D00415,CI,36,Enzyme-Target: MAOA,d0116
D02564,D00426,P,37,unclassified,d0116
D02564,D00432,P,38,unclassified,d0116
D02564,D00437,P,39,unclassified,d0116
D02564,D00443,P,40,unclassified,d0116
D02564,D00451,CI,41,Enzyme-Target: MAOA,d0116
D02564,D00457,P,42,unclassified,d0116
D02564,D00474,P,43,unclassified,d0116
D02564,D00479,P,44,unclassified,d0116
D02564,D00480,P,45,unclassified,d0116
D02564,D00481,P,46,unclassified,d0116
D02564,D00503,P,47,unclassified,d0116
D02564,D00506,P,48,unclassified,d0116
D02564,D00511,P,49,unclassified,d0116
D02564,D00515,P,50,unclassified,d0116
D02564,D00520,CI,51,unclassified,d0116
D02564,D00531,P,52,unclassified,d0116
D02564,D00547,P,53,unclassified,d0116
D02564,D00549,P,54,unclassified,d0116
D02564,D00550,P,55,unclassified,d0116
D02564,D00563,CI,56,unclassified,d0116
D02564,D00593,P,57,unclassified,d0116
D02564,D00594,P,58,unclassified,d0116
D02564,D00599,P,59,unclassified,d0116
D02564,D00608,P,60,unclassified,d0116
D02564,D00609,P,61,unclassified,d0116
D02564,D00616,P,62,unclassified,d0116
D02564,D00617,P,63,unclassified,d0116
D02564,D00619,P,64,unclassified,d0116
D02564,D00625,P,65,unclassified,d0116
D02564,D00629,P,66,unclassified,d0116
D02564,D00633,P,67,Enzyme-Target: MAOB,d0116
D02564,D00634,P,68,unclassified,d0116
D02564,D00658,P,69,unclassified,d0116
D02564,D00665,P,70,unclassified,d0116
D02564,D00666,P,71,unclassified,d0116
D02564,D00668,P,72,unclassified,d0116
D02564,D00669,P,73,unclassified,d0116
D02564,D00672,P,74,unclassified,d0116
D02564,D00675,CI,75,unclassified,d0116
D02564,D00676,CI,76,Enzyme-Target: MAOA,d0116
D02564,D00677,P,77,unclassified,d0116
D02564,D00678,P,78,unclassified,d0116
D02564,D00694,P,79,unclassified,d0116
D02564,D00701,P,80,unclassified,d0116
D02564,D00713,P,81,unclassified,d0116
D02564,D00714,P,82,unclassified,d0116
D02564,D00720,P,83,unclassified,d0116
D02564,D00722,P,84,unclassified,d0116
D02564,D00744,P,85,unclassified,d0116
D02564,D00762,P,86,unclassified,d0116
D02564,D00765,P,87,unclassified,d0116
D02564,D00770,P,88,unclassified,d0116
D02564,D00776,P,89,unclassified,d0116
D02564,D00785,CI,90,Target: MAOB,d0116
D02564,D00787,P,91,unclassified,d0116
D02564,D00789,P,92,unclassified,d0116
D02564,D00793,P,93,unclassified,d0116
D02564,D00809,"CI,P",94,unclassified,d0116
D02564,D00811,"CI,P",95,unclassified,d0116
D02564,D00815,"CI,P",96,unclassified,d0116
D02564,D00816,CI,97,unclassified,d0116
D02564,D00818,CI,98,unclassified,d0116
D02564,D00820,P,99,unclassified,d0116
D02564,D00821,CI,100,unclassified,d0116
D02564,D00824,CI,101,unclassified,d0116
D02564,D00825,CI,102,unclassified,d0116
D02564,D00836,P,103,unclassified,d0116
D02564,D00839,P,104,unclassified,d0116
D02564,D00842,P,105,unclassified,d0116
D02564,D00904,P,106,unclassified,d0116
D02564,D00944,P,107,unclassified,d0116
D02564,D00945,P,108,unclassified,d0116
D02564,D00947,P,109,unclassified,d0116
D02564,D00969,P,110,unclassified,d0116
D02564,D00975,P,111,unclassified,d0116
D02564,D00987,P,112,unclassified,d0116
D02564,D01007,P,113,unclassified,d0116
D02564,D01008,CI,114,unclassified,d0116
D02564,D01021,CI,115,unclassified,d0116
D02564,D01022,P,116,unclassified,d0116
D02564,D01024,P,117,unclassified,d0116
D02564,D01096,P,118,unclassified,d0116
D02564,D01104,P,119,unclassified,d0116
D02564,D01107,"CI,P",120,unclassified,d0116
D02564,D01111,P,121,unclassified,d0116
D02564,D01145,P,122,unclassified,d0116
D02564,D01164,P,123,unclassified,d0116
D02564,D01165,P,124,unclassified,d0116
D02564,D01176,P,125,unclassified,d0116
D02564,D01179,"CI,P",126,unclassified,d0116
D02564,D01196,P,127,unclassified,d0116
D02564,D01226,P,128,unclassified,d0116
D02564,D01230,P,129,unclassified,d0116
D02564,D01240,P,130,unclassified,d0116
D02564,D01245,P,131,unclassified,d0116
D02564,D01253,P,132,unclassified,d0116
D02564,D01268,P,133,unclassified,d0116
D02564,D01269,P,134,unclassified,d0116
D02564,D01277,P,135,unclassified,d0116
D02564,D01278,P,136,unclassified,d0116
D02564,D01280,P,137,unclassified,d0116
D02564,D01292,P,138,unclassified,d0116
D02564,D01293,P,139,unclassified,d0116
D02564,D01296,CI,140,unclassified,d0116
D02564,D01302,P,141,unclassified,d0116
D02564,D01321,P,142,unclassified,d0116
D02564,D01323,P,143,unclassified,d0116
D02564,D01324,P,144,unclassified,d0116
D02564,D01328,P,145,unclassified,d0116
D02564,D01333,P,146,unclassified,d0116
D02564,D01347,CI,147,unclassified,d0116
D02564,D01355,CI,148,unclassified,d0116
D02564,D01358,"CI,P",149,unclassified,d0116
D02564,D01383,CI,150,unclassified,d0116
D02564,D01386,P,151,unclassified,d0116
D02564,D01389,P,152,unclassified,d0116
D02564,D01399,P,153,unclassified,d0116
D02564,D01408,P,154,unclassified,d0116
D02564,D01451,P,155,unclassified,d0116
D02564,D01453,P,156,unclassified,d0116
D02564,D01469,P,157,unclassified,d0116
D02564,D01481,P,158,unclassified,d0116
D02564,D01485,P,159,unclassified,d0116
D02564,D01514,P,160,unclassified,d0116
D02564,D01549,P,161,unclassified,d0116
D02564,D01553,P,162,unclassified,d0116
D02564,D01564,P,163,unclassified,d0116
D02564,D01599,P,164,unclassified,d0116
D02564,D01604,P,165,unclassified,d0116
D02564,D01657,P,166,unclassified,d0116
D02564,D01665,P,167,unclassified,d0116
D02564,D01674,P,168,unclassified,d0116
D02564,D01709,P,169,unclassified,d0116
D02564,D01741,P,170,unclassified,d0116
D02564,D01744,P,171,unclassified,d0116
D02564,D01832,P,172,unclassified,d0116
D02564,D01854,P,173,unclassified,d0116
D02564,D01872,P,174,unclassified,d0116
D02564,D01875,P,175,unclassified,d0116
D02564,D01877,P,176,unclassified,d0116
D02564,D01887,P,177,unclassified,d0116
D02564,D01898,P,178,unclassified,d0116
D02564,D01902,P,179,unclassified,d0116
D02564,D01903,P,180,unclassified,d0116
D02564,D01908,P,181,unclassified,d0116
D02564,D01943,P,182,unclassified,d0116
D02564,D01965,P,183,unclassified,d0116
D02564,D02008,P,184,unclassified,d0116
D02564,D02016,P,185,unclassified,d0116
D02564,D02022,P,186,unclassified,d0116
D02564,D02034,"CI,P",187,unclassified,d0116
D02564,D02037,P,188,unclassified,d0116
D02564,D02064,P,189,unclassified,d0116
D02564,D02069,P,190,unclassified,d0116
D02564,D02076,P,191,unclassified,d0116
D02564,D02101,P,192,unclassified,d0116
D02564,D02102,P,193,unclassified,d0116
D02564,D02109,P,194,unclassified,d0116
D02564,D02135,P,195,unclassified,d0116
D02564,D02163,P,196,unclassified,d0116
D02564,D02229,P,197,unclassified,d0116
D02564,D02234,P,198,unclassified,d0116
D02564,D02242,CI,199,unclassified,d0116
D02564,D02245,P,200,unclassified,d0116
D02564,D02246,P,201,unclassified,d0116
D02564,D02247,P,202,unclassified,d0116
D02564,D02248,P,203,unclassified,d0116
D02564,D02260,CI,204,unclassified,d0116
D02564,D02271,P,205,unclassified,d0116
D02564,D02342,P,206,unclassified,d0116
D02564,D02372,P,207,unclassified,d0116
D02564,D02408,"CI,P",208,unclassified,d0116
D02564,D02409,P,209,unclassified,d0116
D02564,D02535,P,210,unclassified,d0116
D02564,D02540,P,211,unclassified,d0116
D02564,D02562,CI,212,Target: MAOB,d0116
D02564,D02567,CI,213,unclassified,d0116
D02564,D02574,CI,214,unclassified,d0116
D02564,D02587,P,215,unclassified,d0116
D02564,D02633,P,216,unclassified,d0116
D02564,D02802,P,217,unclassified,d0116
D02564,D02994,P,218,unclassified,d0116
D02564,D02995,P,219,unclassified,d0116
D02564,D03230,P,220,unclassified,d0116
D02564,D03250,P,221,unclassified,d0116
D02564,D03290,P,222,unclassified,d0116
D02564,D03855,CI,223,unclassified,d0116
D02564,D04034,P,224,unclassified,d0116
D02564,D04038,P,225,unclassified,d0116
D02564,D04044,P,226,unclassified,d0116
D02564,D04046,P,227,unclassified,d0116
D02564,D04052,P,228,unclassified,d0116
D02564,D04062,P,229,unclassified,d0116
D02564,D04081,P,230,unclassified,d0116
D02564,D04148,CI,231,unclassified,d0116
D02564,D04251,CI,232,unclassified,d0116
D02564,D04259,P,233,unclassified,d0116
D02564,D04261,P,234,unclassified,d0116
D02564,D04313,P,235,unclassified,d0116
D02564,D04342,P,236,unclassified,d0116
D02564,D04364,P,237,unclassified,d0116
D02564,D04447,P,238,unclassified,d0116
D02564,D04475,P,239,unclassified,d0116
D02564,D04477,P,240,unclassified,d0116
D02564,D04539,P,241,unclassified,d0116
D02564,D04540,P,242,unclassified,d0116
D02564,D04547,P,243,unclassified,d0116
D02564,D04747,CI,244,unclassified,d0116
D02564,D04813,P,245,unclassified,d0116
D02564,D04965,P,246,unclassified,d0116
D02564,D05339,P,247,unclassified,d0116
D02564,D05340,P,248,unclassified,d0116
D02564,D05462,P,249,unclassified,d0116
D02564,D06273,P,250,unclassified,d0116
D02564,D06553,P,251,unclassified,d0116
D02564,D06645,P,252,unclassified,d0116
D02564,D06698,P,253,unclassified,d0116
D02564,D06921,P,254,unclassified,d0116
D02564,D06927,P,255,unclassified,d0116
D02564,D06928,P,256,unclassified,d0116
D02564,D06951,P,257,unclassified,d0116
D02564,D06953,P,258,unclassified,d0116
D02564,D06955,P,259,unclassified,d0116
D02564,D06956,P,260,unclassified,d0116
D02564,D06987,P,261,unclassified,d0116
D02564,D06994,P,262,unclassified,d0116
D02564,D07041,P,263,unclassified,d0116
D02564,D07042,P,264,unclassified,d0116
D02564,D07043,P,265,unclassified,d0116
D02564,D07044,P,266,unclassified,d0116
D02564,D07045,P,267,unclassified,d0116
D02564,D07048,P,268,unclassified,d0116
D02564,D07080,P,269,unclassified,d0116
D02564,D07132,P,270,unclassified,d0116
D02564,D07583,P,271,unclassified,d0116
D02564,D08080,P,272,unclassified,d0116
D02564,D08575,"CI,P",273,unclassified,d0116
D02564,D08695,P,274,unclassified,d0116
D02564,D08768,P,275,unclassified,d0116
D02564,D08769,P,276,unclassified,d0116
D02564,D08897,P,277,unclassified,d0116
D02564,D08923,P,278,unclassified,d0116
D02564,D09186,P,279,unclassified,d0116
D02564,D09319,P,280,unclassified,d0116
D02564,D09321,P,281,unclassified,d0116
D02564,D09566,P,282,unclassified,d0116
D02564,D09592,P,283,unclassified,d0116
D02564,D09594,P,284,unclassified,d0116
D02564,D09727,P,285,unclassified,d0116
D02564,D09744,P,286,unclassified,d0116
D02564,D09753,P,287,unclassified,d0116
D02564,D09756,P,288,unclassified,d0116
D02564,D09763,P,289,unclassified,d0116
D02564,D09780,P,290,unclassified,d0116
D02564,D09848,P,291,unclassified,d0116
D02564,D09889,P,292,unclassified,d0116
D02564,D09978,P,293,unclassified,d0116
D02564,D09999,CI,294,unclassified,d0116
D02564,D10159,P,295,unclassified,d0116
D02564,D10160,P,296,unclassified,d0116
D02564,D10179,P,297,unclassified,d0116
D02564,D10185,CI,298,unclassified,d0116
D02564,D10191,CI,299,Target: MAOB / Enzyme-Target: MAOA,d0116
D02564,D10195,P,300,unclassified,d0116
D02564,D10200,P,301,unclassified,d0116
D02564,D10253,P,302,unclassified,d0116
D02564,D10293,P,303,unclassified,d0116
D02564,D10298,P,304,unclassified,d0116
D02564,D10309,P,305,unclassified,d0116
D02564,D10317,P,306,unclassified,d0116
D02564,D10424,P,307,unclassified,d0116
D02564,D10459,P,308,unclassified,d0116
D02564,D10480,P,309,unclassified,d0116
D02564,D10505,P,310,unclassified,d0116
D02564,D10516,P,311,unclassified,d0116
D02564,D10570,P,312,unclassified,d0116
D02564,D10588,P,313,unclassified,d0116
D02564,D10743,P,314,unclassified,d0116
D02564,D10744,P,315,unclassified,d0116
D02564,D10854,P,316,unclassified,d0116
D02564,D10897,P,317,unclassified,d0116
D02564,D10967,P,318,unclassified,d0116
D02564,D10999,P,319,unclassified,d0116
D02564,D11034,P,320,unclassified,d0116
D02564,D11064,P,321,unclassified,d0116
D02564,D11109,P,322,unclassified,d0116
D02564,D11190,P,323,unclassified,d0116
D02564,D11290,P,324,unclassified,d0116
D02564,D11567,P,325,unclassified,d0116
D02564,D11807,P,326,unclassified,d0116
D02564,D11861,P,327,unclassified,d0116
D02564,D11862,P,328,unclassified,d0116
D02564,D12358,P,329,unclassified,d0116
D02564,D12437,P,330,unclassified,d0116
D02564,D12494,P,331,unclassified,d0116
D02564,D12963,P,332,unclassified,d0116
D02564,D13245,P,333,unclassified,d0116
D02567,cpd:C06807,P,1,unclassified,d0065
D02567,D00020,P,2,unclassified,d0065
D02567,D00076,P,3,unclassified,d0065
D02567,D00095,P,4,unclassified,d0065
D02567,D00109,P,5,unclassified,d0065
D02567,D00118,P,6,unclassified,d0065
D02567,D00120,P,7,unclassified,d0065
D02567,D00126,P,8,unclassified,d0065
D02567,D00127,P,9,unclassified,d0065
D02567,D00130,P,10,unclassified,d0065
D02567,D00132,P,11,unclassified,d0065
D02567,D00136,P,12,Enzyme: CYP2D6 CYP3A4 / CYP inhibition: CYP2D6,d0065
D02567,D00141,P,13,unclassified,d0065
D02567,D00151,P,14,unclassified,d0065
D02567,D00158,P,15,unclassified,d0065
D02567,D00169,P,16,unclassified,d0065
D02567,D00199,P,17,Enzyme: CYP2D6 / CYP inhibition: CYP2D6,d0065
D02567,D00211,P,18,CYP induction: CYP3A4,d0065
D02567,D00228,P,19,Enzyme: CYP2D6 / Target: SLC6A4 / CYP inhibition: CYP2D6,d0065
D02567,D00235,P,20,Enzyme: CYP2D6 / CYP inhibition: CYP2D6,d0065
D02567,D00252,P,21,Enzyme: CYP3A4 / CYP induction: CYP3A4,d0065
D02567,D00255,P,22,Enzyme: CYP2D6 CYP3A4 / CYP inhibition: CYP2D6,d0065
D02567,D00270,P,23,Enzyme: CYP2D6 / CYP inhibition: CYP2D6,d0065
D02567,D00283,P,24,Enzyme: CYP3A4,d0065
D02567,D00292,P,25,Enzyme: CYP3A4 / CYP induction: CYP3A4,d0065
D02567,D00293,P,26,Enzyme: CYP2C19 CYP3A4,d0065
D02567,D00295,P,27,CYP inhibition: CYP2D6 CYP3A4,d0065
D02567,D00298,P,28,unclassified,d0065
D02567,D00303,P,29,Enzyme: CYP3A4,d0065
D02567,D00308,P,30,unclassified,d0065
D02567,D00311,P,31,unclassified,d0065
D02567,D00315,P,32,unclassified,d0065
D02567,D00320,P,33,Enzyme: CYP3A4,d0065
D02567,D00326,P,34,Enzyme: CYP2D6 / Target: SLC6A4 / CYP inhibition: CYP2C19 CYP2D6,d0065
D02567,D00330,P,35,unclassified,d0065
D02567,D00346,CI,36,unclassified,d0065
D02567,D00355,P,37,Enzyme: CYP2C19 CYP3A4 / CYP inhibition: CYP2C19,d0065
D02567,D00358,P,38,Enzyme: CYP3A4,d0065
D02567,D00373,P,39,unclassified,d0065
D02567,D00377,P,40,unclassified,d0065
D02567,D00378,P,41,Enzyme: CYP2D6 / CYP inhibition: CYP2D6,d0065
D02567,D00390,P,42,unclassified,d0065
D02567,D00394,P,43,Target: SLC6A4,d0065
D02567,D00403,P,44,unclassified,d0065
D02567,D00415,P,45,unclassified,d0065
D02567,D00420,P,46,unclassified,d0065
D02567,D00425,P,47,unclassified,d0065
D02567,D00426,P,48,Enzyme: CYP2D6 CYP3A4 / CYP inhibition: CYP2D6,d0065
D02567,D00428,P,49,unclassified,d0065
D02567,D00432,P,50,unclassified,d0065
D02567,D00435,P,51,Enzyme: CYP3A4 CYP2D6 / CYP inhibition: CYP2D6,d0065
D02567,D00448,P,52,unclassified,d0065
D02567,D00451,P,53,unclassified,d0065
D02567,D00452,P,54,unclassified,d0065
D02567,D00454,P,55,unclassified,d0065
D02567,D00455,P,56,Enzyme: CYP2C19,d0065
D02567,D00458,P,57,Enzyme: CYP3A4,d0065
D02567,D00463,P,58,unclassified,d0065
D02567,D00477,P,59,unclassified,d0065
D02567,D00479,P,60,unclassified,d0065
D02567,D00483,P,61,Enzyme: CYP2D6 CYP2C19 / CYP inhibition: CYP2D6,d0065
D02567,D00484,P,62,Target: SLC6A4,d0065
D02567,D00493,P,63,unclassified,d0065
D02567,D00503,P,64,Enzyme: CYP2D6 / CYP inhibition: CYP2D6,d0065
D02567,D00505,CI,65,unclassified,d0065
D02567,D00506,P,66,unclassified,d0065
D02567,D00510,P,67,unclassified,d0065
D02567,D00512,P,68,unclassified,d0065
D02567,D00513,P,69,Enzyme: CYP2D6 / CYP inhibition: CYP2D6,d0065
D02567,D00550,P,70,Enzyme: CYP3A4,d0065
D02567,D00556,P,71,unclassified,d0065
D02567,D00560,CI,72,Enzyme: CYP3A4,d0065
D02567,D00563,P,73,Enzyme: CYP2D6 CYP3A4 / CYP inhibition: CYP2D6,d0065
D02567,D00566,P,74,unclassified,d0065
D02567,D00567,P,75,CYP inhibition: CYP2D6,d0065
D02567,D00568,P,76,unclassified,d0065
D02567,D00597,P,77,unclassified,d0065
D02567,D00598,P,78,unclassified,d0065
D02567,D00599,P,79,Enzyme: CYP2D6 / CYP inhibition: CYP2D6,d0065
D02567,D00601,P,80,Enzyme: CYP2D6 / CYP inhibition: CYP2D6,d0065
D02567,D00602,P,81,unclassified,d0065
D02567,D00603,P,82,Enzyme: CYP2D6 / CYP inhibition: CYP2D6,d0065
D02567,D00605,P,83,unclassified,d0065
D02567,D00616,P,84,Enzyme: CYP3A4,d0065
D02567,D00619,P,85,Enzyme: CYP3A4 / CYP inhibition: CYP3A4,d0065
D02567,D00631,P,86,Enzyme: CYP2D6 CYP3A4 / CYP inhibition: CYP2D6,d0065
D02567,D00634,P,87,unclassified,d0065
D02567,D00635,P,88,Enzyme: CYP2D6 / CYP inhibition: CYP2D6,d0065
D02567,D00636,P,89,Enzyme: CYP3A4,d0065
D02567,D00637,P,90,Enzyme: CYP3A4,d0065
D02567,D00638,P,91,Enzyme: CYP2D6 / CYP inhibition: CYP2D6,d0065
D02567,D00639,P,92,Enzyme: CYP2D6 / CYP inhibition: CYP2D6,d0065
D02567,D00640,P,93,Enzyme: CYP2D6 CYP3A4 / CYP inhibition: CYP2D6,d0065
D02567,D00642,P,94,Enzyme: CYP3A4,d0065
D02567,D00643,P,95,Enzyme: CYP3A4,d0065
D02567,D00644,P,96,unclassified,d0065
D02567,D00645,P,97,unclassified,d0065
D02567,D00647,P,98,unclassified,d0065
D02567,D00648,P,99,unclassified,d0065
D02567,D00661,P,100,Enzyme: CYP2D6 CYP3A4 / CYP inhibition: CYP2D6,d0065
D02567,D00674,P,101,Enzyme: CYP2D6 CYP3A4 / CYP inhibition: CYP2D6,d0065
D02567,D00675,P,102,unclassified,d0065
D02567,D00676,P,103,unclassified,d0065
D02567,D00677,P,104,Enzyme: CYP3A4,d0065
D02567,D00678,P,105,Enzyme: CYP2D6 CYP3A4 / CYP inhibition: CYP2D6,d0065
D02567,D00701,P,106,unclassified,d0065
D02567,D00727,P,107,unclassified,d0065
D02567,D00754,P,108,unclassified,d0065
D02567,D00769,P,109,Enzyme: CYP2C19,d0065
D02567,D00785,CI,110,Enzyme: CYP2D6 CYP3A4 / CYP inhibition: CYP2D6,d0065
D02567,D00788,P,111,unclassified,d0065
D02567,D00789,P,112,Enzyme: CYP2D6 / CYP inhibition: CYP2D6,d0065
D02567,D00791,P,113,Enzyme: CYP2D6 / CYP inhibition: CYP2D6,d0065
D02567,D00792,P,114,Enzyme: CYP2D6 / CYP inhibition: CYP2D6,d0065
D02567,D00793,P,115,Enzyme: CYP2D6 / CYP inhibition: CYP2D6,d0065
D02567,D00795,P,116,unclassified,d0065
D02567,D00797,P,117,unclassified,d0065
D02567,D00798,P,118,unclassified,d0065
D02567,D00799,P,119,unclassified,d0065
D02567,D00800,P,120,unclassified,d0065
D02567,D00801,P,121,unclassified,d0065
D02567,D00809,P,122,Enzyme: CYP2D6 CYP3A4 CYP2C19 / Target: SLC6A4 / CYP inhibition: CYP2D6,d0065
D02567,D00810,P,123,unclassified,d0065
D02567,D00811,P,124,Enzyme: CYP2D6 CYP3A4 CYP2C19 / Target: SLC6A4 / CYP inhibition: CYP2D6,d0065
D02567,D00812,P,125,Target: SLC6A4,d0065
D02567,D00813,P,126,unclassified,d0065
D02567,D00814,P,127,Enzyme: CYP2C19 CYP2D6 / Target: SLC6A4 / CYP inhibition: CYP2D6,d0065
D02567,D00815,P,128,Enzyme: CYP2D6 CYP3A4 CYP2C19 / Target: SLC6A4 / CYP inhibition: CYP2D6,d0065
D02567,D00816,P,129,Enzyme: CYP2D6 / Target: SLC6A4 / CYP inhibition: CYP2D6,d0065
D02567,D00818,P,130,Enzyme: CYP2D6 / CYP inhibition: CYP2D6,d0065
D02567,D00820,P,131,Enzyme: CYP3A4 CYP2D6 / Target: SLC6A4 / CYP inhibition: CYP2D6,d0065
D02567,D00821,P,132,Enzyme: CYP2D6 / Target: SLC6A4 / CYP inhibition: CYP2D6,d0065
D02567,D00822,P,133,Enzyme: CYP3A4 CYP2D6 / Target: SLC6A4 / CYP inhibition: CYP2C19 CYP2D6,d0065
D02567,D00823,P,134,Enzyme: CYP2D6 / Target: SLC6A4 / CYP inhibition: CYP2C19 CYP2D6,d0065
D02567,D00824,P,135,Enzyme: CYP2D6 / Target: SLC6A4 / CYP inhibition: CYP2C19 CYP2D6 CYP3A4,d0065
D02567,D00825,P,136,Enzyme: CYP2C19 CYP3A4 / Target: SLC6A4,d0065
D02567,D00826,CI,137,unclassified,d0065
D02567,D00827,P,138,unclassified,d0065
D02567,D00831,P,139,unclassified,d0065
D02567,D00848,P,140,Enzyme: CYP2D6 / CYP inhibition: CYP2D6,d0065
D02567,D00903,P,141,unclassified,d0065
D02567,D00904,P,142,unclassified,d0065
D02567,D00947,P,143,unclassified,d0065
D02567,D00961,P,144,CYP inhibition: CYP3A4,d0065
D02567,D00966,P,145,Enzyme: CYP2D6 CYP3A4 / CYP inhibition: CYP2D6,d0065
D02567,D00968,P,146,unclassified,d0065
D02567,D00969,P,147,unclassified,d0065
D02567,D00970,P,148,unclassified,d0065
D02567,D00971,P,149,unclassified,d0065
D02567,D01025,P,150,unclassified,d0065
D02567,D01026,P,151,unclassified,d0065
D02567,D01028,P,152,CYP inhibition: CYP2C19 CYP2D6,d0065
D02567,D01037,P,153,unclassified,d0065
D02567,D01041,P,154,Enzyme: CYP2D6 / CYP inhibition: CYP2D6,d0065
D02567,D01049,P,155,unclassified,d0065
D02567,D01051,P,156,unclassified,d0065
D02567,D01087,P,157,unclassified,d0065
D02567,D01097,CI,158,unclassified,d0065
D02567,D01101,P,159,Enzyme: CYP3A4,d0065
D02567,D01105,P,160,unclassified,d0065
D02567,D01110,P,161,unclassified,d0065
D02567,D01122,P,162,unclassified,d0065
D02567,D01130,P,163,unclassified,d0065
D02567,D01164,P,164,Enzyme: CYP3A4 CYP2D6 / CYP inhibition: CYP2D6,d0065
D02567,D01176,P,165,Enzyme: CYP3A4,d0065
D02567,D01179,P,166,Target: SLC6A4 / CYP inhibition: CYP2D6,d0065
D02567,D01182,P,167,Enzyme: CYP2D6 / CYP inhibition: CYP2D6,d0065
D02567,D01183,P,168,unclassified,d0065
D02567,D01185,P,169,unclassified,d0065
D02567,D01189,P,170,unclassified,d0065
D02567,D01207,P,171,Enzyme: CYP2C19,d0065
D02567,D01240,P,172,unclassified,d0065
D02567,D01252,P,173,unclassified,d0065
D02567,D01253,P,174,Enzyme: CYP3A4 CYP2C19,d0065
D02567,D01267,P,175,unclassified,d0065
D02567,D01271,P,176,unclassified,d0065
D02567,D01280,P,177,unclassified,d0065
D02567,D01285,P,178,Target: SLC6A4,d0065
D02567,D01289,P,179,unclassified,d0065
D02567,D01296,P,180,unclassified,d0065
D02567,D01305,P,181,unclassified,d0065
D02567,D01314,P,182,unclassified,d0065
D02567,D01325,P,183,unclassified,d0065
D02567,D01326,P,184,Enzyme: CYP2D6 / CYP inhibition: CYP2D6,d0065
D02567,D01330,P,185,unclassified,d0065
D02567,D01341,P,186,unclassified,d0065
D02567,D01344,P,187,unclassified,d0065
D02567,D01353,P,188,unclassified,d0065
D02567,D01355,P,189,Enzyme: CYP2D6 CYP3A4 / CYP inhibition: CYP2D6,d0065
D02567,D01380,P,190,unclassified,d0065
D02567,D01383,P,191,unclassified,d0065
D02567,D01394,P,192,unclassified,d0065
D02567,D01397,P,193,unclassified,d0065
D02567,D01399,P,194,Enzyme: CYP3A4,d0065
D02567,D01410,P,195,unclassified,d0065
D02567,D01412,P,196,unclassified,d0065
D02567,D01437,P,197,unclassified,d0065
D02567,D01447,P,198,unclassified,d0065
D02567,D01448,P,199,unclassified,d0065
D02567,D01454,P,200,unclassified,d0065
D02567,D01455,P,201,Enzyme: CYP2D6 CYP3A4 / CYP inhibition: CYP2D6,d0065
D02567,D01466,P,202,unclassified,d0065
D02567,D01471,P,203,unclassified,d0065
D02567,D01475,P,204,unclassified,d0065
D02567,D01477,P,205,unclassified,d0065
D02567,D01482,P,206,unclassified,d0065
D02567,D01485,P,207,unclassified,d0065
D02567,D01492,P,208,unclassified,d0065
D02567,D01501,CI,209,unclassified,d0065
D02567,D01504,P,210,unclassified,d0065
D02567,D01512,P,211,unclassified,d0065
D02567,D01513,P,212,unclassified,d0065
D02567,D01520,P,213,unclassified,d0065
D02567,D01545,P,214,unclassified,d0065
D02567,D01546,P,215,Enzyme: CYP2D6 / Target: SLC6A4 / CYP inhibition: CYP2D6,d0065
D02567,D01547,P,216,unclassified,d0065
D02567,D01554,P,217,unclassified,d0065
D02567,D01557,P,218,unclassified,d0065
D02567,D01565,P,219,unclassified,d0065
D02567,D01567,P,220,unclassified,d0065
D02567,D01578,P,221,unclassified,d0065
D02567,D01581,P,222,unclassified,d0065
D02567,D01582,P,223,unclassified,d0065
D02567,D01594,P,224,unclassified,d0065
D02567,D01661,P,225,unclassified,d0065
D02567,D01675,P,226,unclassified,d0065
D02567,D01706,P,227,unclassified,d0065
D02567,D01709,P,228,unclassified,d0065
D02567,D01718,P,229,unclassified,d0065
D02567,D01741,P,230,unclassified,d0065
D02567,D01762,P,231,unclassified,d0065
D02567,D01765,P,232,unclassified,d0065
D02567,D01767,P,233,unclassified,d0065
D02567,D01776,P,234,unclassified,d0065
D02567,D01785,P,235,unclassified,d0065
D02567,D01788,P,236,unclassified,d0065
D02567,D01794,P,237,Enzyme: CYP2D6 / CYP inhibition: CYP2D6,d0065
D02567,D01795,P,238,unclassified,d0065
D02567,D01806,P,239,unclassified,d0065
D02567,D01811,P,240,unclassified,d0065
D02567,D01823,P,241,unclassified,d0065
D02567,D01830,P,242,unclassified,d0065
D02567,D01832,P,243,Enzyme: CYP3A4 / CYP inhibition: CYP2C19 / CYP induction: CYP3A4,d0065
D02567,D01841,P,244,unclassified,d0065
D02567,D01847,P,245,unclassified,d0065
D02567,D01851,P,246,unclassified,d0065
D02567,D01856,P,247,unclassified,d0065
D02567,D01860,P,248,unclassified,d0065
D02567,D01865,P,249,unclassified,d0065
D02567,D01866,P,250,unclassified,d0065
D02567,D01874,P,251,unclassified,d0065
D02567,D01888,CI,252,unclassified,d0065
D02567,D01898,P,253,Enzyme: CYP2D6 CYP3A4 / CYP inhibition: CYP2D6,d0065
D02567,D01958,P,254,unclassified,d0065
D02567,D01963,P,255,unclassified,d0065
D02567,D01969,P,256,unclassified,d0065
D02567,D01973,P,257,Enzyme: CYP3A4,d0065
D02567,D01974,P,258,unclassified,d0065
D02567,D01975,P,259,unclassified,d0065
D02567,D01992,P,260,unclassified,d0065
D02567,D02002,CI,261,unclassified,d0065
D02567,D02022,P,262,unclassified,d0065
D02567,D02035,P,263,unclassified,d0065
D02567,D02037,P,264,Enzyme: CYP2D6 / CYP inhibition: CYP2D6,d0065
D02567,D02075,P,265,unclassified,d0065
D02567,D02081,P,266,unclassified,d0065
D02567,D02086,P,267,Enzyme: CYP3A4,d0065
D02567,D02087,P,268,unclassified,d0065
D02567,D02088,P,269,unclassified,d0065
D02567,D02102,P,270,Enzyme: CYP3A4 CYP2C19 CYP2D6 / CYP inhibition: CYP2D6 / CYP induction: CYP3A4,d0065
D02567,D02103,P,271,unclassified,d0065
D02567,D02106,P,272,unclassified,d0065
D02567,D02110,P,273,unclassified,d0065
D02567,D02163,P,274,Enzyme: CYP2D6 / CYP inhibition: CYP2D6,d0065
D02567,D02234,P,275,unclassified,d0065
D02567,D02235,P,276,unclassified,d0065
D02567,D02239,P,277,Enzyme: CYP2D6 / CYP inhibition: CYP2D6,d0065
D02567,D02248,P,278,unclassified,d0065
D02567,D02260,P,279,Enzyme: CYP2D6 / Target: SLC6A4 / CYP inhibition: CYP2D6,d0065
D02567,D02264,P,280,unclassified,d0065
D02567,D02272,P,281,Enzyme: CYP3A4,d0065
D02567,D02290,P,282,unclassified,d0065
D02567,D02338,P,283,unclassified,d0065
D02567,D02341,P,284,unclassified,d0065
D02567,D02342,P,285,unclassified,d0065
D02567,D02350,P,286,unclassified,d0065
D02567,D02354,P,287,unclassified,d0065
D02567,D02355,P,288,unclassified,d0065
D02567,D02356,P,289,Enzyme: CYP3A4 / CYP inhibition: CYP3A4,d0065
D02567,D02358,P,290,Enzyme: CYP2D6 / CYP inhibition: CYP2D6,d0065
D02567,D02360,P,291,Enzyme: CYP2C19 CYP3A4 / Target: SLC6A4,d0065
D02567,D02362,P,292,Enzyme: CYP2D6 / Target: SLC6A4 / CYP inhibition: CYP2D6,d0065
D02567,D02372,P,293,unclassified,d0065
D02567,D02374,P,294,unclassified,d0065
D02567,D02389,P,295,unclassified,d0065
D02567,D02408,P,296,Target: SLC6A4,d0065
D02567,D02484,P,297,unclassified,d0065
D02567,D02537,P,298,CYP inhibition: CYP2D6,d0065
D02567,D02559,CI,299,unclassified,d0065
D02567,D02560,CI,300,unclassified,d0065
D02567,D02561,CI,301,Enzyme: CYP2C19 / CYP inhibition: CYP2D6 CYP2C19,d0065
D02567,D02562,CI,302,unclassified,d0065
D02567,D02563,CI,303,unclassified,d0065
D02567,D02564,CI,304,unclassified,d0065
D02567,D02565,P,305,unclassified,d0065
D02567,D02567,P,306,Enzyme: CYP3A4 CYP2C19 CYP2D6 AOX1 / Target: SLC6A4 / CYP inhibition: CYP2D6,d0065
D02567,D02574,P,307,Enzyme: CYP2D6 / CYP inhibition: CYP2D6,d0065
D02567,D02579,CI,308,unclassified,d0065
D02567,D02580,CI,309,unclassified,d0065
D02567,D02581,CI,310,unclassified,d0065
D02567,D02587,P,311,unclassified,d0065
D02567,D02604,P,312,unclassified,d0065
D02567,D02605,P,313,unclassified,d0065
D02567,D02607,P,314,unclassified,d0065
D02567,D02608,P,315,unclassified,d0065
D02567,D02609,P,316,unclassified,d0065
D02567,D02610,P,317,unclassified,d0065
D02567,D02620,P,318,unclassified,d0065
D02567,D02621,P,319,unclassified,d0065
D02567,D02622,P,320,unclassified,d0065
D02567,D02623,P,321,unclassified,d0065
D02567,D02625,P,322,unclassified,d0065
D02567,D02626,P,323,Enzyme: CYP3A4,d0065
D02567,D02627,P,324,unclassified,d0065
D02567,D02628,P,325,unclassified,d0065
D02567,D02642,P,326,unclassified,d0065
D02567,D02643,P,327,unclassified,d0065
D02567,D02644,P,328,unclassified,d0065
D02567,D02651,P,329,unclassified,d0065
D02567,D02653,P,330,unclassified,d0065
D02567,D02666,P,331,Enzyme: CYP3A4 CYP2D6 / CYP inhibition: CYP2D6,d0065
D02567,D02668,P,332,unclassified,d0065
D02567,D02671,P,333,unclassified,d0065
D02567,D02679,P,334,unclassified,d0065
D02567,D02680,P,335,unclassified,d0065
D02567,D02686,P,336,unclassified,d0065
D02567,D02691,P,337,CYP inhibition: CYP2C19,d0065
D02567,D02704,P,338,unclassified,d0065
D02567,D02706,P,339,unclassified,d0065
D02567,D02709,P,340,unclassified,d0065
D02567,D02715,P,341,unclassified,d0065
D02567,D02732,P,342,Enzyme: CYP3A4,d0065
D02567,D02746,P,343,unclassified,d0065
D02567,D02765,P,344,unclassified,d0065
D02567,D02787,P,345,Target: SLC6A4,d0065
D02567,D02824,P,346,Enzyme: CYP3A4 CYP2D6 / CYP inhibition: CYP2D6,d0065
D02567,D02825,P,347,Enzyme: CYP3A4 CYP2D6 / CYP inhibition: CYP2D6,d0065
D02567,D02834,P,348,unclassified,d0065
D02567,D02910,P,349,Enzyme: CYP3A4,d0065
D02567,D02944,P,350,unclassified,d0065
D02567,D02968,P,351,Enzyme: CYP3A4 / CYP inhibition: CYP3A4 / CYP induction: CYP3A4,d0065
D02567,D02969,P,352,Enzyme: CYP2D6 / CYP inhibition: CYP2D6,d0065
D02567,D03014,P,353,unclassified,d0065
D02567,D03037,P,354,unclassified,d0065
D02567,D03038,P,355,unclassified,d0065
D02567,D03080,P,356,unclassified,d0065
D02567,D03106,P,357,unclassified,d0065
D02567,D03163,P,358,unclassified,d0065
D02567,D03170,P,359,unclassified,d0065
D02567,D03177,P,360,unclassified,d0065
D02567,D03198,P,361,unclassified,d0065
D02567,D03199,P,362,unclassified,d0065
D02567,D03239,CI,363,unclassified,d0065
D02567,D03248,CI,364,unclassified,d0065
D02567,D03254,P,365,unclassified,d0065
D02567,D03274,P,366,Enzyme: CYP2D6 / CYP inhibition: CYP2D6,d0065
D02567,D03385,P,367,unclassified,d0065
D02567,D03409,CI,368,unclassified,d0065
D02567,D03410,P,369,unclassified,d0065
D02567,D03449,P,370,unclassified,d0065
D02567,D03489,P,371,unclassified,d0065
D02567,D03490,P,372,unclassified,d0065
D02567,D03491,P,373,Target: SLC6A4,d0065
D02567,D03492,P,374,Enzyme: CYP3A4 CYP2D6 / CYP inhibition: CYP2D6,d0065
D02567,D03503,P,375,CYP inhibition: CYP2D6 CYP3A4,d0065
D02567,D03540,P,376,unclassified,d0065
D02567,D03560,P,377,unclassified,d0065
D02567,D03649,P,378,Target: SLC6A4,d0065
D02567,D03652,P,379,unclassified,d0065
D02567,D03658,P,380,Enzyme: CYP3A4,d0065
D02567,D03666,P,381,unclassified,d0065
D02567,D03669,P,382,CYP induction: CYP3A4,d0065
D02567,D03689,P,383,unclassified,d0065
D02567,D03710,P,384,unclassified,d0065
D02567,D03712,P,385,unclassified,d0065
D02567,D03714,P,386,unclassified,d0065
D02567,D03715,P,387,unclassified,d0065
D02567,D03716,P,388,unclassified,d0065
D02567,D03717,P,389,unclassified,d0065
D02567,D03718,P,390,unclassified,d0065
D02567,D03727,P,391,unclassified,d0065
D02567,D03729,P,392,unclassified,d0065
D02567,D03731,CI,393,Enzyme: CYP3A4 CYP2D6 / CYP inhibition: CYP2D6,d0065
D02567,D03732,P,394,unclassified,d0065
D02567,D03733,CI,395,unclassified,d0065
D02567,D03759,P,396,unclassified,d0065
D02567,D03830,P,397,Enzyme: CYP3A4,d0065
D02567,D03855,P,398,unclassified,d0065
D02567,D03914,P,399,CYP inhibition: CYP2D6,d0065
D02567,D03921,P,400,unclassified,d0065
D02567,D03960,P,401,unclassified,d0065
D02567,D03991,P,402,Enzyme: CYP2D6 / CYP inhibition: CYP2D6,d0065
D02567,D04003,P,403,unclassified,d0065
D02567,D04024,P,404,Enzyme: CYP3A4,d0065
D02567,D04034,P,405,Enzyme: CYP2D6 / CYP inhibition: CYP2D6,d0065
D02567,D04038,P,406,Enzyme: CYP2D6 / CYP inhibition: CYP2D6,d0065
D02567,D04052,P,407,Enzyme: CYP3A4,d0065
D02567,D04092,CI,408,unclassified,d0065
D02567,D04102,P,409,unclassified,d0065
D02567,D04105,P,410,unclassified,d0065
D02567,D04142,P,411,unclassified,d0065
D02567,D04144,P,412,unclassified,d0065
D02567,D04145,P,413,unclassified,d0065
D02567,D04148,P,414,Enzyme: CYP3A4 CYP2C19 CYP2D6 / Target: SLC6A4 / CYP inhibition: CYP2D6,d0065
D02567,D04190,P,415,unclassified,d0065
D02567,D04206,P,416,unclassified,d0065
D02567,D04264,P,417,unclassified,d0065
D02567,D04273,P,418,unclassified,d0065
D02567,D04277,P,419,unclassified,d0065
D02567,D04340,P,420,Enzyme: CYP3A4 CYP2D6 / CYP inhibition: CYP2D6,d0065
D02567,D04490,P,421,unclassified,d0065
D02567,D04530,P,422,unclassified,d0065
D02567,D04556,P,423,unclassified,d0065
D02567,D04605,P,424,unclassified,d0065
D02567,D04638,P,425,unclassified,d0065
D02567,D04639,P,426,unclassified,d0065
D02567,D04641,P,427,Enzyme: CYP3A4 / CYP inhibition: CYP3A4,d0065
D02567,D04652,P,428,unclassified,d0065
D02567,D04666,P,429,unclassified,d0065
D02567,D04681,CI,430,unclassified,d0065
D02567,D04710,P,431,unclassified,d0065
D02567,D04747,P,432,unclassified,d0065
D02567,D04768,P,433,CYP inhibition: CYP2C19,d0065
D02567,D04774,P,434,unclassified,d0065
D02567,D04778,P,435,unclassified,d0065
D02567,D04863,P,436,unclassified,d0065
D02567,D04888,P,437,unclassified,d0065
D02567,D04889,P,438,unclassified,d0065
D02567,D04955,P,439,unclassified,d0065
D02567,D04965,P,440,Enzyme: CYP2D6 / CYP inhibition: CYP2D6,d0065
D02567,D05011,P,441,Enzyme: CYP2D6 / CYP inhibition: CYP2D6,d0065
D02567,D05033,CI,442,unclassified,d0065
D02567,D05039,CI,443,Enzyme: CYP2D6 / CYP inhibition: CYP2D6,d0065
D02567,D05040,CI,444,Enzyme: CYP2D6 / CYP inhibition: CYP2D6,d0065
D02567,D05077,P,445,unclassified,d0065
D02567,D05121,P,446,unclassified,d0065
D02567,D05127,P,447,Enzyme: CYP2D6 / CYP inhibition: CYP2D6,d0065
D02567,D05143,P,448,unclassified,d0065
D02567,D05181,P,449,unclassified,d0065
D02567,D05231,P,450,unclassified,d0065
D02567,D05259,P,451,Enzyme: CYP2C19,d0065
D02567,D05261,P,452,Enzyme: CYP2C19,d0065
D02567,D05319,P,453,unclassified,d0065
D02567,D05339,P,454,unclassified,d0065
D02567,D05340,P,455,unclassified,d0065
D02567,D05345,P,456,unclassified,d0065
D02567,D05374,P,457,Enzyme: CYP2D6 / Target: SLC6A4 / CYP inhibition: CYP2D6,d0065
D02567,D05375,P,458,Enzyme: CYP2D6 / Target: SLC6A4 / CYP inhibition: CYP2D6,d0065
D02567,D05404,P,459,unclassified,d0065
D02567,D05451,P,460,unclassified,d0065
D02567,D05491,P,461,Target: SLC6A4,d0065
D02567,D05495,P,462,unclassified,d0065
D02567,D05511,P,463,unclassified,d0065
D02567,D05512,P,464,unclassified,d0065
D02567,D05513,P,465,unclassified,d0065
D02567,D05515,P,466,unclassified,d0065
D02567,D05587,P,467,unclassified,d0065
D02567,D05598,P,468,unclassified,d0065
D02567,D05619,P,469,unclassified,d0065
D02567,D05740,P,470,unclassified,d0065
D02567,D05775,P,471,unclassified,d0065
D02567,D05788,P,472,unclassified,d0065
D02567,D05789,P,473,unclassified,d0065
D02567,D05791,P,474,unclassified,d0065
D02567,D05793,P,475,unclassified,d0065
D02567,D05830,P,476,unclassified,d0065
D02567,D05928,P,477,Enzyme: CYP3A4 CYP2C19 / CYP inhibition: CYP3A4 CYP2D6 CYP2C19,d0065
D02567,D05937,P,478,unclassified,d0065
D02567,D05995,P,479,unclassified,d0065
D02567,D05998,P,480,unclassified,d0065
D02567,D06082,P,481,unclassified,d0065
D02567,D06129,P,482,unclassified,d0065
D02567,D06143,P,483,unclassified,d0065
D02567,D06156,P,484,unclassified,d0065
D02567,D06162,P,485,unclassified,d0065
D02567,D06172,P,486,unclassified,d0065
D02567,D06176,P,487,unclassified,d0065
D02567,D06364,P,488,unclassified,d0065
D02567,D06367,P,489,unclassified,d0065
D02567,D06382,P,490,unclassified,d0065
D02567,D06405,P,491,Enzyme: CYP3A4,d0065
D02567,D06413,P,492,Enzyme: CYP3A4,d0065
D02567,D06414,P,493,Enzyme: CYP3A4,d0065
D02567,D06517,P,494,unclassified,d0065
D02567,D06597,P,495,Enzyme: CYP3A4 / CYP inhibition: CYP3A4 / CYP induction: CYP3A4,d0065
D02567,D06606,P,496,unclassified,d0065
D02567,D06622,P,497,Enzyme: CYP2D6 / CYP inhibition: CYP2D6,d0065
D02567,D06623,P,498,unclassified,d0065
D02567,D06646,P,499,unclassified,d0065
D02567,D06652,P,500,unclassified,d0065
D02567,D06653,P,501,unclassified,d0065
D02567,D06665,P,502,unclassified,d0065
D02567,D07065,P,503,unclassified,d0065
D02567,D07082,P,504,unclassified,d0065
D02567,D07086,P,505,Enzyme: CYP3A4,d0065
D02567,D07141,P,506,unclassified,d0065
D02567,D07156,P,507,Enzyme: CYP2D6 / CYP inhibition: CYP2D6,d0065
D02567,D07181,P,508,unclassified,d0065
D02567,D07182,P,509,unclassified,d0065
D02567,D07183,P,510,unclassified,d0065
D02567,D07184,P,511,unclassified,d0065
D02567,D07185,P,512,unclassified,d0065
D02567,D07219,P,513,unclassified,d0065
D02567,D07262,P,514,unclassified,d0065
D02567,D07263,P,515,unclassified,d0065
D02567,D07264,P,516,unclassified,d0065
D02567,D07265,P,517,unclassified,d0065
D02567,D07266,P,518,unclassified,d0065
D02567,D07267,P,519,unclassified,d0065
D02567,D07268,P,520,unclassified,d0065
D02567,D07269,P,521,unclassified,d0065
D02567,D07290,P,522,unclassified,d0065
D02567,D07291,P,523,unclassified,d0065
D02567,D07292,P,524,unclassified,d0065
D02567,D07293,P,525,unclassified,d0065
D02567,D07307,P,526,unclassified,d0065
D02567,D07308,P,527,unclassified,d0065
D02567,D07309,P,528,unclassified,d0065
D02567,D07334,P,529,Target: SLC6A4,d0065
D02567,D07335,P,530,unclassified,d0065
D02567,D07336,P,531,unclassified,d0065
D02567,D07337,CI,532,unclassified,d0065
D02567,D07338,CI,533,unclassified,d0065
D02567,D07421,P,534,unclassified,d0065
D02567,D07428,P,535,unclassified,d0065
D02567,D07443,P,536,unclassified,d0065
D02567,D07448,P,537,Enzyme: CYP3A4 CYP2C19 CYP2D6 / Target: SLC6A4 / CYP inhibition: CYP2D6,d0065
D02567,D07453,P,538,unclassified,d0065
D02567,D07465,P,539,unclassified,d0065
D02567,D07488,P,540,unclassified,d0065
D02567,D07496,P,541,unclassified,d0065
D02567,D07503,P,542,unclassified,d0065
D02567,D07505,P,543,unclassified,d0065
D02567,D07516,P,544,unclassified,d0065
D02567,D07517,P,545,unclassified,d0065
D02567,D07520,P,546,Enzyme: CYP3A4 CYP2D6 / CYP inhibition: CYP2D6,d0065
D02567,D07526,P,547,unclassified,d0065
D02567,D07537,P,548,Enzyme: CYP2D6 / CYP inhibition: CYP2D6,d0065
D02567,D07541,P,549,unclassified,d0065
D02567,D07549,P,550,unclassified,d0065
D02567,D07579,P,551,unclassified,d0065
D02567,D07580,P,552,unclassified,d0065
D02567,D07581,P,553,unclassified,d0065
D02567,D07582,P,554,unclassified,d0065
D02567,D07583,P,555,unclassified,d0065
D02567,D07590,P,556,unclassified,d0065
D02567,D07595,P,557,CYP induction: CYP3A4,d0065
D02567,D07601,P,558,unclassified,d0065
D02567,D07608,P,559,unclassified,d0065
D02567,D07612,P,560,unclassified,d0065
D02567,D07624,P,561,Enzyme: CYP2D6 / CYP inhibition: CYP2D6,d0065
D02567,D07660,P,562,unclassified,d0065
D02567,D07685,P,563,unclassified,d0065
D02567,D07704,P,564,Enzyme: CYP3A4 CYP2D6 / Target: SLC6A4 / CYP inhibition: CYP2D6 CYP2C19,d0065
D02567,D07705,P,565,Enzyme: CYP3A4 CYP2D6 / Target: SLC6A4 / CYP inhibition: CYP2D6 CYP2C19,d0065
D02567,D07727,P,566,Enzyme: CYP3A4 CYP2C19 CYP2D6 / Target: SLC6A4 / CYP inhibition: CYP2D6,d0065
D02567,D07756,P,567,unclassified,d0065
D02567,D07791,P,568,Target: SLC6A4,d0065
D02567,D07812,P,569,unclassified,d0065
D02567,D07816,P,570,unclassified,d0065
D02567,D07817,P,571,unclassified,d0065
D02567,D07818,P,572,unclassified,d0065
D02567,D07819,P,573,unclassified,d0065
D02567,D07824,P,574,unclassified,d0065
D02567,D07845,P,575,Enzyme: CYP3A4,d0065
D02567,D07865,P,576,unclassified,d0065
D02567,D07872,P,577,Enzyme: CYP2D6 / Target: SLC6A4 / CYP inhibition: CYP2D6,d0065
D02567,D07875,P,578,Enzyme: CYP2C19 CYP2D6 / Target: SLC6A4 / CYP inhibition: CYP2D6,d0065
D02567,D07887,P,579,Enzyme: CYP3A4,d0065
D02567,D07888,P,580,unclassified,d0065
D02567,D07894,P,581,Enzyme: CYP2D6 / CYP inhibition: CYP2D6,d0065
D02567,D07913,P,582,Enzyme: CYP3A4 CYP2C19 CYP2D6 AOX1 / Target: SLC6A4 / CYP inhibition: CYP2D6,d0065
D02567,D07916,P,583,unclassified,d0065
D02567,D07943,P,584,unclassified,d0065
D02567,D07962,P,585,Enzyme: CYP2D6 / CYP inhibition: CYP2D6,d0065
D02567,D07977,P,586,Enzyme: CYP2D6 / CYP inhibition: CYP2D6,d0065
D02567,D07984,P,587,Enzyme: CYP2D6 / Target: SLC6A4 / CYP inhibition: CYP2D6 CYP2C19 CYP3A4,d0065
D02567,D07991,P,588,unclassified,d0065
D02567,D07997,P,589,unclassified,d0065
D02567,D08009,P,590,unclassified,d0065
D02567,D08020,P,591,unclassified,d0065
D02567,D08021,P,592,unclassified,d0065
D02567,D08035,P,593,Enzyme: CYP3A4 CYP2D6 / CYP inhibition: CYP2D6,d0065
D02567,D08048,P,594,unclassified,d0065
D02567,D08049,P,595,unclassified,d0065
D02567,D08058,P,596,unclassified,d0065
D02567,D08059,P,597,unclassified,d0065
D02567,D08060,P,598,unclassified,d0065
D02567,D08070,P,599,Enzyme: CYP3A4 CYP2C19 CYP2D6 / Target: SLC6A4 / CYP inhibition: CYP2D6,d0065
D02567,D08071,P,600,Enzyme: CYP3A4 CYP2C19 CYP2D6 / Target: SLC6A4 / CYP inhibition: CYP2D6,d0065
D02567,D08072,P,601,Target: SLC6A4,d0065
D02567,D08074,P,602,unclassified,d0065
D02567,D08078,P,603,unclassified,d0065
D02567,D08085,CI,604,unclassified,d0065
D02567,D08102,P,605,unclassified,d0065
D02567,D08103,P,606,unclassified,d0065
D02567,D08104,P,607,unclassified,d0065
D02567,D08115,P,608,unclassified,d0065
D02567,D08127,P,609,Enzyme: CYP3A4,d0065
D02567,D08140,P,610,Target: SLC6A4,d0065
D02567,D08142,P,611,unclassified,d0065
D02567,D08149,P,612,unclassified,d0065
D02567,D08153,P,613,unclassified,d0065
D02567,D08162,P,614,unclassified,d0065
D02567,D08171,P,615,unclassified,d0065
D02567,D08172,P,616,unclassified,d0065
D02567,D08190,P,617,unclassified,d0065
D02567,D08215,P,618,Enzyme: CYP2D6 / CYP inhibition: CYP2D6,d0065
D02567,D08255,P,619,Enzyme: CYP3A4 CYP2D6 / CYP inhibition: CYP2D6,d0065
D02567,D08275,P,620,unclassified,d0065
D02567,D08288,P,621,Enzyme: CYP2D6 / Target: SLC6A4 / CYP inhibition: CYP2D6,d0065
D02567,D08295,P,622,unclassified,d0065
D02567,D08297,P,623,unclassified,d0065
D02567,D08318,P,624,unclassified,d0065
D02567,D08324,P,625,unclassified,d0065
D02567,D08341,P,626,Enzyme: CYP2D6 / CYP inhibition: CYP2D6,d0065
D02567,D08342,P,627,Enzyme: CYP2D6 / CYP inhibition: CYP2D6,d0065
D02567,D08349,CI,628,unclassified,d0065
D02567,D08363,P,629,unclassified,d0065
D02567,D08364,P,630,unclassified,d0065
D02567,D08374,P,631,unclassified,d0065
D02567,D08375,P,632,unclassified,d0065
D02567,D08377,P,633,unclassified,d0065
D02567,D08385,P,634,unclassified,d0065
D02567,D08392,CI,635,unclassified,d0065
D02567,D08393,CI,636,unclassified,d0065
D02567,D08394,P,637,unclassified,d0065
D02567,D08421,P,638,unclassified,d0065
D02567,D08427,P,639,unclassified,d0065
D02567,D08430,P,640,unclassified,d0065
D02567,D08435,P,641,Enzyme: CYP3A4 CYP2D6 / CYP inhibition: CYP2D6,d0065
D02567,D08443,P,642,Enzyme: CYP2C19 CYP2D6 / CYP inhibition: CYP2D6,d0065
D02567,D08447,P,643,Target: SLC6A4,d0065
D02567,D08453,CI,644,unclassified,d0065
D02567,D08456,P,645,Enzyme: CYP3A4,d0065
D02567,D08458,P,646,Enzyme: CYP3A4,d0065
D02567,D08459,P,647,Enzyme: CYP3A4,d0065
D02567,D08469,CI,648,unclassified,d0065
D02567,D08485,P,649,unclassified,d0065
D02567,D08493,P,650,Enzyme: CYP3A4 CYP2C19 CYP2D6 / CYP inhibition: CYP2D6,d0065
D02567,D08501,P,651,unclassified,d0065
D02567,D08525,P,652,unclassified,d0065
D02567,D08572,P,653,unclassified,d0065
D02567,D08575,P,654,Enzyme: CYP2D6 / CYP inhibition: CYP2D6,d0065
D02567,D08585,P,655,unclassified,d0065
D02567,D08586,P,656,unclassified,d0065
D02567,D08592,P,657,unclassified,d0065
D02567,D08598,P,658,unclassified,d0065
D02567,D08600,P,659,Enzyme: CYP2D6 / CYP inhibition: CYP2D6,d0065
D02567,D08625,CI,660,unclassified,d0065
D02567,D08630,P,661,unclassified,d0065
D02567,D08636,P,662,unclassified,d0065
D02567,D08637,P,663,unclassified,d0065
D02567,D08657,P,664,unclassified,d0065
D02567,D08923,P,665,Enzyme: CYP3A4 CYP2D6 / CYP inhibition: CYP2D6,d0065
D02567,D09216,P,666,unclassified,d0065
D02567,D09535,P,667,Enzyme: CYP3A4 / CYP inhibition: CYP2D6,d0065
D02567,D09546,P,668,unclassified,d0065
D02567,D09568,P,669,unclassified,d0065
D02567,D09638,P,670,Enzyme: CYP3A4,d0065
D02567,D09686,P,671,unclassified,d0065
D02567,D09701,P,672,Enzyme: CYP3A4,d0065
D02567,D09731,P,673,Enzyme: CYP3A4,d0065
D02567,D09760,P,674,unclassified,d0065
D02567,D09773,CI,675,unclassified,d0065
D02567,D09799,P,676,CYP inhibition: CYP3A4,d0065
D02567,D09815,P,677,unclassified,d0065
D02567,D09819,P,678,Enzyme: CYP2D6 / CYP inhibition: CYP2D6,d0065
D02567,D09843,P,679,unclassified,d0065
D02567,D09847,P,680,unclassified,d0065
D02567,D09894,"CI,P",681,Enzyme: CYP2D6 / CYP inhibition: CYP2D6,d0065
D02567,D09996,P,682,CYP induction: CYP3A4,d0065
D02567,D09999,P,683,Enzyme: CYP3A4 CYP2D6 / CYP inhibition: CYP2D6,d0065
D02567,D10003,P,684,CYP induction: CYP3A4 CYP2D6,d0065
D02567,D10014,P,685,unclassified,d0065
D02567,D10017,P,686,unclassified,d0065
D02567,D10104,P,687,Enzyme: CYP3A4 / CYP induction: CYP3A4,d0065
D02567,D10127,P,688,unclassified,d0065
D02567,D10158,CI,689,unclassified,d0065
D02567,D10161,P,690,unclassified,d0065
D02567,D10185,P,691,Enzyme: CYP2C19 CYP2D6 / Target: SLC6A4 / CYP inhibition: CYP2D6,d0065
D02567,D10191,CI,692,unclassified,d0065
D02567,D10218,P,693,unclassified,d0065
D02567,D10254,P,694,unclassified,d0065
D02567,D10298,P,695,unclassified,d0065
D02567,D10309,P,696,Enzyme: CYP3A4 CYP2D6 / CYP inhibition: CYP2D6,d0065
D02567,D10355,P,697,Enzyme: CYP3A4 CYP2D6 / CYP inhibition: CYP2D6,d0065
D02567,D10364,P,698,Enzyme: CYP3A4 CYP2D6 / CYP inhibition: CYP2D6,d0065
D02567,D10372,P,699,unclassified,d0065
D02567,D10424,P,700,unclassified,d0065
D02567,D10466,P,701,Enzyme: CYP3A4 CYP2C19 CYP2D6 / CYP inhibition: CYP2D6,d0065
D02567,D10503,P,702,unclassified,d0065
D02567,D10512,P,703,Enzyme: CYP3A4 CYP2D6 / CYP inhibition: CYP2D6,d0065
D02567,D10513,P,704,Enzyme: CYP3A4 CYP2C19,d0065
D02567,D10516,P,705,Enzyme: CYP3A4 CYP2D6 / CYP inhibition: CYP2D6,d0065
D02567,D10527,P,706,Enzyme: CYP3A4 CYP2C19,d0065
D02567,D10537,P,707,CYP inhibition: CYP2C19,d0065
D02567,D10551,P,708,unclassified,d0065
D02567,D10564,P,709,unclassified,d0065
D02567,D10566,P,710,unclassified,d0065
D02567,D10569,P,711,unclassified,d0065
D02567,D10633,P,712,Enzyme: CYP3A4,d0065
D02567,D10643,P,713,unclassified,d0065
D02567,D10656,P,714,unclassified,d0065
D02567,D10762,P,715,unclassified,d0065
D02567,D10774,P,716,Enzyme: CYP3A4 CYP2C19 CYP2D6 / CYP inhibition: CYP2D6,d0065
D02567,D10775,P,717,Enzyme: CYP3A4 CYP2C19 CYP2D6 / CYP inhibition: CYP2D6 CYP3A4,d0065
D02567,D10793,P,718,unclassified,d0065
D02567,D10801,P,719,CYP induction: CYP2C19,d0065
D02567,D10829,CI,720,unclassified,d0065
D02567,D10926,P,721,Enzyme: CYP3A4,d0065
D02567,D10990,P,722,unclassified,d0065
D02567,D10999,P,723,Enzyme: CYP3A4,d0065
D02567,D11012,P,724,unclassified,d0065
D02567,D11027,P,725,unclassified,d0065
D02567,D11040,P,726,Enzyme: CYP3A4 / CYP induction: CYP3A4 CYP2C19,d0065
D02567,D11053,P,727,Enzyme: CYP3A4,d0065
D02567,D11062,P,728,Enzyme: CYP3A4 CYP2D6 / CYP inhibition: CYP2D6,d0065
D02567,D11090,P,729,unclassified,d0065
D02567,D11138,P,730,unclassified,d0065
D02567,D11194,P,731,unclassified,d0065
D02567,D11296,P,732,Enzyme: CYP3A4 CYP2C19,d0065
D02567,D11370,P,733,unclassified,d0065
D02567,D11371,P,734,unclassified,d0065
D02567,D11422,P,735,unclassified,d0065
D02567,D11454,P,736,Enzyme: CYP3A4,d0065
D02567,D11485,P,737,unclassified,d0065
D02567,D11557,P,738,CYP inhibition: CYP2C19 / CYP induction: CYP3A4,d0065
D02567,D11617,P,739,Enzyme: CYP3A4,d0065
D02567,D11674,P,740,CYP inhibition: CYP2D6 CYP3A4,d0065
D02567,D11708,P,741,unclassified,d0065
D02567,D11713,P,742,Enzyme: CYP3A4,d0065
D02567,D11804,P,743,unclassified,d0065
D02567,D11816,P,744,Enzyme: CYP3A4,d0065
D02567,D11835,P,745,Enzyme: CYP2C19 CYP2D6 / CYP inhibition: CYP2D6,d0065
D02567,D11873,P,746,unclassified,d0065
D02567,D11887,P,747,unclassified,d0065
D02567,D11920,P,748,unclassified,d0065
D02567,D11954,P,749,Enzyme: CYP2C19,d0065
D02567,D11970,P,750,unclassified,d0065
D02567,D12015,P,751,unclassified,d0065
D02567,D12049,P,752,CYP inhibition: CYP2C19,d0065
D02567,D12050,P,753,Enzyme: CYP3A4 / CYP inhibition: CYP2C19,d0065
D02567,D12055,P,754,unclassified,d0065
D02567,D12217,P,755,Enzyme: CYP3A4,d0065
D02567,D12245,P,756,Enzyme: CYP3A4,d0065
D02567,D12252,P,757,CYP induction: CYP3A4,d0065
D02567,D12364,P,758,unclassified,d0065
D02567,D12410,P,759,unclassified,d0065
D02567,D12442,P,760,unclassified,d0065
D02567,D12444,P,761,Enzyme: CYP3A4,d0065
D02567,D12586,P,762,unclassified,d0065
D02567,D12595,P,763,unclassified,d0065
D02567,D12596,P,764,unclassified,d0065
D02567,D12597,P,765,unclassified,d0065
D02567,D12598,P,766,unclassified,d0065
D02567,D12837,P,767,CYP induction: CYP2C19,d0065
D02567,D13099,P,768,Enzyme: CYP3A4 CYP2D6 / CYP inhibition: CYP2D6,d0065
D02579,D00076,P,1,unclassified,d0112
D02579,D00095,P,2,unclassified,d0112
D02579,D00216,P,3,unclassified,d0112
D02579,D00225,P,4,unclassified,d0112
D02579,D00228,CI,5,unclassified,d0112
D02579,D00252,P,6,unclassified,d0112
D02579,D00265,P,7,unclassified,d0112
D02579,D00267,P,8,unclassified,d0112
D02579,D00280,P,9,unclassified,d0112
D02579,D00283,P,10,unclassified,d0112
D02579,D00293,P,11,unclassified,d0112
D02579,D00295,P,12,unclassified,d0112
D02579,D00308,P,13,unclassified,d0112
D02579,D00311,P,14,unclassified,d0112
D02579,D00320,P,15,unclassified,d0112
D02579,D00336,P,16,unclassified,d0112
D02579,D00365,P,17,unclassified,d0112
D02579,D00367,CI,18,unclassified,d0112
D02579,D00387,P,19,unclassified,d0112
D02579,D00388,P,20,unclassified,d0112
D02579,D00402,P,21,unclassified,d0112
D02579,D00415,CI,22,Enzyme-Target: MAOA,d0112
D02579,D00451,CI,23,Enzyme-Target: MAOA,d0112
D02579,D00457,P,24,unclassified,d0112
D02579,D00474,P,25,unclassified,d0112
D02579,D00481,P,26,unclassified,d0112
D02579,D00506,P,27,unclassified,d0112
D02579,D00511,P,28,unclassified,d0112
D02579,D00520,CI,29,unclassified,d0112
D02579,D00531,P,30,unclassified,d0112
D02579,D00550,P,31,unclassified,d0112
D02579,D00563,CI,32,unclassified,d0112
D02579,D00593,P,33,unclassified,d0112
D02579,D00594,P,34,unclassified,d0112
D02579,D00605,P,35,unclassified,d0112
D02579,D00625,P,36,unclassified,d0112
D02579,D00633,P,37,Enzyme-Target: MAOB,d0112
D02579,D00665,P,38,unclassified,d0112
D02579,D00666,P,39,unclassified,d0112
D02579,D00668,P,40,unclassified,d0112
D02579,D00669,P,41,unclassified,d0112
D02579,D00672,P,42,unclassified,d0112
D02579,D00675,CI,43,unclassified,d0112
D02579,D00676,CI,44,Enzyme-Target: MAOA,d0112
D02579,D00677,P,45,unclassified,d0112
D02579,D00678,P,46,unclassified,d0112
D02579,D00694,P,47,unclassified,d0112
D02579,D00701,P,48,unclassified,d0112
D02579,D00713,P,49,unclassified,d0112
D02579,D00714,P,50,unclassified,d0112
D02579,D00720,P,51,unclassified,d0112
D02579,D00722,P,52,unclassified,d0112
D02579,D00744,P,53,unclassified,d0112
D02579,D00754,P,54,unclassified,d0112
D02579,D00765,P,55,unclassified,d0112
D02579,D00770,P,56,unclassified,d0112
D02579,D00785,CI,57,Target: MAOB,d0112
D02579,D00787,P,58,unclassified,d0112
D02579,D00809,CI,59,unclassified,d0112
D02579,D00811,CI,60,unclassified,d0112
D02579,D00815,CI,61,unclassified,d0112
D02579,D00816,CI,62,unclassified,d0112
D02579,D00818,CI,63,unclassified,d0112
D02579,D00820,P,64,unclassified,d0112
D02579,D00821,CI,65,unclassified,d0112
D02579,D00824,CI,66,unclassified,d0112
D02579,D00825,CI,67,unclassified,d0112
D02579,D00836,P,68,unclassified,d0112
D02579,D00839,P,69,unclassified,d0112
D02579,D00842,P,70,unclassified,d0112
D02579,D00944,P,71,unclassified,d0112
D02579,D00945,P,72,unclassified,d0112
D02579,D00947,P,73,unclassified,d0112
D02579,D01007,P,74,unclassified,d0112
D02579,D01008,CI,75,unclassified,d0112
D02579,D01021,CI,76,unclassified,d0112
D02579,D01022,P,77,unclassified,d0112
D02579,D01096,P,78,unclassified,d0112
D02579,D01107,CI,79,unclassified,d0112
D02579,D01111,P,80,unclassified,d0112
D02579,D01165,P,81,unclassified,d0112
D02579,D01179,CI,82,unclassified,d0112
D02579,D01226,P,83,unclassified,d0112
D02579,D01230,P,84,unclassified,d0112
D02579,D01245,P,85,unclassified,d0112
D02579,D01253,P,86,unclassified,d0112
D02579,D01268,P,87,unclassified,d0112
D02579,D01269,P,88,unclassified,d0112
D02579,D01277,P,89,unclassified,d0112
D02579,D01278,P,90,unclassified,d0112
D02579,D01280,P,91,unclassified,d0112
D02579,D01292,P,92,unclassified,d0112
D02579,D01293,P,93,unclassified,d0112
D02579,D01296,CI,94,unclassified,d0112
D02579,D01302,P,95,unclassified,d0112
D02579,D01324,P,96,unclassified,d0112
D02579,D01328,P,97,unclassified,d0112
D02579,D01347,CI,98,unclassified,d0112
D02579,D01355,CI,99,unclassified,d0112
D02579,D01358,CI,100,unclassified,d0112
D02579,D01383,CI,101,unclassified,d0112
D02579,D01386,P,102,unclassified,d0112
D02579,D01389,P,103,unclassified,d0112
D02579,D01399,P,104,unclassified,d0112
D02579,D01408,P,105,unclassified,d0112
D02579,D01451,P,106,unclassified,d0112
D02579,D01453,P,107,unclassified,d0112
D02579,D01481,P,108,unclassified,d0112
D02579,D01514,P,109,unclassified,d0112
D02579,D01564,P,110,unclassified,d0112
D02579,D01599,P,111,unclassified,d0112
D02579,D01657,P,112,unclassified,d0112
D02579,D01665,P,113,unclassified,d0112
D02579,D01744,P,114,unclassified,d0112
D02579,D01832,P,115,unclassified,d0112
D02579,D01854,P,116,unclassified,d0112
D02579,D01872,P,117,unclassified,d0112
D02579,D01875,P,118,unclassified,d0112
D02579,D01898,P,119,unclassified,d0112
D02579,D01903,P,120,unclassified,d0112
D02579,D02016,P,121,unclassified,d0112
D02579,D02034,CI,122,unclassified,d0112
D02579,D02064,P,123,unclassified,d0112
D02579,D02069,P,124,unclassified,d0112
D02579,D02076,P,125,unclassified,d0112
D02579,D02101,P,126,unclassified,d0112
D02579,D02102,P,127,unclassified,d0112
D02579,D02106,P,128,unclassified,d0112
D02579,D02109,P,129,unclassified,d0112
D02579,D02234,P,130,unclassified,d0112
D02579,D02242,CI,131,unclassified,d0112
D02579,D02246,P,132,unclassified,d0112
D02579,D02247,P,133,unclassified,d0112
D02579,D02260,CI,134,unclassified,d0112
D02579,D02271,P,135,unclassified,d0112
D02579,D02408,CI,136,unclassified,d0112
D02579,D02409,P,137,unclassified,d0112
D02579,D02484,P,138,unclassified,d0112
D02579,D02535,P,139,unclassified,d0112
D02579,D02562,CI,140,Target: MAOB,d0112
D02579,D02567,CI,141,unclassified,d0112
D02579,D02574,CI,142,unclassified,d0112
D02579,D03230,P,143,unclassified,d0112
D02579,D03250,P,144,unclassified,d0112
D02579,D03855,CI,145,unclassified,d0112
D02579,D04044,P,146,unclassified,d0112
D02579,D04052,P,147,unclassified,d0112
D02579,D04062,P,148,unclassified,d0112
D02579,D04081,P,149,unclassified,d0112
D02579,D04148,CI,150,unclassified,d0112
D02579,D04251,CI,151,unclassified,d0112
D02579,D04259,P,152,unclassified,d0112
D02579,D04261,P,153,unclassified,d0112
D02579,D04313,P,154,unclassified,d0112
D02579,D04342,P,155,unclassified,d0112
D02579,D04364,P,156,unclassified,d0112
D02579,D04447,P,157,unclassified,d0112
D02579,D04475,P,158,unclassified,d0112
D02579,D04477,P,159,unclassified,d0112
D02579,D04539,P,160,unclassified,d0112
D02579,D04540,P,161,unclassified,d0112
D02579,D04547,P,162,unclassified,d0112
D02579,D04747,CI,163,unclassified,d0112
D02579,D04813,P,164,unclassified,d0112
D02579,D05462,P,165,unclassified,d0112
D02579,D05928,P,166,unclassified,d0112
D02579,D06273,P,167,unclassified,d0112
D02579,D06405,P,168,unclassified,d0112
D02579,D06553,P,169,unclassified,d0112
D02579,D06645,P,170,unclassified,d0112
D02579,D06698,P,171,unclassified,d0112
D02579,D06921,P,172,unclassified,d0112
D02579,D06927,P,173,unclassified,d0112
D02579,D06928,P,174,unclassified,d0112
D02579,D06951,P,175,unclassified,d0112
D02579,D06953,P,176,unclassified,d0112
D02579,D06955,P,177,unclassified,d0112
D02579,D06956,P,178,unclassified,d0112
D02579,D06987,P,179,unclassified,d0112
D02579,D06994,P,180,unclassified,d0112
D02579,D07041,P,181,unclassified,d0112
D02579,D07042,P,182,unclassified,d0112
D02579,D07043,P,183,unclassified,d0112
D02579,D07044,P,184,unclassified,d0112
D02579,D07045,P,185,unclassified,d0112
D02579,D07048,P,186,unclassified,d0112
D02579,D07080,P,187,unclassified,d0112
D02579,D07132,P,188,unclassified,d0112
D02579,D07583,P,189,unclassified,d0112
D02579,D08080,P,190,unclassified,d0112
D02579,D08575,CI,191,unclassified,d0112
D02579,D08695,P,192,unclassified,d0112
D02579,D08769,P,193,unclassified,d0112
D02579,D08897,P,194,unclassified,d0112
D02579,D08923,P,195,unclassified,d0112
D02579,D09186,P,196,unclassified,d0112
D02579,D09319,P,197,unclassified,d0112
D02579,D09566,P,198,unclassified,d0112
D02579,D09592,P,199,unclassified,d0112
D02579,D09727,P,200,unclassified,d0112
D02579,D09744,P,201,unclassified,d0112
D02579,D09753,P,202,unclassified,d0112
D02579,D09756,P,203,unclassified,d0112
D02579,D09763,P,204,unclassified,d0112
D02579,D09780,P,205,unclassified,d0112
D02579,D09848,P,206,unclassified,d0112
D02579,D09889,P,207,unclassified,d0112
D02579,D09978,P,208,unclassified,d0112
D02579,D09999,CI,209,unclassified,d0112
D02579,D10159,P,210,unclassified,d0112
D02579,D10160,P,211,unclassified,d0112
D02579,D10179,P,212,unclassified,d0112
D02579,D10185,CI,213,unclassified,d0112
D02579,D10191,CI,214,Target: MAOB / Enzyme-Target: MAOA,d0112
D02579,D10195,P,215,unclassified,d0112
D02579,D10200,P,216,unclassified,d0112
D02579,D10253,P,217,unclassified,d0112
D02579,D10298,P,218,unclassified,d0112
D02579,D10317,P,219,unclassified,d0112
D02579,D10424,P,220,unclassified,d0112
D02579,D10459,P,221,unclassified,d0112
D02579,D10505,P,222,unclassified,d0112
D02579,D10570,P,223,unclassified,d0112
D02579,D10588,P,224,unclassified,d0112
D02579,D10743,P,225,unclassified,d0112
D02579,D10744,P,226,unclassified,d0112
D02579,D10854,P,227,unclassified,d0112
D02579,D10897,P,228,unclassified,d0112
D02579,D10967,P,229,unclassified,d0112
D02579,D10999,P,230,unclassified,d0112
D02579,D11034,P,231,unclassified,d0112
D02579,D11064,P,232,unclassified,d0112
D02579,D11109,P,233,unclassified,d0112
D02579,D11290,P,234,unclassified,d0112
D02579,D11567,P,235,unclassified,d0112
D02579,D11807,P,236,unclassified,d0112
D02579,D11861,P,237,unclassified,d0112
D02579,D11862,P,238,unclassified,d0112
D02579,D12358,P,239,unclassified,d0112
D02579,D12437,P,240,unclassified,d0112
D02579,D13245,P,241,unclassified,d0112
D02580,D00076,P,1,unclassified,d0106
D02580,D00095,P,2,unclassified,d0106
D02580,D00216,P,3,unclassified,d0106
D02580,D00225,P,4,unclassified,d0106
D02580,D00228,CI,5,unclassified,d0106
D02580,D00252,P,6,unclassified,d0106
D02580,D00265,P,7,unclassified,d0106
D02580,D00267,P,8,unclassified,d0106
D02580,D00280,P,9,unclassified,d0106
D02580,D00283,P,10,unclassified,d0106
D02580,D00293,P,11,unclassified,d0106
D02580,D00295,P,12,unclassified,d0106
D02580,D00308,P,13,unclassified,d0106
D02580,D00311,P,14,unclassified,d0106
D02580,D00320,P,15,unclassified,d0106
D02580,D00336,P,16,unclassified,d0106
D02580,D00365,P,17,unclassified,d0106
D02580,D00367,CI,18,unclassified,d0106
D02580,D00387,P,19,unclassified,d0106
D02580,D00388,P,20,unclassified,d0106
D02580,D00402,P,21,unclassified,d0106
D02580,D00415,CI,22,Enzyme-Target: MAOA,d0106
D02580,D00451,CI,23,Enzyme-Target: MAOA,d0106
D02580,D00457,P,24,unclassified,d0106
D02580,D00474,P,25,unclassified,d0106
D02580,D00481,P,26,unclassified,d0106
D02580,D00506,P,27,unclassified,d0106
D02580,D00511,P,28,unclassified,d0106
D02580,D00520,CI,29,unclassified,d0106
D02580,D00531,P,30,unclassified,d0106
D02580,D00550,P,31,unclassified,d0106
D02580,D00563,CI,32,unclassified,d0106
D02580,D00593,P,33,unclassified,d0106
D02580,D00594,P,34,unclassified,d0106
D02580,D00605,P,35,unclassified,d0106
D02580,D00625,P,36,unclassified,d0106
D02580,D00633,P,37,Enzyme-Target: MAOB,d0106
D02580,D00665,P,38,unclassified,d0106
D02580,D00666,P,39,unclassified,d0106
D02580,D00668,P,40,unclassified,d0106
D02580,D00669,P,41,unclassified,d0106
D02580,D00672,P,42,unclassified,d0106
D02580,D00675,CI,43,unclassified,d0106
D02580,D00676,CI,44,Enzyme-Target: MAOA,d0106
D02580,D00677,P,45,unclassified,d0106
D02580,D00678,P,46,unclassified,d0106
D02580,D00694,P,47,unclassified,d0106
D02580,D00701,P,48,unclassified,d0106
D02580,D00713,P,49,unclassified,d0106
D02580,D00714,P,50,unclassified,d0106
D02580,D00720,P,51,unclassified,d0106
D02580,D00722,P,52,unclassified,d0106
D02580,D00744,P,53,unclassified,d0106
D02580,D00754,P,54,unclassified,d0106
D02580,D00765,P,55,unclassified,d0106
D02580,D00770,P,56,unclassified,d0106
D02580,D00785,CI,57,Target: MAOB,d0106
D02580,D00787,P,58,unclassified,d0106
D02580,D00809,CI,59,unclassified,d0106
D02580,D00811,CI,60,unclassified,d0106
D02580,D00815,CI,61,unclassified,d0106
D02580,D00816,CI,62,unclassified,d0106
D02580,D00818,CI,63,unclassified,d0106
D02580,D00820,P,64,unclassified,d0106
D02580,D00821,CI,65,unclassified,d0106
D02580,D00824,CI,66,unclassified,d0106
D02580,D00825,CI,67,unclassified,d0106
D02580,D00836,P,68,unclassified,d0106
D02580,D00839,P,69,unclassified,d0106
D02580,D00842,P,70,unclassified,d0106
D02580,D00944,P,71,unclassified,d0106
D02580,D00945,P,72,unclassified,d0106
D02580,D00947,P,73,unclassified,d0106
D02580,D01007,P,74,unclassified,d0106
D02580,D01008,CI,75,unclassified,d0106
D02580,D01021,CI,76,unclassified,d0106
D02580,D01022,P,77,unclassified,d0106
D02580,D01096,P,78,unclassified,d0106
D02580,D01107,CI,79,unclassified,d0106
D02580,D01111,P,80,unclassified,d0106
D02580,D01165,P,81,unclassified,d0106
D02580,D01179,CI,82,unclassified,d0106
D02580,D01226,P,83,unclassified,d0106
D02580,D01230,P,84,unclassified,d0106
D02580,D01245,P,85,unclassified,d0106
D02580,D01253,P,86,unclassified,d0106
D02580,D01268,P,87,unclassified,d0106
D02580,D01269,P,88,unclassified,d0106
D02580,D01277,P,89,unclassified,d0106
D02580,D01278,P,90,unclassified,d0106
D02580,D01280,P,91,unclassified,d0106
D02580,D01292,P,92,unclassified,d0106
D02580,D01293,P,93,unclassified,d0106
D02580,D01296,CI,94,unclassified,d0106
D02580,D01302,P,95,unclassified,d0106
D02580,D01324,P,96,unclassified,d0106
D02580,D01328,P,97,unclassified,d0106
D02580,D01347,CI,98,unclassified,d0106
D02580,D01355,CI,99,unclassified,d0106
D02580,D01358,CI,100,unclassified,d0106
D02580,D01383,CI,101,unclassified,d0106
D02580,D01386,P,102,unclassified,d0106
D02580,D01389,P,103,unclassified,d0106
D02580,D01399,P,104,unclassified,d0106
D02580,D01408,P,105,unclassified,d0106
D02580,D01451,P,106,unclassified,d0106
D02580,D01453,P,107,unclassified,d0106
D02580,D01481,P,108,unclassified,d0106
D02580,D01514,P,109,unclassified,d0106
D02580,D01564,P,110,unclassified,d0106
D02580,D01599,P,111,unclassified,d0106
D02580,D01657,P,112,unclassified,d0106
D02580,D01665,P,113,unclassified,d0106
D02580,D01744,P,114,unclassified,d0106
D02580,D01832,P,115,unclassified,d0106
D02580,D01854,P,116,unclassified,d0106
D02580,D01872,P,117,unclassified,d0106
D02580,D01875,P,118,unclassified,d0106
D02580,D01898,P,119,unclassified,d0106
D02580,D01903,P,120,unclassified,d0106
D02580,D02016,P,121,unclassified,d0106
D02580,D02034,CI,122,unclassified,d0106
D02580,D02064,P,123,unclassified,d0106
D02580,D02069,P,124,unclassified,d0106
D02580,D02076,P,125,unclassified,d0106
D02580,D02101,P,126,unclassified,d0106
D02580,D02102,P,127,unclassified,d0106
D02580,D02106,P,128,unclassified,d0106
D02580,D02109,P,129,unclassified,d0106
D02580,D02234,P,130,unclassified,d0106
D02580,D02242,CI,131,unclassified,d0106
D02580,D02246,P,132,unclassified,d0106
D02580,D02247,P,133,unclassified,d0106
D02580,D02260,CI,134,unclassified,d0106
D02580,D02271,P,135,unclassified,d0106
D02580,D02408,CI,136,unclassified,d0106
D02580,D02409,P,137,unclassified,d0106
D02580,D02484,P,138,unclassified,d0106
D02580,D02535,P,139,unclassified,d0106
D02580,D02562,CI,140,Target: MAOB,d0106
D02580,D02567,CI,141,unclassified,d0106
D02580,D02574,CI,142,unclassified,d0106
D02580,D03230,P,143,unclassified,d0106
D02580,D03250,P,144,unclassified,d0106
D02580,D03855,CI,145,unclassified,d0106
D02580,D04044,P,146,unclassified,d0106
D02580,D04052,P,147,unclassified,d0106
D02580,D04062,P,148,unclassified,d0106
D02580,D04081,P,149,unclassified,d0106
D02580,D04148,CI,150,unclassified,d0106
D02580,D04251,CI,151,unclassified,d0106
D02580,D04259,P,152,unclassified,d0106
D02580,D04261,P,153,unclassified,d0106
D02580,D04313,P,154,unclassified,d0106
D02580,D04342,P,155,unclassified,d0106
D02580,D04364,P,156,unclassified,d0106
D02580,D04447,P,157,unclassified,d0106
D02580,D04475,P,158,unclassified,d0106
D02580,D04477,P,159,unclassified,d0106
D02580,D04539,P,160,unclassified,d0106
D02580,D04540,P,161,unclassified,d0106
D02580,D04547,P,162,unclassified,d0106
D02580,D04747,CI,163,unclassified,d0106
D02580,D04813,P,164,unclassified,d0106
D02580,D05462,P,165,unclassified,d0106
D02580,D05928,P,166,unclassified,d0106
D02580,D06273,P,167,unclassified,d0106
D02580,D06405,P,168,unclassified,d0106
D02580,D06553,P,169,unclassified,d0106
D02580,D06645,P,170,unclassified,d0106
D02580,D06698,P,171,unclassified,d0106
D02580,D06921,P,172,unclassified,d0106
D02580,D06927,P,173,unclassified,d0106
D02580,D06928,P,174,unclassified,d0106
D02580,D06951,P,175,unclassified,d0106
D02580,D06953,P,176,unclassified,d0106
D02580,D06955,P,177,unclassified,d0106
D02580,D06956,P,178,unclassified,d0106
D02580,D06987,P,179,unclassified,d0106
D02580,D06994,P,180,unclassified,d0106
D02580,D07041,P,181,unclassified,d0106
D02580,D07042,P,182,unclassified,d0106
D02580,D07043,P,183,unclassified,d0106
D02580,D07044,P,184,unclassified,d0106
D02580,D07045,P,185,unclassified,d0106
D02580,D07048,P,186,unclassified,d0106
D02580,D07080,P,187,unclassified,d0106
D02580,D07132,P,188,unclassified,d0106
D02580,D07583,P,189,unclassified,d0106
D02580,D08080,P,190,unclassified,d0106
D02580,D08575,CI,191,unclassified,d0106
D02580,D08695,P,192,unclassified,d0106
D02580,D08769,P,193,unclassified,d0106
D02580,D08897,P,194,unclassified,d0106
D02580,D08923,P,195,unclassified,d0106
D02580,D09186,P,196,unclassified,d0106
D02580,D09319,P,197,unclassified,d0106
D02580,D09566,P,198,unclassified,d0106
D02580,D09592,P,199,unclassified,d0106
D02580,D09727,P,200,unclassified,d0106
D02580,D09744,P,201,unclassified,d0106
D02580,D09753,P,202,unclassified,d0106
D02580,D09756,P,203,unclassified,d0106
D02580,D09763,P,204,unclassified,d0106
D02580,D09780,P,205,unclassified,d0106
D02580,D09848,P,206,unclassified,d0106
D02580,D09889,P,207,unclassified,d0106
D02580,D09978,P,208,unclassified,d0106
D02580,D09999,CI,209,unclassified,d0106
D02580,D10159,P,210,unclassified,d0106
D02580,D10160,P,211,unclassified,d0106
D02580,D10179,P,212,unclassified,d0106
D02580,D10185,CI,213,unclassified,d0106
D02580,D10191,CI,214,Target: MAOB / Enzyme-Target: MAOA,d0106
D02580,D10195,P,215,unclassified,d0106
D02580,D10200,P,216,unclassified,d0106
D02580,D10253,P,217,unclassified,d0106
D02580,D10298,P,218,unclassified,d0106
D02580,D10317,P,219,unclassified,d0106
D02580,D10424,P,220,unclassified,d0106
D02580,D10459,P,221,unclassified,d0106
D02580,D10505,P,222,unclassified,d0106
D02580,D10570,P,223,unclassified,d0106
D02580,D10588,P,224,unclassified,d0106
D02580,D10743,P,225,unclassified,d0106
D02580,D10744,P,226,unclassified,d0106
D02580,D10854,P,227,unclassified,d0106
D02580,D10897,P,228,unclassified,d0106
D02580,D10967,P,229,unclassified,d0106
D02580,D10999,P,230,unclassified,d0106
D02580,D11034,P,231,unclassified,d0106
D02580,D11064,P,232,unclassified,d0106
D02580,D11109,P,233,unclassified,d0106
D02580,D11290,P,234,unclassified,d0106
D02580,D11567,P,235,unclassified,d0106
D02580,D11807,P,236,unclassified,d0106
D02580,D11861,P,237,unclassified,d0106
D02580,D11862,P,238,unclassified,d0106
D02580,D12358,P,239,unclassified,d0106
D02580,D12437,P,240,unclassified,d0106
D02580,D13245,P,241,unclassified,d0106
D02581,D00076,P,1,unclassified,d0133
D02581,D00095,P,2,unclassified,d0133
D02581,D00216,P,3,unclassified,d0133
D02581,D00225,P,4,unclassified,d0133
D02581,D00228,CI,5,unclassified,d0133
D02581,D00265,P,6,unclassified,d0133
D02581,D00267,P,7,unclassified,d0133
D02581,D00280,P,8,unclassified,d0133
D02581,D00283,P,9,unclassified,d0133
D02581,D00293,P,10,unclassified,d0133
D02581,D00308,P,11,unclassified,d0133
D02581,D00311,P,12,unclassified,d0133
D02581,D00320,P,13,unclassified,d0133
D02581,D00336,P,14,unclassified,d0133
D02581,D00365,P,15,unclassified,d0133
D02581,D00367,CI,16,unclassified,d0133
D02581,D00387,P,17,unclassified,d0133
D02581,D00388,P,18,unclassified,d0133
D02581,D00402,P,19,unclassified,d0133
D02581,D00415,CI,20,Enzyme-Target: MAOA,d0133
D02581,D00451,CI,21,Enzyme-Target: MAOA,d0133
D02581,D00457,P,22,unclassified,d0133
D02581,D00474,P,23,unclassified,d0133
D02581,D00481,P,24,unclassified,d0133
D02581,D00506,P,25,unclassified,d0133
D02581,D00511,P,26,unclassified,d0133
D02581,D00520,CI,27,unclassified,d0133
D02581,D00531,P,28,unclassified,d0133
D02581,D00550,P,29,unclassified,d0133
D02581,D00563,CI,30,unclassified,d0133
D02581,D00593,P,31,unclassified,d0133
D02581,D00594,P,32,unclassified,d0133
D02581,D00625,P,33,unclassified,d0133
D02581,D00633,P,34,unclassified,d0133
D02581,D00665,P,35,unclassified,d0133
D02581,D00666,P,36,unclassified,d0133
D02581,D00668,P,37,unclassified,d0133
D02581,D00669,P,38,unclassified,d0133
D02581,D00672,P,39,unclassified,d0133
D02581,D00675,CI,40,unclassified,d0133
D02581,D00676,CI,41,Enzyme-Target: MAOA,d0133
D02581,D00677,P,42,unclassified,d0133
D02581,D00678,P,43,unclassified,d0133
D02581,D00694,P,44,unclassified,d0133
D02581,D00701,P,45,unclassified,d0133
D02581,D00713,P,46,unclassified,d0133
D02581,D00714,P,47,unclassified,d0133
D02581,D00720,P,48,unclassified,d0133
D02581,D00722,P,49,unclassified,d0133
D02581,D00744,P,50,unclassified,d0133
D02581,D00765,P,51,unclassified,d0133
D02581,D00770,P,52,unclassified,d0133
D02581,D00785,CI,53,unclassified,d0133
D02581,D00787,P,54,unclassified,d0133
D02581,D00809,CI,55,unclassified,d0133
D02581,D00811,CI,56,unclassified,d0133
D02581,D00815,CI,57,unclassified,d0133
D02581,D00816,CI,58,unclassified,d0133
D02581,D00818,CI,59,unclassified,d0133
D02581,D00820,P,60,unclassified,d0133
D02581,D00821,CI,61,unclassified,d0133
D02581,D00824,CI,62,unclassified,d0133
D02581,D00825,CI,63,unclassified,d0133
D02581,D00836,P,64,unclassified,d0133
D02581,D00839,P,65,unclassified,d0133
D02581,D00842,P,66,unclassified,d0133
D02581,D00944,P,67,unclassified,d0133
D02581,D00945,P,68,unclassified,d0133
D02581,D00947,P,69,unclassified,d0133
D02581,D01007,P,70,unclassified,d0133
D02581,D01008,CI,71,unclassified,d0133
D02581,D01021,CI,72,unclassified,d0133
D02581,D01022,P,73,unclassified,d0133
D02581,D01096,P,74,unclassified,d0133
D02581,D01107,CI,75,unclassified,d0133
D02581,D01111,P,76,unclassified,d0133
D02581,D01165,P,77,unclassified,d0133
D02581,D01179,CI,78,unclassified,d0133
D02581,D01226,P,79,unclassified,d0133
D02581,D01230,P,80,unclassified,d0133
D02581,D01245,P,81,unclassified,d0133
D02581,D01253,P,82,unclassified,d0133
D02581,D01268,P,83,unclassified,d0133
D02581,D01269,P,84,unclassified,d0133
D02581,D01277,P,85,unclassified,d0133
D02581,D01278,P,86,unclassified,d0133
D02581,D01280,P,87,unclassified,d0133
D02581,D01292,P,88,unclassified,d0133
D02581,D01293,P,89,unclassified,d0133
D02581,D01296,CI,90,unclassified,d0133
D02581,D01302,P,91,unclassified,d0133
D02581,D01324,P,92,unclassified,d0133
D02581,D01328,P,93,unclassified,d0133
D02581,D01347,CI,94,unclassified,d0133
D02581,D01355,CI,95,unclassified,d0133
D02581,D01358,CI,96,unclassified,d0133
D02581,D01383,CI,97,unclassified,d0133
D02581,D01386,P,98,unclassified,d0133
D02581,D01389,P,99,unclassified,d0133
D02581,D01399,P,100,unclassified,d0133
D02581,D01408,P,101,unclassified,d0133
D02581,D01451,P,102,unclassified,d0133
D02581,D01453,P,103,unclassified,d0133
D02581,D01481,P,104,unclassified,d0133
D02581,D01514,P,105,unclassified,d0133
D02581,D01564,P,106,unclassified,d0133
D02581,D01599,P,107,unclassified,d0133
D02581,D01657,P,108,unclassified,d0133
D02581,D01665,P,109,unclassified,d0133
D02581,D01744,P,110,unclassified,d0133
D02581,D01832,P,111,unclassified,d0133
D02581,D01854,P,112,unclassified,d0133
D02581,D01872,P,113,unclassified,d0133
D02581,D01875,P,114,unclassified,d0133
D02581,D01898,P,115,unclassified,d0133
D02581,D01903,P,116,unclassified,d0133
D02581,D02016,P,117,unclassified,d0133
D02581,D02034,CI,118,unclassified,d0133
D02581,D02064,P,119,unclassified,d0133
D02581,D02069,P,120,unclassified,d0133
D02581,D02076,P,121,unclassified,d0133
D02581,D02101,P,122,unclassified,d0133
D02581,D02102,P,123,unclassified,d0133
D02581,D02109,P,124,unclassified,d0133
D02581,D02234,P,125,unclassified,d0133
D02581,D02242,CI,126,unclassified,d0133
D02581,D02246,P,127,unclassified,d0133
D02581,D02247,P,128,unclassified,d0133
D02581,D02260,CI,129,unclassified,d0133
D02581,D02271,P,130,unclassified,d0133
D02581,D02408,CI,131,unclassified,d0133
D02581,D02409,P,132,unclassified,d0133
D02581,D02535,P,133,unclassified,d0133
D02581,D02562,CI,134,unclassified,d0133
D02581,D02567,CI,135,unclassified,d0133
D02581,D02574,CI,136,unclassified,d0133
D02581,D03230,P,137,unclassified,d0133
D02581,D03250,P,138,unclassified,d0133
D02581,D03855,CI,139,unclassified,d0133
D02581,D04044,P,140,unclassified,d0133
D02581,D04052,P,141,unclassified,d0133
D02581,D04062,P,142,unclassified,d0133
D02581,D04081,P,143,unclassified,d0133
D02581,D04148,CI,144,unclassified,d0133
D02581,D04251,CI,145,unclassified,d0133
D02581,D04259,P,146,unclassified,d0133
D02581,D04261,P,147,unclassified,d0133
D02581,D04313,P,148,unclassified,d0133
D02581,D04342,P,149,unclassified,d0133
D02581,D04364,P,150,unclassified,d0133
D02581,D04447,P,151,unclassified,d0133
D02581,D04475,P,152,unclassified,d0133
D02581,D04477,P,153,unclassified,d0133
D02581,D04539,P,154,unclassified,d0133
D02581,D04540,P,155,unclassified,d0133
D02581,D04547,P,156,unclassified,d0133
D02581,D04747,CI,157,unclassified,d0133
D02581,D04813,P,158,unclassified,d0133
D02581,D05462,P,159,unclassified,d0133
D02581,D06273,P,160,unclassified,d0133
D02581,D06553,P,161,unclassified,d0133
D02581,D06645,P,162,unclassified,d0133
D02581,D06698,P,163,unclassified,d0133
D02581,D06921,P,164,unclassified,d0133
D02581,D06927,P,165,unclassified,d0133
D02581,D06928,P,166,unclassified,d0133
D02581,D06951,P,167,unclassified,d0133
D02581,D06953,P,168,unclassified,d0133
D02581,D06955,P,169,unclassified,d0133
D02581,D06956,P,170,unclassified,d0133
D02581,D06987,P,171,unclassified,d0133
D02581,D06994,P,172,unclassified,d0133
D02581,D07041,P,173,unclassified,d0133
D02581,D07042,P,174,unclassified,d0133
D02581,D07043,P,175,unclassified,d0133
D02581,D07044,P,176,unclassified,d0133
D02581,D07045,P,177,unclassified,d0133
D02581,D07048,P,178,unclassified,d0133
D02581,D07080,P,179,unclassified,d0133
D02581,D07132,P,180,unclassified,d0133
D02581,D07583,P,181,unclassified,d0133
D02581,D08080,P,182,unclassified,d0133
D02581,D08575,CI,183,unclassified,d0133
D02581,D08695,P,184,unclassified,d0133
D02581,D08769,P,185,unclassified,d0133
D02581,D08897,P,186,unclassified,d0133
D02581,D08923,P,187,unclassified,d0133
D02581,D09186,P,188,unclassified,d0133
D02581,D09319,P,189,unclassified,d0133
D02581,D09566,P,190,unclassified,d0133
D02581,D09592,P,191,unclassified,d0133
D02581,D09727,P,192,unclassified,d0133
D02581,D09744,P,193,unclassified,d0133
D02581,D09753,P,194,unclassified,d0133
D02581,D09756,P,195,unclassified,d0133
D02581,D09763,P,196,unclassified,d0133
D02581,D09780,P,197,unclassified,d0133
D02581,D09848,P,198,unclassified,d0133
D02581,D09889,P,199,unclassified,d0133
D02581,D09978,P,200,unclassified,d0133
D02581,D09999,CI,201,unclassified,d0133
D02581,D10159,P,202,unclassified,d0133
D02581,D10160,P,203,unclassified,d0133
D02581,D10179,P,204,unclassified,d0133
D02581,D10185,CI,205,unclassified,d0133
D02581,D10191,CI,206,Enzyme-Target: MAOA,d0133
D02581,D10195,P,207,unclassified,d0133
D02581,D10200,P,208,unclassified,d0133
D02581,D10253,P,209,unclassified,d0133
D02581,D10298,P,210,unclassified,d0133
D02581,D10317,P,211,unclassified,d0133
D02581,D10424,P,212,unclassified,d0133
D02581,D10459,P,213,unclassified,d0133
D02581,D10505,P,214,unclassified,d0133
D02581,D10570,P,215,unclassified,d0133
D02581,D10588,P,216,unclassified,d0133
D02581,D10743,P,217,unclassified,d0133
D02581,D10744,P,218,unclassified,d0133
D02581,D10854,P,219,unclassified,d0133
D02581,D10897,P,220,unclassified,d0133
D02581,D10967,P,221,unclassified,d0133
D02581,D10999,P,222,unclassified,d0133
D02581,D11034,P,223,unclassified,d0133
D02581,D11064,P,224,unclassified,d0133
D02581,D11109,P,225,unclassified,d0133
D02581,D11290,P,226,unclassified,d0133
D02581,D11567,P,227,unclassified,d0133
D02581,D11807,P,228,unclassified,d0133
D02581,D11861,P,229,unclassified,d0133
D02581,D11862,P,230,unclassified,d0133
D02581,D12358,P,231,unclassified,d0133
D02581,D12437,P,232,unclassified,d0133
D02581,D13245,P,233,unclassified,d0133
D02787,D00076,P,1,unclassified,d0060
D02787,D00095,P,2,unclassified,d0060
D02787,D00109,P,3,unclassified,d0060
D02787,D00126,P,4,unclassified,d0060
D02787,D00132,P,5,unclassified,d0060
D02787,D00228,P,6,Target: SLC6A4,d0060
D02787,D00252,P,7,unclassified,d0060
D02787,D00255,P,8,unclassified,d0060
D02787,D00295,P,9,unclassified,d0060
D02787,D00311,P,10,unclassified,d0060
D02787,D00320,P,11,unclassified,d0060
D02787,D00415,P,12,unclassified,d0060
D02787,D00451,P,13,unclassified,d0060
D02787,D00563,P,14,unclassified,d0060
D02787,D00601,P,15,unclassified,d0060
D02787,D00603,P,16,unclassified,d0060
D02787,D00605,P,17,unclassified,d0060
D02787,D00674,P,18,unclassified,d0060
D02787,D00675,P,19,unclassified,d0060
D02787,D00676,P,20,unclassified,d0060
D02787,D00677,P,21,unclassified,d0060
D02787,D00678,P,22,unclassified,d0060
D02787,D00754,P,23,unclassified,d0060
D02787,D00769,P,24,unclassified,d0060
D02787,D00785,CI,25,unclassified,d0060
D02787,D00801,P,26,unclassified,d0060
D02787,D00809,P,27,Target: SLC6A4,d0060
D02787,D00811,P,28,Target: SLC6A4,d0060
D02787,D00815,P,29,Target: SLC6A4,d0060
D02787,D00818,P,30,unclassified,d0060
D02787,D00820,P,31,Target: SLC6A4,d0060
D02787,D00821,P,32,Target: SLC6A4,d0060
D02787,D00824,P,33,Target: SLC6A4,d0060
D02787,D00848,P,34,unclassified,d0060
D02787,D00904,P,35,unclassified,d0060
D02787,D00947,P,36,unclassified,d0060
D02787,D00966,P,37,unclassified,d0060
D02787,D00969,P,38,unclassified,d0060
D02787,D01028,P,39,unclassified,d0060
D02787,D01179,P,40,Target: SLC6A4,d0060
D02787,D01280,P,41,unclassified,d0060
D02787,D01296,P,42,unclassified,d0060
D02787,D01355,P,43,unclassified,d0060
D02787,D01383,P,44,unclassified,d0060
D02787,D01399,P,45,unclassified,d0060
D02787,D01973,P,46,unclassified,d0060
D02787,D01992,P,47,unclassified,d0060
D02787,D02102,P,48,unclassified,d0060
D02787,D02106,P,49,unclassified,d0060
D02787,D02234,P,50,unclassified,d0060
D02787,D02235,P,51,unclassified,d0060
D02787,D02260,P,52,Target: SLC6A4,d0060
D02787,D02484,P,53,unclassified,d0060
D02787,D02562,CI,54,unclassified,d0060
D02787,D02567,P,55,Target: SLC6A4,d0060
D02787,D03855,P,56,unclassified,d0060
D02787,D03960,P,57,unclassified,d0060
D02787,D04052,P,58,unclassified,d0060
D02787,D04148,P,59,Target: SLC6A4,d0060
D02787,D04340,P,60,unclassified,d0060
D02787,D04747,P,61,unclassified,d0060
D02787,D05928,P,62,unclassified,d0060
D02787,D06405,P,63,unclassified,d0060
D02787,D07082,P,64,unclassified,d0060
D02787,D07086,P,65,unclassified,d0060
D02787,D07505,P,66,unclassified,d0060
D02787,D08493,P,67,unclassified,d0060
D02787,D09546,P,68,unclassified,d0060
D02787,D09686,P,69,unclassified,d0060
D02787,D09815,P,70,unclassified,d0060
D02787,D09999,P,71,unclassified,d0060
D02787,D10014,P,72,unclassified,d0060
D02787,D10185,P,73,Target: SLC6A4,d0060
D02787,D10191,CI,74,unclassified,d0060
D02787,D10298,P,75,unclassified,d0060
D02787,D10424,P,76,unclassified,d0060
D02787,D10512,P,77,unclassified,d0060
D02787,D10513,P,78,unclassified,d0060
D02787,D10527,P,79,unclassified,d0060
D02787,D10537,P,80,unclassified,d0060
D02787,D10569,P,81,unclassified,d0060
D02787,D10793,P,82,unclassified,d0060
D02787,D11804,P,83,unclassified,d0060
D03239,D00076,P,1,unclassified,d0122
D03239,D00095,P,2,unclassified,d0122
D03239,D00216,P,3,unclassified,d0122
D03239,D00225,P,4,unclassified,d0122
D03239,D00228,CI,5,unclassified,d0122
D03239,D00265,P,6,unclassified,d0122
D03239,D00267,P,7,unclassified,d0122
D03239,D00280,P,8,unclassified,d0122
D03239,D00283,P,9,unclassified,d0122
D03239,D00293,P,10,unclassified,d0122
D03239,D00308,P,11,unclassified,d0122
D03239,D00311,P,12,unclassified,d0122
D03239,D00320,P,13,unclassified,d0122
D03239,D00336,P,14,unclassified,d0122
D03239,D00365,P,15,unclassified,d0122
D03239,D00367,CI,16,unclassified,d0122
D03239,D00387,P,17,unclassified,d0122
D03239,D00388,P,18,unclassified,d0122
D03239,D00402,P,19,unclassified,d0122
D03239,D00415,CI,20,Enzyme-Target: MAOA,d0122
D03239,D00451,CI,21,Enzyme-Target: MAOA,d0122
D03239,D00457,P,22,unclassified,d0122
D03239,D00474,P,23,unclassified,d0122
D03239,D00481,P,24,unclassified,d0122
D03239,D00487,P,25,Target: ACHE,d0122
D03239,D00506,P,26,unclassified,d0122
D03239,D00511,P,27,unclassified,d0122
D03239,D00520,CI,28,unclassified,d0122
D03239,D00531,P,29,unclassified,d0122
D03239,D00550,P,30,unclassified,d0122
D03239,D00563,CI,31,unclassified,d0122
D03239,D00593,P,32,unclassified,d0122
D03239,D00594,P,33,unclassified,d0122
D03239,D00625,P,34,unclassified,d0122
D03239,D00633,P,35,Enzyme-Target: MAOB,d0122
D03239,D00644,P,36,unclassified,d0122
D03239,D00661,P,37,unclassified,d0122
D03239,D00665,P,38,unclassified,d0122
D03239,D00666,P,39,unclassified,d0122
D03239,D00668,P,40,unclassified,d0122
D03239,D00669,P,41,unclassified,d0122
D03239,D00670,P,42,Target: ACHE,d0122
D03239,D00672,P,43,unclassified,d0122
D03239,D00675,CI,44,unclassified,d0122
D03239,D00676,CI,45,Enzyme-Target: MAOA,d0122
D03239,D00677,P,46,unclassified,d0122
D03239,D00678,P,47,unclassified,d0122
D03239,D00694,P,48,unclassified,d0122
D03239,D00701,P,49,unclassified,d0122
D03239,D00713,P,50,unclassified,d0122
D03239,D00714,P,51,unclassified,d0122
D03239,D00720,P,52,unclassified,d0122
D03239,D00722,P,53,unclassified,d0122
D03239,D00744,P,54,unclassified,d0122
D03239,D00765,P,55,unclassified,d0122
D03239,D00770,P,56,unclassified,d0122
D03239,D00785,CI,57,Target: MAOB,d0122
D03239,D00787,P,58,unclassified,d0122
D03239,D00809,CI,59,unclassified,d0122
D03239,D00811,CI,60,unclassified,d0122
D03239,D00815,CI,61,unclassified,d0122
D03239,D00816,CI,62,unclassified,d0122
D03239,D00818,CI,63,unclassified,d0122
D03239,D00820,P,64,unclassified,d0122
D03239,D00821,CI,65,unclassified,d0122
D03239,D00824,CI,66,unclassified,d0122
D03239,D00825,CI,67,unclassified,d0122
D03239,D00836,P,68,unclassified,d0122
D03239,D00839,P,69,unclassified,d0122
D03239,D00842,P,70,unclassified,d0122
D03239,D00944,P,71,unclassified,d0122
D03239,D00945,P,72,unclassified,d0122
D03239,D00947,P,73,unclassified,d0122
D03239,D00999,P,74,Enzyme-Target: ACHE,d0122
D03239,D01000,P,75,unclassified,d0122
D03239,D01001,P,76,Target: ACHE,d0122
D03239,D01007,P,77,unclassified,d0122
D03239,D01008,CI,78,unclassified,d0122
D03239,D01021,CI,79,unclassified,d0122
D03239,D01022,P,80,unclassified,d0122
D03239,D01096,P,81,unclassified,d0122
D03239,D01107,CI,82,unclassified,d0122
D03239,D01111,P,83,unclassified,d0122
D03239,D01165,P,84,unclassified,d0122
D03239,D01179,CI,85,unclassified,d0122
D03239,D01226,P,86,unclassified,d0122
D03239,D01228,P,87,Target: ACHE,d0122
D03239,D01230,P,88,unclassified,d0122
D03239,D01245,P,89,unclassified,d0122
D03239,D01253,P,90,unclassified,d0122
D03239,D01268,P,91,unclassified,d0122
D03239,D01269,P,92,unclassified,d0122
D03239,D01277,P,93,unclassified,d0122
D03239,D01278,P,94,unclassified,d0122
D03239,D01280,P,95,unclassified,d0122
D03239,D01292,P,96,unclassified,d0122
D03239,D01293,P,97,unclassified,d0122
D03239,D01296,CI,98,unclassified,d0122
D03239,D01302,P,99,unclassified,d0122
D03239,D01324,P,100,unclassified,d0122
D03239,D01328,P,101,unclassified,d0122
D03239,D01347,CI,102,unclassified,d0122
D03239,D01355,CI,103,unclassified,d0122
D03239,D01358,CI,104,unclassified,d0122
D03239,D01383,CI,105,unclassified,d0122
D03239,D01386,P,106,unclassified,d0122
D03239,D01389,P,107,unclassified,d0122
D03239,D01399,P,108,unclassified,d0122
D03239,D01408,P,109,unclassified,d0122
D03239,D01451,P,110,unclassified,d0122
D03239,D01453,P,111,unclassified,d0122
D03239,D01481,P,112,unclassified,d0122
D03239,D01514,P,113,unclassified,d0122
D03239,D01564,P,114,unclassified,d0122
D03239,D01599,P,115,unclassified,d0122
D03239,D01657,P,116,unclassified,d0122
D03239,D01665,P,117,unclassified,d0122
D03239,D01744,P,118,unclassified,d0122
D03239,D01832,P,119,unclassified,d0122
D03239,D01847,P,120,unclassified,d0122
D03239,D01854,P,121,unclassified,d0122
D03239,D01872,P,122,unclassified,d0122
D03239,D01875,P,123,unclassified,d0122
D03239,D01898,P,124,unclassified,d0122
D03239,D01903,P,125,unclassified,d0122
D03239,D02016,P,126,unclassified,d0122
D03239,D02034,CI,127,unclassified,d0122
D03239,D02064,P,128,unclassified,d0122
D03239,D02069,P,129,unclassified,d0122
D03239,D02076,P,130,unclassified,d0122
D03239,D02101,P,131,unclassified,d0122
D03239,D02102,P,132,unclassified,d0122
D03239,D02109,P,133,unclassified,d0122
D03239,D02173,P,134,Target: ACHE,d0122
D03239,D02200,P,135,unclassified,d0122
D03239,D02234,P,136,unclassified,d0122
D03239,D02242,CI,137,unclassified,d0122
D03239,D02246,P,138,unclassified,d0122
D03239,D02247,P,139,unclassified,d0122
D03239,D02260,CI,140,unclassified,d0122
D03239,D02271,P,141,unclassified,d0122
D03239,D02275,P,142,unclassified,d0122
D03239,D02408,CI,143,unclassified,d0122
D03239,D02409,P,144,unclassified,d0122
D03239,D02535,P,145,unclassified,d0122
D03239,D02562,CI,146,Target: MAOB,d0122
D03239,D02567,CI,147,unclassified,d0122
D03239,D02574,CI,148,unclassified,d0122
D03239,D03230,P,149,unclassified,d0122
D03239,D03250,P,150,unclassified,d0122
D03239,D03822,P,151,Target: ACHE BCHE,d0122
D03239,D03855,CI,152,unclassified,d0122
D03239,D04044,P,153,unclassified,d0122
D03239,D04052,P,154,unclassified,d0122
D03239,D04062,P,155,unclassified,d0122
D03239,D04081,P,156,unclassified,d0122
D03239,D04148,CI,157,unclassified,d0122
D03239,D04251,CI,158,unclassified,d0122
D03239,D04259,P,159,unclassified,d0122
D03239,D04261,P,160,unclassified,d0122
D03239,D04313,P,161,unclassified,d0122
D03239,D04342,P,162,unclassified,d0122
D03239,D04364,P,163,unclassified,d0122
D03239,D04447,P,164,unclassified,d0122
D03239,D04475,P,165,unclassified,d0122
D03239,D04477,P,166,unclassified,d0122
D03239,D04539,P,167,unclassified,d0122
D03239,D04540,P,168,unclassified,d0122
D03239,D04547,P,169,unclassified,d0122
D03239,D04747,CI,170,unclassified,d0122
D03239,D04813,P,171,unclassified,d0122
D03239,D04970,P,172,unclassified,d0122
D03239,D05462,P,173,unclassified,d0122
D03239,D06273,P,174,unclassified,d0122
D03239,D06553,P,175,unclassified,d0122
D03239,D06645,P,176,unclassified,d0122
D03239,D06698,P,177,unclassified,d0122
D03239,D06921,P,178,unclassified,d0122
D03239,D06927,P,179,unclassified,d0122
D03239,D06928,P,180,unclassified,d0122
D03239,D06951,P,181,unclassified,d0122
D03239,D06953,P,182,unclassified,d0122
D03239,D06955,P,183,unclassified,d0122
D03239,D06956,P,184,unclassified,d0122
D03239,D06987,P,185,unclassified,d0122
D03239,D06994,P,186,unclassified,d0122
D03239,D07041,P,187,unclassified,d0122
D03239,D07042,P,188,unclassified,d0122
D03239,D07043,P,189,unclassified,d0122
D03239,D07044,P,190,unclassified,d0122
D03239,D07045,P,191,unclassified,d0122
D03239,D07048,P,192,unclassified,d0122
D03239,D07080,P,193,unclassified,d0122
D03239,D07132,P,194,unclassified,d0122
D03239,D07583,P,195,unclassified,d0122
D03239,D07869,P,196,Target: ACHE,d0122
D03239,D08080,P,197,unclassified,d0122
D03239,D08575,CI,198,unclassified,d0122
D03239,D08695,P,199,unclassified,d0122
D03239,D08769,P,200,unclassified,d0122
D03239,D08838,P,201,Target: ACHE,d0122
D03239,D08897,P,202,unclassified,d0122
D03239,D08923,P,203,unclassified,d0122
D03239,D09186,P,204,unclassified,d0122
D03239,D09319,P,205,unclassified,d0122
D03239,D09566,P,206,unclassified,d0122
D03239,D09592,P,207,unclassified,d0122
D03239,D09727,P,208,unclassified,d0122
D03239,D09744,P,209,unclassified,d0122
D03239,D09753,P,210,unclassified,d0122
D03239,D09756,P,211,unclassified,d0122
D03239,D09763,P,212,unclassified,d0122
D03239,D09780,P,213,unclassified,d0122
D03239,D09848,P,214,unclassified,d0122
D03239,D09889,P,215,unclassified,d0122
D03239,D09978,P,216,unclassified,d0122
D03239,D09999,CI,217,unclassified,d0122
D03239,D10159,P,218,unclassified,d0122
D03239,D10160,P,219,unclassified,d0122
D03239,D10179,P,220,unclassified,d0122
D03239,D10185,CI,221,unclassified,d0122
D03239,D10191,CI,222,Target: MAOB / Enzyme-Target: MAOA,d0122
D03239,D10195,P,223,unclassified,d0122
D03239,D10200,P,224,unclassified,d0122
D03239,D10253,P,225,unclassified,d0122
D03239,D10298,P,226,unclassified,d0122
D03239,D10317,P,227,unclassified,d0122
D03239,D10424,P,228,unclassified,d0122
D03239,D10459,P,229,unclassified,d0122
D03239,D10505,P,230,unclassified,d0122
D03239,D10570,P,231,unclassified,d0122
D03239,D10588,P,232,unclassified,d0122
D03239,D10689,P,233,unclassified,d0122
D03239,D10743,P,234,unclassified,d0122
D03239,D10744,P,235,unclassified,d0122
D03239,D10854,P,236,unclassified,d0122
D03239,D10897,P,237,unclassified,d0122
D03239,D10967,P,238,unclassified,d0122
D03239,D10999,P,239,unclassified,d0122
D03239,D11034,P,240,unclassified,d0122
D03239,D11064,P,241,unclassified,d0122
D03239,D11109,P,242,unclassified,d0122
D03239,D11290,P,243,unclassified,d0122
D03239,D11567,P,244,unclassified,d0122
D03239,D11807,P,245,unclassified,d0122
D03239,D11861,P,246,unclassified,d0122
D03239,D11862,P,247,unclassified,d0122
D03239,D12358,P,248,unclassified,d0122
D03239,D12437,P,249,unclassified,d0122
D03239,D13245,P,250,unclassified,d0122
D03248,D00076,P,1,unclassified,d0134
D03248,D00095,P,2,unclassified,d0134
D03248,D00216,P,3,unclassified,d0134
D03248,D00225,P,4,unclassified,d0134
D03248,D00228,CI,5,unclassified,d0134
D03248,D00265,P,6,unclassified,d0134
D03248,D00267,P,7,unclassified,d0134
D03248,D00280,P,8,unclassified,d0134
D03248,D00283,P,9,unclassified,d0134
D03248,D00293,P,10,unclassified,d0134
D03248,D00308,P,11,unclassified,d0134
D03248,D00311,P,12,unclassified,d0134
D03248,D00320,P,13,unclassified,d0134
D03248,D00336,P,14,unclassified,d0134
D03248,D00365,P,15,unclassified,d0134
D03248,D00367,CI,16,unclassified,d0134
D03248,D00387,P,17,unclassified,d0134
D03248,D00388,P,18,unclassified,d0134
D03248,D00402,P,19,unclassified,d0134
D03248,D00415,CI,20,Enzyme-Target: MAOA,d0134
D03248,D00451,CI,21,Enzyme-Target: MAOA,d0134
D03248,D00457,P,22,unclassified,d0134
D03248,D00474,P,23,unclassified,d0134
D03248,D00481,P,24,unclassified,d0134
D03248,D00506,P,25,unclassified,d0134
D03248,D00511,P,26,unclassified,d0134
D03248,D00520,CI,27,unclassified,d0134
D03248,D00531,P,28,unclassified,d0134
D03248,D00550,P,29,unclassified,d0134
D03248,D00563,CI,30,unclassified,d0134
D03248,D00593,P,31,unclassified,d0134
D03248,D00594,P,32,unclassified,d0134
D03248,D00625,P,33,unclassified,d0134
D03248,D00633,P,34,unclassified,d0134
D03248,D00665,P,35,unclassified,d0134
D03248,D00666,P,36,unclassified,d0134
D03248,D00668,P,37,unclassified,d0134
D03248,D00669,P,38,unclassified,d0134
D03248,D00672,P,39,unclassified,d0134
D03248,D00675,CI,40,unclassified,d0134
D03248,D00676,CI,41,Enzyme-Target: MAOA,d0134
D03248,D00677,P,42,unclassified,d0134
D03248,D00678,P,43,unclassified,d0134
D03248,D00694,P,44,unclassified,d0134
D03248,D00701,P,45,unclassified,d0134
D03248,D00713,P,46,unclassified,d0134
D03248,D00714,P,47,unclassified,d0134
D03248,D00720,P,48,unclassified,d0134
D03248,D00722,P,49,unclassified,d0134
D03248,D00744,P,50,unclassified,d0134
D03248,D00765,P,51,unclassified,d0134
D03248,D00770,P,52,unclassified,d0134
D03248,D00785,CI,53,unclassified,d0134
D03248,D00787,P,54,unclassified,d0134
D03248,D00809,CI,55,unclassified,d0134
D03248,D00811,CI,56,unclassified,d0134
D03248,D00815,CI,57,unclassified,d0134
D03248,D00816,CI,58,unclassified,d0134
D03248,D00818,CI,59,unclassified,d0134
D03248,D00820,P,60,unclassified,d0134
D03248,D00821,CI,61,unclassified,d0134
D03248,D00824,CI,62,unclassified,d0134
D03248,D00825,CI,63,unclassified,d0134
D03248,D00836,P,64,unclassified,d0134
D03248,D00839,P,65,unclassified,d0134
D03248,D00842,P,66,unclassified,d0134
D03248,D00944,P,67,unclassified,d0134
D03248,D00945,P,68,unclassified,d0134
D03248,D00947,P,69,unclassified,d0134
D03248,D01007,P,70,unclassified,d0134
D03248,D01008,CI,71,unclassified,d0134
D03248,D01021,CI,72,unclassified,d0134
D03248,D01022,P,73,unclassified,d0134
D03248,D01096,P,74,unclassified,d0134
D03248,D01107,CI,75,unclassified,d0134
D03248,D01111,P,76,unclassified,d0134
D03248,D01165,P,77,unclassified,d0134
D03248,D01179,CI,78,unclassified,d0134
D03248,D01226,P,79,unclassified,d0134
D03248,D01230,P,80,unclassified,d0134
D03248,D01245,P,81,unclassified,d0134
D03248,D01253,P,82,unclassified,d0134
D03248,D01268,P,83,unclassified,d0134
D03248,D01269,P,84,unclassified,d0134
D03248,D01277,P,85,unclassified,d0134
D03248,D01278,P,86,unclassified,d0134
D03248,D01280,P,87,unclassified,d0134
D03248,D01292,P,88,unclassified,d0134
D03248,D01293,P,89,unclassified,d0134
D03248,D01296,CI,90,unclassified,d0134
D03248,D01302,P,91,unclassified,d0134
D03248,D01324,P,92,unclassified,d0134
D03248,D01328,P,93,unclassified,d0134
D03248,D01347,CI,94,unclassified,d0134
D03248,D01355,CI,95,unclassified,d0134
D03248,D01358,CI,96,unclassified,d0134
D03248,D01383,CI,97,unclassified,d0134
D03248,D01386,P,98,unclassified,d0134
D03248,D01389,P,99,unclassified,d0134
D03248,D01399,P,100,unclassified,d0134
D03248,D01408,P,101,unclassified,d0134
D03248,D01451,P,102,unclassified,d0134
D03248,D01453,P,103,unclassified,d0134
D03248,D01481,P,104,unclassified,d0134
D03248,D01514,P,105,unclassified,d0134
D03248,D01564,P,106,unclassified,d0134
D03248,D01599,P,107,unclassified,d0134
D03248,D01657,P,108,unclassified,d0134
D03248,D01665,P,109,unclassified,d0134
D03248,D01744,P,110,unclassified,d0134
D03248,D01832,P,111,unclassified,d0134
D03248,D01854,P,112,unclassified,d0134
D03248,D01872,P,113,unclassified,d0134
D03248,D01875,P,114,unclassified,d0134
D03248,D01898,P,115,unclassified,d0134
D03248,D01903,P,116,unclassified,d0134
D03248,D02016,P,117,unclassified,d0134
D03248,D02034,CI,118,unclassified,d0134
D03248,D02064,P,119,unclassified,d0134
D03248,D02069,P,120,unclassified,d0134
D03248,D02076,P,121,unclassified,d0134
D03248,D02101,P,122,unclassified,d0134
D03248,D02102,P,123,unclassified,d0134
D03248,D02109,P,124,unclassified,d0134
D03248,D02234,P,125,unclassified,d0134
D03248,D02242,CI,126,unclassified,d0134
D03248,D02246,P,127,unclassified,d0134
D03248,D02247,P,128,unclassified,d0134
D03248,D02260,CI,129,unclassified,d0134
D03248,D02271,P,130,unclassified,d0134
D03248,D02408,CI,131,unclassified,d0134
D03248,D02409,P,132,unclassified,d0134
D03248,D02535,P,133,unclassified,d0134
D03248,D02562,CI,134,unclassified,d0134
D03248,D02567,CI,135,unclassified,d0134
D03248,D02574,CI,136,unclassified,d0134
D03248,D03230,P,137,unclassified,d0134
D03248,D03250,P,138,unclassified,d0134
D03248,D03855,CI,139,unclassified,d0134
D03248,D04044,P,140,unclassified,d0134
D03248,D04052,P,141,unclassified,d0134
D03248,D04062,P,142,unclassified,d0134
D03248,D04081,P,143,unclassified,d0134
D03248,D04148,CI,144,unclassified,d0134
D03248,D04251,CI,145,unclassified,d0134
D03248,D04259,P,146,unclassified,d0134
D03248,D04261,P,147,unclassified,d0134
D03248,D04313,P,148,unclassified,d0134
D03248,D04342,P,149,unclassified,d0134
D03248,D04364,P,150,unclassified,d0134
D03248,D04447,P,151,unclassified,d0134
D03248,D04475,P,152,unclassified,d0134
D03248,D04477,P,153,unclassified,d0134
D03248,D04539,P,154,unclassified,d0134
D03248,D04540,P,155,unclassified,d0134
D03248,D04547,P,156,unclassified,d0134
D03248,D04747,CI,157,unclassified,d0134
D03248,D04813,P,158,unclassified,d0134
D03248,D05462,P,159,unclassified,d0134
D03248,D06273,P,160,unclassified,d0134
D03248,D06553,P,161,unclassified,d0134
D03248,D06645,P,162,unclassified,d0134
D03248,D06698,P,163,unclassified,d0134
D03248,D06921,P,164,unclassified,d0134
D03248,D06927,P,165,unclassified,d0134
D03248,D06928,P,166,unclassified,d0134
D03248,D06951,P,167,unclassified,d0134
D03248,D06953,P,168,unclassified,d0134
D03248,D06955,P,169,unclassified,d0134
D03248,D06956,P,170,unclassified,d0134
D03248,D06987,P,171,unclassified,d0134
D03248,D06994,P,172,unclassified,d0134
D03248,D07041,P,173,unclassified,d0134
D03248,D07042,P,174,unclassified,d0134
D03248,D07043,P,175,unclassified,d0134
D03248,D07044,P,176,unclassified,d0134
D03248,D07045,P,177,unclassified,d0134
D03248,D07048,P,178,unclassified,d0134
D03248,D07080,P,179,unclassified,d0134
D03248,D07132,P,180,unclassified,d0134
D03248,D07583,P,181,unclassified,d0134
D03248,D08080,P,182,unclassified,d0134
D03248,D08575,CI,183,unclassified,d0134
D03248,D08695,P,184,unclassified,d0134
D03248,D08769,P,185,unclassified,d0134
D03248,D08897,P,186,unclassified,d0134
D03248,D08923,P,187,unclassified,d0134
D03248,D09186,P,188,unclassified,d0134
D03248,D09319,P,189,unclassified,d0134
D03248,D09566,P,190,unclassified,d0134
D03248,D09592,P,191,unclassified,d0134
D03248,D09727,P,192,unclassified,d0134
D03248,D09744,P,193,unclassified,d0134
D03248,D09753,P,194,unclassified,d0134
D03248,D09756,P,195,unclassified,d0134
D03248,D09763,P,196,unclassified,d0134
D03248,D09780,P,197,unclassified,d0134
D03248,D09848,P,198,unclassified,d0134
D03248,D09889,P,199,unclassified,d0134
D03248,D09978,P,200,unclassified,d0134
D03248,D09999,CI,201,unclassified,d0134
D03248,D10159,P,202,unclassified,d0134
D03248,D10160,P,203,unclassified,d0134
D03248,D10179,P,204,unclassified,d0134
D03248,D10185,CI,205,unclassified,d0134
D03248,D10191,CI,206,Enzyme-Target: MAOA,d0134
D03248,D10195,P,207,unclassified,d0134
D03248,D10200,P,208,unclassified,d0134
D03248,D10253,P,209,unclassified,d0134
D03248,D10298,P,210,unclassified,d0134
D03248,D10317,P,211,unclassified,d0134
D03248,D10424,P,212,unclassified,d0134
D03248,D10459,P,213,unclassified,d0134
D03248,D10505,P,214,unclassified,d0134
D03248,D10570,P,215,unclassified,d0134
D03248,D10588,P,216,unclassified,d0134
D03248,D10743,P,217,unclassified,d0134
D03248,D10744,P,218,unclassified,d0134
D03248,D10854,P,219,unclassified,d0134
D03248,D10897,P,220,unclassified,d0134
D03248,D10967,P,221,unclassified,d0134
D03248,D10999,P,222,unclassified,d0134
D03248,D11034,P,223,unclassified,d0134
D03248,D11064,P,224,unclassified,d0134
D03248,D11109,P,225,unclassified,d0134
D03248,D11290,P,226,unclassified,d0134
D03248,D11567,P,227,unclassified,d0134
D03248,D11807,P,228,unclassified,d0134
D03248,D11861,P,229,unclassified,d0134
D03248,D11862,P,230,unclassified,d0134
D03248,D12358,P,231,unclassified,d0134
D03248,D12437,P,232,unclassified,d0134
D03248,D13245,P,233,unclassified,d0134
D03409,D00076,P,1,unclassified,d0123
D03409,D00095,P,2,unclassified,d0123
D03409,D00216,P,3,unclassified,d0123
D03409,D00225,P,4,unclassified,d0123
D03409,D00228,CI,5,unclassified,d0123
D03409,D00265,P,6,unclassified,d0123
D03409,D00267,P,7,unclassified,d0123
D03409,D00280,P,8,unclassified,d0123
D03409,D00283,P,9,unclassified,d0123
D03409,D00293,P,10,unclassified,d0123
D03409,D00308,P,11,unclassified,d0123
D03409,D00311,P,12,unclassified,d0123
D03409,D00320,P,13,unclassified,d0123
D03409,D00336,P,14,unclassified,d0123
D03409,D00365,P,15,unclassified,d0123
D03409,D00367,CI,16,unclassified,d0123
D03409,D00387,P,17,unclassified,d0123
D03409,D00388,P,18,unclassified,d0123
D03409,D00402,P,19,unclassified,d0123
D03409,D00415,CI,20,Enzyme-Target: MAOA,d0123
D03409,D00451,CI,21,Enzyme-Target: MAOA,d0123
D03409,D00457,P,22,unclassified,d0123
D03409,D00474,P,23,unclassified,d0123
D03409,D00481,P,24,unclassified,d0123
D03409,D00506,P,25,unclassified,d0123
D03409,D00511,P,26,unclassified,d0123
D03409,D00520,CI,27,unclassified,d0123
D03409,D00531,P,28,unclassified,d0123
D03409,D00550,P,29,unclassified,d0123
D03409,D00563,CI,30,unclassified,d0123
D03409,D00593,P,31,unclassified,d0123
D03409,D00594,P,32,unclassified,d0123
D03409,D00625,P,33,unclassified,d0123
D03409,D00633,P,34,Enzyme-Target: MAOB,d0123
D03409,D00665,P,35,unclassified,d0123
D03409,D00666,P,36,unclassified,d0123
D03409,D00668,P,37,unclassified,d0123
D03409,D00669,P,38,unclassified,d0123
D03409,D00672,P,39,unclassified,d0123
D03409,D00675,CI,40,unclassified,d0123
D03409,D00676,CI,41,Enzyme-Target: MAOA,d0123
D03409,D00677,P,42,unclassified,d0123
D03409,D00678,P,43,unclassified,d0123
D03409,D00694,P,44,unclassified,d0123
D03409,D00701,P,45,unclassified,d0123
D03409,D00713,P,46,unclassified,d0123
D03409,D00714,P,47,unclassified,d0123
D03409,D00720,P,48,unclassified,d0123
D03409,D00722,P,49,unclassified,d0123
D03409,D00744,P,50,unclassified,d0123
D03409,D00765,P,51,unclassified,d0123
D03409,D00770,P,52,unclassified,d0123
D03409,D00785,CI,53,Target: MAOB,d0123
D03409,D00787,P,54,unclassified,d0123
D03409,D00809,CI,55,unclassified,d0123
D03409,D00811,CI,56,unclassified,d0123
D03409,D00815,CI,57,unclassified,d0123
D03409,D00816,CI,58,unclassified,d0123
D03409,D00818,CI,59,unclassified,d0123
D03409,D00820,P,60,unclassified,d0123
D03409,D00821,CI,61,unclassified,d0123
D03409,D00824,CI,62,unclassified,d0123
D03409,D00825,CI,63,unclassified,d0123
D03409,D00836,P,64,unclassified,d0123
D03409,D00839,P,65,unclassified,d0123
D03409,D00842,P,66,unclassified,d0123
D03409,D00944,P,67,unclassified,d0123
D03409,D00945,P,68,unclassified,d0123
D03409,D00947,P,69,unclassified,d0123
D03409,D01007,P,70,unclassified,d0123
D03409,D01008,CI,71,unclassified,d0123
D03409,D01021,CI,72,unclassified,d0123
D03409,D01022,P,73,unclassified,d0123
D03409,D01096,P,74,unclassified,d0123
D03409,D01107,CI,75,unclassified,d0123
D03409,D01111,P,76,unclassified,d0123
D03409,D01165,P,77,unclassified,d0123
D03409,D01179,CI,78,unclassified,d0123
D03409,D01226,P,79,unclassified,d0123
D03409,D01230,P,80,unclassified,d0123
D03409,D01245,P,81,unclassified,d0123
D03409,D01253,P,82,unclassified,d0123
D03409,D01268,P,83,unclassified,d0123
D03409,D01269,P,84,unclassified,d0123
D03409,D01277,P,85,unclassified,d0123
D03409,D01278,P,86,unclassified,d0123
D03409,D01280,P,87,unclassified,d0123
D03409,D01292,P,88,unclassified,d0123
D03409,D01293,P,89,unclassified,d0123
D03409,D01296,CI,90,unclassified,d0123
D03409,D01302,P,91,unclassified,d0123
D03409,D01324,P,92,unclassified,d0123
D03409,D01328,P,93,unclassified,d0123
D03409,D01347,CI,94,unclassified,d0123
D03409,D01355,CI,95,unclassified,d0123
D03409,D01358,CI,96,unclassified,d0123
D03409,D01383,CI,97,unclassified,d0123
D03409,D01386,P,98,unclassified,d0123
D03409,D01389,P,99,unclassified,d0123
D03409,D01399,P,100,unclassified,d0123
D03409,D01408,P,101,unclassified,d0123
D03409,D01451,P,102,unclassified,d0123
D03409,D01453,P,103,unclassified,d0123
D03409,D01481,P,104,unclassified,d0123
D03409,D01514,P,105,unclassified,d0123
D03409,D01564,P,106,unclassified,d0123
D03409,D01599,P,107,unclassified,d0123
D03409,D01657,P,108,unclassified,d0123
D03409,D01665,P,109,unclassified,d0123
D03409,D01744,P,110,unclassified,d0123
D03409,D01832,P,111,unclassified,d0123
D03409,D01854,P,112,unclassified,d0123
D03409,D01872,P,113,unclassified,d0123
D03409,D01875,P,114,unclassified,d0123
D03409,D01898,P,115,unclassified,d0123
D03409,D01903,P,116,unclassified,d0123
D03409,D02016,P,117,unclassified,d0123
D03409,D02034,CI,118,unclassified,d0123
D03409,D02064,P,119,unclassified,d0123
D03409,D02069,P,120,unclassified,d0123
D03409,D02076,P,121,unclassified,d0123
D03409,D02101,P,122,unclassified,d0123
D03409,D02102,P,123,unclassified,d0123
D03409,D02109,P,124,unclassified,d0123
D03409,D02234,P,125,unclassified,d0123
D03409,D02242,CI,126,unclassified,d0123
D03409,D02246,P,127,unclassified,d0123
D03409,D02247,P,128,unclassified,d0123
D03409,D02260,CI,129,unclassified,d0123
D03409,D02271,P,130,unclassified,d0123
D03409,D02408,CI,131,unclassified,d0123
D03409,D02409,P,132,unclassified,d0123
D03409,D02535,P,133,unclassified,d0123
D03409,D02562,CI,134,Target: MAOB,d0123
D03409,D02567,CI,135,unclassified,d0123
D03409,D02574,CI,136,unclassified,d0123
D03409,D03230,P,137,unclassified,d0123
D03409,D03250,P,138,unclassified,d0123
D03409,D03855,CI,139,unclassified,d0123
D03409,D04044,P,140,unclassified,d0123
D03409,D04052,P,141,unclassified,d0123
D03409,D04062,P,142,unclassified,d0123
D03409,D04081,P,143,unclassified,d0123
D03409,D04148,CI,144,unclassified,d0123
D03409,D04251,CI,145,unclassified,d0123
D03409,D04259,P,146,unclassified,d0123
D03409,D04261,P,147,unclassified,d0123
D03409,D04313,P,148,unclassified,d0123
D03409,D04342,P,149,unclassified,d0123
D03409,D04364,P,150,unclassified,d0123
D03409,D04447,P,151,unclassified,d0123
D03409,D04475,P,152,unclassified,d0123
D03409,D04477,P,153,unclassified,d0123
D03409,D04539,P,154,unclassified,d0123
D03409,D04540,P,155,unclassified,d0123
D03409,D04547,P,156,unclassified,d0123
D03409,D04747,CI,157,unclassified,d0123
D03409,D04813,P,158,unclassified,d0123
D03409,D05462,P,159,unclassified,d0123
D03409,D06273,P,160,unclassified,d0123
D03409,D06553,P,161,unclassified,d0123
D03409,D06645,P,162,unclassified,d0123
D03409,D06698,P,163,unclassified,d0123
D03409,D06921,P,164,unclassified,d0123
D03409,D06927,P,165,unclassified,d0123
D03409,D06928,P,166,unclassified,d0123
D03409,D06951,P,167,unclassified,d0123
D03409,D06953,P,168,unclassified,d0123
D03409,D06955,P,169,unclassified,d0123
D03409,D06956,P,170,unclassified,d0123
D03409,D06987,P,171,unclassified,d0123
D03409,D06994,P,172,unclassified,d0123
D03409,D07041,P,173,unclassified,d0123
D03409,D07042,P,174,unclassified,d0123
D03409,D07043,P,175,unclassified,d0123
D03409,D07044,P,176,unclassified,d0123
D03409,D07045,P,177,unclassified,d0123
D03409,D07048,P,178,unclassified,d0123
D03409,D07080,P,179,unclassified,d0123
D03409,D07132,P,180,unclassified,d0123
D03409,D07583,P,181,unclassified,d0123
D03409,D08080,P,182,unclassified,d0123
D03409,D08575,CI,183,unclassified,d0123
D03409,D08695,P,184,unclassified,d0123
D03409,D08769,P,185,unclassified,d0123
D03409,D08897,P,186,unclassified,d0123
D03409,D08923,P,187,unclassified,d0123
D03409,D09186,P,188,unclassified,d0123
D03409,D09319,P,189,unclassified,d0123
D03409,D09566,P,190,unclassified,d0123
D03409,D09592,P,191,unclassified,d0123
D03409,D09727,P,192,unclassified,d0123
D03409,D09744,P,193,unclassified,d0123
D03409,D09753,P,194,unclassified,d0123
D03409,D09756,P,195,unclassified,d0123
D03409,D09763,P,196,unclassified,d0123
D03409,D09780,P,197,unclassified,d0123
D03409,D09848,P,198,unclassified,d0123
D03409,D09889,P,199,unclassified,d0123
D03409,D09978,P,200,unclassified,d0123
D03409,D09999,CI,201,unclassified,d0123
D03409,D10159,P,202,unclassified,d0123
D03409,D10160,P,203,unclassified,d0123
D03409,D10179,P,204,unclassified,d0123
D03409,D10185,CI,205,unclassified,d0123
D03409,D10191,CI,206,Target: MAOB / Enzyme-Target: MAOA,d0123
D03409,D10195,P,207,unclassified,d0123
D03409,D10200,P,208,unclassified,d0123
D03409,D10253,P,209,unclassified,d0123
D03409,D10298,P,210,unclassified,d0123
D03409,D10317,P,211,unclassified,d0123
D03409,D10424,P,212,unclassified,d0123
D03409,D10459,P,213,unclassified,d0123
D03409,D10505,P,214,unclassified,d0123
D03409,D10570,P,215,unclassified,d0123
D03409,D10588,P,216,unclassified,d0123
D03409,D10743,P,217,unclassified,d0123
D03409,D10744,P,218,unclassified,d0123
D03409,D10854,P,219,unclassified,d0123
D03409,D10897,P,220,unclassified,d0123
D03409,D10967,P,221,unclassified,d0123
D03409,D10999,P,222,unclassified,d0123
D03409,D11034,P,223,unclassified,d0123
D03409,D11064,P,224,unclassified,d0123
D03409,D11109,P,225,unclassified,d0123
D03409,D11290,P,226,unclassified,d0123
D03409,D11567,P,227,unclassified,d0123
D03409,D11807,P,228,unclassified,d0123
D03409,D11861,P,229,unclassified,d0123
D03409,D11862,P,230,unclassified,d0123
D03409,D12358,P,231,unclassified,d0123
D03409,D12437,P,232,unclassified,d0123
D03409,D13245,P,233,unclassified,d0123
D03649,D00109,P,1,unclassified,d0066
D03649,D00126,P,2,unclassified,d0066
D03649,D00132,P,3,unclassified,d0066
D03649,D00228,P,4,Target: SLC6A4,d0066
D03649,D00255,P,5,unclassified,d0066
D03649,D00320,P,6,unclassified,d0066
D03649,D00415,P,7,unclassified,d0066
D03649,D00451,P,8,unclassified,d0066
D03649,D00563,P,9,unclassified,d0066
D03649,D00601,P,10,unclassified,d0066
D03649,D00603,P,11,unclassified,d0066
D03649,D00674,P,12,unclassified,d0066
D03649,D00675,P,13,unclassified,d0066
D03649,D00676,P,14,unclassified,d0066
D03649,D00677,P,15,unclassified,d0066
D03649,D00678,P,16,unclassified,d0066
D03649,D00769,P,17,unclassified,d0066
D03649,D00785,CI,18,unclassified,d0066
D03649,D00801,P,19,unclassified,d0066
D03649,D00809,P,20,Target: SLC6A4,d0066
D03649,D00811,P,21,Target: SLC6A4,d0066
D03649,D00815,P,22,Target: SLC6A4,d0066
D03649,D00818,P,23,unclassified,d0066
D03649,D00820,P,24,Target: SLC6A4,d0066
D03649,D00821,P,25,Target: SLC6A4,d0066
D03649,D00824,P,26,Target: SLC6A4,d0066
D03649,D00848,P,27,unclassified,d0066
D03649,D00904,P,28,unclassified,d0066
D03649,D00947,P,29,unclassified,d0066
D03649,D00966,P,30,unclassified,d0066
D03649,D00969,P,31,unclassified,d0066
D03649,D01028,P,32,unclassified,d0066
D03649,D01179,P,33,Target: SLC6A4,d0066
D03649,D01280,P,34,unclassified,d0066
D03649,D01296,P,35,unclassified,d0066
D03649,D01355,P,36,unclassified,d0066
D03649,D01383,P,37,unclassified,d0066
D03649,D01399,P,38,unclassified,d0066
D03649,D01973,P,39,unclassified,d0066
D03649,D01992,P,40,unclassified,d0066
D03649,D02102,P,41,unclassified,d0066
D03649,D02234,P,42,unclassified,d0066
D03649,D02235,P,43,unclassified,d0066
D03649,D02260,P,44,Target: SLC6A4,d0066
D03649,D02562,CI,45,unclassified,d0066
D03649,D02567,P,46,Target: SLC6A4,d0066
D03649,D03855,P,47,unclassified,d0066
D03649,D03960,P,48,unclassified,d0066
D03649,D04148,P,49,Target: SLC6A4,d0066
D03649,D04340,P,50,unclassified,d0066
D03649,D04747,P,51,unclassified,d0066
D03649,D07082,P,52,unclassified,d0066
D03649,D07086,P,53,unclassified,d0066
D03649,D07505,P,54,unclassified,d0066
D03649,D08493,P,55,unclassified,d0066
D03649,D09546,P,56,unclassified,d0066
D03649,D09686,P,57,unclassified,d0066
D03649,D09815,P,58,unclassified,d0066
D03649,D09999,P,59,unclassified,d0066
D03649,D10014,P,60,unclassified,d0066
D03649,D10185,P,61,Target: SLC6A4,d0066
D03649,D10191,CI,62,unclassified,d0066
D03649,D10298,P,63,unclassified,d0066
D03649,D10424,P,64,unclassified,d0066
D03649,D10512,P,65,unclassified,d0066
D03649,D10513,P,66,unclassified,d0066
D03649,D10527,P,67,unclassified,d0066
D03649,D10537,P,68,unclassified,d0066
D03649,D10569,P,69,unclassified,d0066
D03649,D10793,P,70,unclassified,d0066
D03649,D11804,P,71,unclassified,d0066
D03731,cpd:C06807,P,1,unclassified,d0095
D03731,D00059,P,2,unclassified,d0095
D03731,D00076,P,3,unclassified,d0095
D03731,D00095,P,4,unclassified,d0095
D03731,D00124,P,5,unclassified,d0095
D03731,D00136,P,6,Enzyme: CYP2D6 CYP3A4,d0095
D03731,D00139,P,7,unclassified,d0095
D03731,D00140,P,8,unclassified,d0095
D03731,D00197,P,9,unclassified,d0095
D03731,D00211,P,10,CYP induction: CYP3A4,d0095
D03731,D00216,P,11,unclassified,d0095
D03731,D00225,P,12,unclassified,d0095
D03731,D00228,CI,13,Enzyme: CYP2D6,d0095
D03731,D00252,P,14,Enzyme: CYP3A4 / CYP induction: CYP3A4,d0095
D03731,D00253,P,15,unclassified,d0095
D03731,D00265,P,16,unclassified,d0095
D03731,D00267,P,17,unclassified,d0095
D03731,D00270,P,18,Enzyme: CYP2D6 / CYP inhibition: CYP2D6,d0095
D03731,D00276,P,19,Enzyme: CYP3A4 / CYP inhibition: CYP3A4,d0095
D03731,D00280,P,20,unclassified,d0095
D03731,D00281,P,21,unclassified,d0095
D03731,D00282,P,22,CYP inhibition: CYP3A4,d0095
D03731,D00283,P,23,Enzyme: CYP3A4,d0095
D03731,D00292,P,24,Enzyme: CYP3A4 / CYP induction: CYP3A4,d0095
D03731,D00293,P,25,Enzyme: CYP3A4,d0095
D03731,D00295,P,26,CYP inhibition: CYP2D6 CYP3A4,d0095
D03731,D00308,P,27,unclassified,d0095
D03731,D00311,P,28,unclassified,d0095
D03731,D00320,P,29,Enzyme: CYP3A4,d0095
D03731,D00322,P,30,CYP inhibition: CYP3A4,d0095
D03731,D00326,CI,31,Enzyme: CYP2D6 / CYP inhibition: CYP2D6,d0095
D03731,D00336,P,32,Enzyme: CYP3A4,d0095
D03731,D00346,CI,33,unclassified,d0095
D03731,D00350,P,34,Enzyme: CYP3A4 / CYP inhibition: CYP3A4,d0095
D03731,D00365,P,35,unclassified,d0095
D03731,D00367,CI,36,unclassified,d0095
D03731,D00373,P,37,unclassified,d0095
D03731,D00387,P,38,Enzyme: CYP3A4,d0095
D03731,D00388,P,39,unclassified,d0095
D03731,D00390,P,40,unclassified,d0095
D03731,D00394,CI,41,unclassified,d0095
D03731,D00402,P,42,unclassified,d0095
D03731,D00403,P,43,unclassified,d0095
D03731,D00405,P,44,unclassified,d0095
D03731,D00415,CI,45,unclassified,d0095
D03731,D00416,P,46,unclassified,d0095
D03731,D00420,P,47,unclassified,d0095
D03731,D00435,P,48,Enzyme: CYP3A4 CYP2B6 CYP2D6,d0095
D03731,D00451,CI,49,unclassified,d0095
D03731,D00457,P,50,Enzyme: CYP3A4,d0095
D03731,D00474,P,51,unclassified,d0095
D03731,D00479,P,52,unclassified,d0095
D03731,D00481,P,53,unclassified,d0095
D03731,D00484,CI,54,unclassified,d0095
D03731,D00485,P,55,unclassified,d0095
D03731,D00493,P,56,unclassified,d0095
D03731,D00503,P,57,Enzyme: CYP2D6,d0095
D03731,D00505,CI,58,Target: MAOB,d0095
D03731,D00506,P,59,CYP induction: CYP2B6,d0095
D03731,D00511,P,60,unclassified,d0095
D03731,D00512,P,61,CYP induction: CYP2B6,d0095
D03731,D00514,P,62,Enzyme: CYP2D6,d0095
D03731,D00520,CI,63,unclassified,d0095
D03731,D00531,P,64,unclassified,d0095
D03731,D00550,P,65,Enzyme: CYP3A4,d0095
D03731,D00554,P,66,Enzyme: CYP3A4 / CYP inhibition: CYP3A4,d0095
D03731,D00559,P,67,unclassified,d0095
D03731,D00563,CI,68,Enzyme: CYP2D6 CYP3A4,d0095
D03731,D00593,P,69,unclassified,d0095
D03731,D00594,P,70,unclassified,d0095
D03731,D00604,P,71,unclassified,d0095
D03731,D00606,P,72,Enzyme: CYP3A4,d0095
D03731,D00607,P,73,unclassified,d0095
D03731,D00616,P,74,Enzyme: CYP3A4,d0095
D03731,D00619,P,75,Enzyme: CYP3A4 / CYP inhibition: CYP3A4,d0095
D03731,D00625,P,76,unclassified,d0095
D03731,D00632,P,77,unclassified,d0095
D03731,D00633,P,78,Enzyme-Target: MAOB,d0095
D03731,D00636,P,79,Enzyme: CYP3A4,d0095
D03731,D00640,P,80,Enzyme: CYP2D6 CYP3A4,d0095
D03731,D00665,P,81,unclassified,d0095
D03731,D00666,P,82,CYP inhibition: CYP2D6,d0095
D03731,D00668,P,83,Enzyme: CYP2D6 / CYP inhibition: CYP2D6,d0095
D03731,D00669,P,84,unclassified,d0095
D03731,D00672,P,85,unclassified,d0095
D03731,D00675,CI,86,unclassified,d0095
D03731,D00676,CI,87,unclassified,d0095
D03731,D00677,P,88,Enzyme: CYP3A4,d0095
D03731,D00678,P,89,Enzyme: CYP2D6 CYP3A4,d0095
D03731,D00683,P,90,unclassified,d0095
D03731,D00684,P,91,unclassified,d0095
D03731,D00685,P,92,unclassified,d0095
D03731,D00686,P,93,unclassified,d0095
D03731,D00687,P,94,Enzyme: CYP3A4,d0095
D03731,D00688,P,95,unclassified,d0095
D03731,D00694,P,96,unclassified,d0095
D03731,D00701,P,97,CYP induction: CYP2B6,d0095
D03731,D00713,P,98,unclassified,d0095
D03731,D00714,P,99,unclassified,d0095
D03731,D00720,P,100,unclassified,d0095
D03731,D00722,P,101,Enzyme: CYP3A4,d0095
D03731,D00726,P,102,Enzyme: CYP2D6 / CYP inhibition: CYP2D6,d0095
D03731,D00743,P,103,unclassified,d0095
D03731,D00744,P,104,unclassified,d0095
D03731,D00756,P,105,unclassified,d0095
D03731,D00765,P,106,unclassified,d0095
D03731,D00770,P,107,unclassified,d0095
D03731,D00776,P,108,unclassified,d0095
D03731,D00777,P,109,unclassified,d0095
D03731,D00780,P,110,Enzyme: CYP3A4 / CYP inhibition: CYP3A4,d0095
D03731,D00781,P,111,unclassified,d0095
D03731,D00784,P,112,unclassified,d0095
D03731,D00785,CI,113,Enzyme: CYP2B6 CYP2D6 CYP3A4 / Target: MAOB,d0095
D03731,D00787,P,114,unclassified,d0095
D03731,D00788,P,115,unclassified,d0095
D03731,D00789,P,116,Enzyme: CYP2D6 / CYP inhibition: CYP2D6,d0095
D03731,D00791,P,117,Enzyme: CYP2D6,d0095
D03731,D00792,P,118,Enzyme: CYP2D6,d0095
D03731,D00793,P,119,Enzyme: CYP2D6,d0095
D03731,D00795,P,120,unclassified,d0095
D03731,D00797,P,121,unclassified,d0095
D03731,D00798,P,122,unclassified,d0095
D03731,D00799,P,123,unclassified,d0095
D03731,D00800,P,124,unclassified,d0095
D03731,D00809,CI,125,Enzyme: CYP2D6 CYP3A4,d0095
D03731,D00811,CI,126,Enzyme: CYP2D6 CYP3A4,d0095
D03731,D00812,CI,127,unclassified,d0095
D03731,D00814,CI,128,Enzyme: CYP2D6,d0095
D03731,D00815,CI,129,Enzyme: CYP2D6 CYP3A4,d0095
D03731,D00816,CI,130,Enzyme: CYP2D6,d0095
D03731,D00818,CI,131,Enzyme: CYP2D6,d0095
D03731,D00820,P,132,Enzyme: CYP3A4 CYP2D6,d0095
D03731,D00821,CI,133,Enzyme: CYP2D6,d0095
D03731,D00822,CI,134,Enzyme: CYP2D6 CYP3A4,d0095
D03731,D00823,CI,135,Enzyme: CYP2D6 / CYP inhibition: CYP2D6,d0095
D03731,D00824,CI,136,Enzyme: CYP2D6 / CYP inhibition: CYP2D6 CYP3A4,d0095
D03731,D00825,CI,137,Enzyme: CYP2B6 CYP3A4,d0095
D03731,D00826,CI,138,Target: MAOB,d0095
D03731,D00831,P,139,unclassified,d0095
D03731,D00836,P,140,Enzyme: CYP3A4,d0095
D03731,D00839,P,141,unclassified,d0095
D03731,D00842,P,142,unclassified,d0095
D03731,D00848,P,143,Enzyme: CYP2D6,d0095
D03731,D00851,P,144,unclassified,d0095
D03731,D00882,P,145,unclassified,d0095
D03731,D00944,P,146,unclassified,d0095
D03731,D00945,P,147,unclassified,d0095
D03731,D00947,P,148,unclassified,d0095
D03731,D00961,P,149,CYP inhibition: CYP3A4,d0095
D03731,D00996,P,150,unclassified,d0095
D03731,D01007,P,151,Enzyme: CYP3A4,d0095
D03731,D01008,"CI,P",152,unclassified,d0095
D03731,D01017,P,153,unclassified,d0095
D03731,D01019,P,154,unclassified,d0095
D03731,D01020,P,155,unclassified,d0095
D03731,D01021,"CI,P",156,unclassified,d0095
D03731,D01022,P,157,unclassified,d0095
D03731,D01023,P,158,unclassified,d0095
D03731,D01051,P,159,unclassified,d0095
D03731,D01096,P,160,unclassified,d0095
D03731,D01097,CI,161,Target: MAOB,d0095
D03731,D01101,P,162,Enzyme: CYP3A4,d0095
D03731,D01105,P,163,unclassified,d0095
D03731,D01107,CI,164,unclassified,d0095
D03731,D01110,CI,165,unclassified,d0095
D03731,D01111,P,166,unclassified,d0095
D03731,D01130,P,167,unclassified,d0095
D03731,D01165,P,168,unclassified,d0095
D03731,D01179,CI,169,CYP inhibition: CYP2D6,d0095
D03731,D01205,P,170,Enzyme: CYP2D6,d0095
D03731,D01224,P,171,unclassified,d0095
D03731,D01226,P,172,unclassified,d0095
D03731,D01230,P,173,unclassified,d0095
D03731,D01235,P,174,CYP inhibition: CYP3A4,d0095
D03731,D01245,P,175,unclassified,d0095
D03731,D01253,P,176,Enzyme: CYP3A4,d0095
D03731,D01263,P,177,unclassified,d0095
D03731,D01268,P,178,unclassified,d0095
D03731,D01269,P,179,Enzyme: CYP3A4,d0095
D03731,D01277,P,180,unclassified,d0095
D03731,D01278,P,181,unclassified,d0095
D03731,D01280,P,182,unclassified,d0095
D03731,D01285,CI,183,unclassified,d0095
D03731,D01292,P,184,unclassified,d0095
D03731,D01293,P,185,Enzyme: CYP3A4,d0095
D03731,D01296,CI,186,unclassified,d0095
D03731,D01302,P,187,CYP inhibition: CYP2D6,d0095
D03731,D01307,P,188,CYP inhibition: CYP2D6,d0095
D03731,D01314,CI,189,unclassified,d0095
D03731,D01324,P,190,Enzyme: CYP2D6,d0095
D03731,D01328,P,191,unclassified,d0095
D03731,D01347,CI,192,unclassified,d0095
D03731,D01349,P,193,unclassified,d0095
D03731,D01355,CI,194,Enzyme: CYP2D6 CYP3A4,d0095
D03731,D01358,CI,195,Enzyme: CYP3A4 CYP2D6,d0095
D03731,D01360,P,196,unclassified,d0095
D03731,D01361,P,197,unclassified,d0095
D03731,D01362,P,198,unclassified,d0095
D03731,D01373,P,199,unclassified,d0095
D03731,D01383,CI,200,unclassified,d0095
D03731,D01386,P,201,unclassified,d0095
D03731,D01389,P,202,unclassified,d0095
D03731,D01390,P,203,unclassified,d0095
D03731,D01399,P,204,Enzyme: CYP3A4,d0095
D03731,D01405,P,205,unclassified,d0095
D03731,D01408,P,206,unclassified,d0095
D03731,D01412,P,207,unclassified,d0095
D03731,D01428,P,208,unclassified,d0095
D03731,D01429,P,209,CYP inhibition: CYP3A4,d0095
D03731,D01447,P,210,unclassified,d0095
D03731,D01448,P,211,unclassified,d0095
D03731,D01451,P,212,unclassified,d0095
D03731,D01453,P,213,unclassified,d0095
D03731,D01477,CI,214,unclassified,d0095
D03731,D01481,P,215,Enzyme: CYP2D6,d0095
D03731,D01482,P,216,unclassified,d0095
D03731,D01485,P,217,unclassified,d0095
D03731,D01501,CI,218,unclassified,d0095
D03731,D01514,P,219,Enzyme: CYP3A4,d0095
D03731,D01520,P,220,unclassified,d0095
D03731,D01546,CI,221,Enzyme: CYP2D6,d0095
D03731,D01564,P,222,Enzyme: CYP3A4,d0095
D03731,D01589,P,223,unclassified,d0095
D03731,D01599,P,224,unclassified,d0095
D03731,D01635,P,225,unclassified,d0095
D03731,D01657,P,226,unclassified,d0095
D03731,D01665,P,227,unclassified,d0095
D03731,D01744,P,228,Enzyme: CYP3A4,d0095
D03731,D01748,P,229,unclassified,d0095
D03731,D01832,P,230,Enzyme: CYP3A4 / CYP induction: CYP2B6 CYP3A4,d0095
D03731,D01835,P,231,unclassified,d0095
D03731,D01854,P,232,unclassified,d0095
D03731,D01860,P,233,unclassified,d0095
D03731,D01872,P,234,Enzyme: CYP3A4,d0095
D03731,D01875,P,235,unclassified,d0095
D03731,D01888,CI,236,Target: MAOB,d0095
D03731,D01898,P,237,Enzyme: CYP2D6 CYP3A4,d0095
D03731,D01903,P,238,unclassified,d0095
D03731,D01952,P,239,unclassified,d0095
D03731,D01978,P,240,unclassified,d0095
D03731,D02002,CI,241,unclassified,d0095
D03731,D02009,P,242,unclassified,d0095
D03731,D02016,P,243,Enzyme: CYP2D6,d0095
D03731,D02022,P,244,unclassified,d0095
D03731,D02034,CI,245,unclassified,d0095
D03731,D02035,P,246,unclassified,d0095
D03731,D02037,P,247,Enzyme: CYP2D6,d0095
D03731,D02064,P,248,unclassified,d0095
D03731,D02066,P,249,unclassified,d0095
D03731,D02069,P,250,unclassified,d0095
D03731,D02076,P,251,unclassified,d0095
D03731,D02078,CI,252,Enzyme: CYP2D6,d0095
D03731,D02080,CI,253,unclassified,d0095
D03731,D02093,P,254,unclassified,d0095
D03731,D02101,P,255,Enzyme: CYP2D6,d0095
D03731,D02102,P,256,Enzyme: CYP3A4 CYP2B6 CYP2D6 / CYP induction: CYP3A4 CYP2B6,d0095
D03731,D02103,P,257,CYP induction: CYP2B6,d0095
D03731,D02109,P,258,unclassified,d0095
D03731,D02135,P,259,unclassified,d0095
D03731,D02147,P,260,unclassified,d0095
D03731,D02149,P,261,unclassified,d0095
D03731,D02150,P,262,unclassified,d0095
D03731,D02151,P,263,unclassified,d0095
D03731,D02163,P,264,Enzyme: CYP2D6,d0095
D03731,D02184,P,265,unclassified,d0095
D03731,D02200,P,266,unclassified,d0095
D03731,D02213,P,267,Enzyme: CYP2D6 / CYP inhibition: CYP2D6,d0095
D03731,D02234,P,268,unclassified,d0095
D03731,D02237,CI,269,unclassified,d0095
D03731,D02242,CI,270,Enzyme: CYP2D6,d0095
D03731,D02246,P,271,unclassified,d0095
D03731,D02247,P,272,unclassified,d0095
D03731,D02248,P,273,unclassified,d0095
D03731,D02260,CI,274,Enzyme: CYP2D6 / CYP inhibition: CYP2D6,d0095
D03731,D02271,P,275,unclassified,d0095
D03731,D02272,P,276,Enzyme: CYP3A4,d0095
D03731,D02281,P,277,unclassified,d0095
D03731,D02349,P,278,unclassified,d0095
D03731,D02354,P,279,unclassified,d0095
D03731,D02359,P,280,unclassified,d0095
D03731,D02360,CI,281,Enzyme: CYP2B6 CYP3A4,d0095
D03731,D02362,CI,282,Enzyme: CYP2D6 / CYP inhibition: CYP2D6,d0095
D03731,D02372,P,283,unclassified,d0095
D03731,D02388,P,284,unclassified,d0095
D03731,D02396,P,285,unclassified,d0095
D03731,D02404,P,286,Enzyme: CYP3A4,d0095
D03731,D02408,CI,287,unclassified,d0095
D03731,D02409,P,288,unclassified,d0095
D03731,D02484,P,289,unclassified,d0095
D03731,D02523,P,290,unclassified,d0095
D03731,D02524,P,291,unclassified,d0095
D03731,D02525,P,292,unclassified,d0095
D03731,D02535,P,293,unclassified,d0095
D03731,D02537,P,294,CYP inhibition: CYP2D6,d0095
D03731,D02559,CI,295,unclassified,d0095
D03731,D02560,CI,296,unclassified,d0095
D03731,D02561,CI,297,CYP inhibition: CYP2D6,d0095
D03731,D02562,CI,298,Target: MAOB,d0095
D03731,D02563,CI,299,unclassified,d0095
D03731,D02564,CI,300,Target: MAOB,d0095
D03731,D02565,CI,301,unclassified,d0095
D03731,D02566,CI,302,Enzyme: CYP2D6,d0095
D03731,D02567,CI,303,Enzyme: CYP3A4 CYP2D6 / CYP inhibition: CYP2D6,d0095
D03731,D02570,CI,304,Enzyme: CYP3A4,d0095
D03731,D02572,CI,305,Enzyme: CYP2D6,d0095
D03731,D02573,CI,306,unclassified,d0095
D03731,D02574,CI,307,Enzyme: CYP2D6,d0095
D03731,D02579,CI,308,Target: MAOB,d0095
D03731,D02580,CI,309,Target: MAOB,d0095
D03731,D02581,CI,310,unclassified,d0095
D03731,D02604,P,311,unclassified,d0095
D03731,D02605,P,312,unclassified,d0095
D03731,D02607,P,313,unclassified,d0095
D03731,D02608,P,314,unclassified,d0095
D03731,D02609,P,315,unclassified,d0095
D03731,D02610,P,316,unclassified,d0095
D03731,D02614,P,317,unclassified,d0095
D03731,D02620,P,318,unclassified,d0095
D03731,D02621,P,319,unclassified,d0095
D03731,D02622,P,320,unclassified,d0095
D03731,D02623,P,321,unclassified,d0095
D03731,D02625,P,322,unclassified,d0095
D03731,D02626,P,323,Enzyme: CYP3A4,d0095
D03731,D02627,P,324,unclassified,d0095
D03731,D02628,P,325,unclassified,d0095
D03731,D02642,P,326,unclassified,d0095
D03731,D02643,P,327,unclassified,d0095
D03731,D02644,P,328,unclassified,d0095
D03731,D02651,P,329,unclassified,d0095
D03731,D02653,P,330,unclassified,d0095
D03731,D02668,P,331,unclassified,d0095
D03731,D02671,P,332,unclassified,d0095
D03731,D02679,P,333,unclassified,d0095
D03731,D02680,P,334,unclassified,d0095
D03731,D02686,P,335,unclassified,d0095
D03731,D02691,P,336,unclassified,d0095
D03731,D02702,P,337,unclassified,d0095
D03731,D02704,CI,338,unclassified,d0095
D03731,D02732,P,339,Enzyme: CYP3A4,d0095
D03731,D02774,P,340,unclassified,d0095
D03731,D02787,CI,341,unclassified,d0095
D03731,D02901,P,342,unclassified,d0095
D03731,D02910,P,343,Enzyme: CYP3A4,d0095
D03731,D02968,P,344,Enzyme: CYP3A4 / CYP inhibition: CYP3A4 / CYP induction: CYP3A4,d0095
D03731,D02972,CI,345,unclassified,d0095
D03731,D02976,P,346,unclassified,d0095
D03731,D02981,P,347,unclassified,d0095
D03731,D03038,CI,348,unclassified,d0095
D03731,D03071,CI,349,unclassified,d0095
D03731,D03098,P,350,unclassified,d0095
D03731,D03106,P,351,unclassified,d0095
D03731,D03195,P,352,unclassified,d0095
D03731,D03199,CI,353,unclassified,d0095
D03731,D03230,P,354,unclassified,d0095
D03731,D03239,CI,355,Target: MAOB,d0095
D03731,D03248,CI,356,unclassified,d0095
D03731,D03250,P,357,unclassified,d0095
D03731,D03274,P,358,Enzyme: CYP2D6 / CYP inhibition: CYP2D6,d0095
D03731,D03402,P,359,unclassified,d0095
D03731,D03409,CI,360,Target: MAOB,d0095
D03731,D03491,CI,361,unclassified,d0095
D03731,D03502,P,362,unclassified,d0095
D03731,D03503,P,363,CYP inhibition: CYP2D6 CYP3A4,d0095
D03731,D03587,P,364,unclassified,d0095
D03731,D03649,CI,365,unclassified,d0095
D03731,D03658,P,366,Enzyme: CYP3A4,d0095
D03731,D03666,P,367,unclassified,d0095
D03731,D03669,P,368,CYP induction: CYP3A4,d0095
D03731,D03702,P,369,unclassified,d0095
D03731,D03731,CI,370,Enzyme: CYP2B6 CYP2D6 CYP3A4 / Target: MAOB,d0095
D03731,D03733,CI,371,Target: MAOB,d0095
D03731,D03740,CI,372,Enzyme: CYP2D6,d0095
D03731,D03855,CI,373,unclassified,d0095
D03731,D03879,P,374,unclassified,d0095
D03731,D03880,P,375,unclassified,d0095
D03731,D03881,P,376,unclassified,d0095
D03731,D03891,P,377,unclassified,d0095
D03731,D03892,P,378,unclassified,d0095
D03731,D03914,P,379,CYP inhibition: CYP2D6,d0095
D03731,D03921,P,380,unclassified,d0095
D03731,D04018,P,381,unclassified,d0095
D03731,D04024,P,382,Enzyme: CYP3A4,d0095
D03731,D04034,P,383,Enzyme: CYP2D6 / CYP inhibition: CYP2D6,d0095
D03731,D04038,P,384,Enzyme: CYP2D6,d0095
D03731,D04044,P,385,unclassified,d0095
D03731,D04052,P,386,Enzyme: CYP3A4,d0095
D03731,D04054,P,387,unclassified,d0095
D03731,D04055,CI,388,unclassified,d0095
D03731,D04062,P,389,unclassified,d0095
D03731,D04081,P,390,unclassified,d0095
D03731,D04092,CI,391,Target: MAOB,d0095
D03731,D04105,CI,392,unclassified,d0095
D03731,D04148,CI,393,Enzyme: CYP2B6 CYP2D6 CYP3A4,d0095
D03731,D04157,P,394,unclassified,d0095
D03731,D04251,CI,395,unclassified,d0095
D03731,D04259,P,396,unclassified,d0095
D03731,D04261,P,397,unclassified,d0095
D03731,D04313,P,398,Enzyme: CYP2D6,d0095
D03731,D04340,P,399,Enzyme: CYP2D6 CYP3A4,d0095
D03731,D04342,P,400,unclassified,d0095
D03731,D04364,P,401,unclassified,d0095
D03731,D04382,CI,402,unclassified,d0095
D03731,D04447,P,403,Enzyme: CYP3A4,d0095
D03731,D04463,P,404,Enzyme: CYP3A4,d0095
D03731,D04473,CI,405,unclassified,d0095
D03731,D04475,P,406,unclassified,d0095
D03731,D04477,P,407,unclassified,d0095
D03731,D04482,P,408,Enzyme: CYP3A4,d0095
D03731,D04483,P,409,Enzyme: CYP3A4,d0095
D03731,D04484,P,410,Enzyme: CYP3A4,d0095
D03731,D04539,P,411,unclassified,d0095
D03731,D04540,P,412,unclassified,d0095
D03731,D04547,P,413,unclassified,d0095
D03731,D04556,CI,414,unclassified,d0095
D03731,D04605,CI,415,unclassified,d0095
D03731,D04616,P,416,unclassified,d0095
D03731,D04625,P,417,unclassified,d0095
D03731,D04626,P,418,unclassified,d0095
D03731,D04641,P,419,Enzyme: CYP3A4 / CYP inhibition: CYP3A4,d0095
D03731,D04652,CI,420,unclassified,d0095
D03731,D04666,P,421,unclassified,d0095
D03731,D04681,CI,422,Target: MAOB,d0095
D03731,D04701,P,423,unclassified,d0095
D03731,D04703,P,424,unclassified,d0095
D03731,D04708,P,425,unclassified,d0095
D03731,D04747,CI,426,unclassified,d0095
D03731,D04765,P,427,unclassified,d0095
D03731,D04781,CI,428,unclassified,d0095
D03731,D04813,P,429,Enzyme: CYP3A4,d0095
D03731,D04883,P,430,unclassified,d0095
D03731,D04911,P,431,unclassified,d0095
D03731,D04935,P,432,unclassified,d0095
D03731,D04954,P,433,unclassified,d0095
D03731,D04965,P,434,Enzyme: CYP2D6,d0095
D03731,D05008,P,435,Enzyme: CYP2D6 / CYP inhibition: CYP2D6,d0095
D03731,D05033,CI,436,Target: MAOB,d0095
D03731,D05037,P,437,unclassified,d0095
D03731,D05039,CI,438,Enzyme: CYP2D6,d0095
D03731,D05040,CI,439,Enzyme: CYP2D6,d0095
D03731,D05120,CI,440,unclassified,d0095
D03731,D05173,CI,441,unclassified,d0095
D03731,D05200,CI,442,unclassified,d0095
D03731,D05206,P,443,unclassified,d0095
D03731,D05231,CI,444,unclassified,d0095
D03731,D05277,P,445,unclassified,d0095
D03731,D05284,CI,446,unclassified,d0095
D03731,D05351,P,447,CYP inhibition: CYP3A4,d0095
D03731,D05366,P,448,Enzyme: CYP3A4,d0095
D03731,D05374,CI,449,Enzyme: CYP2D6 / CYP inhibition: CYP2D6,d0095
D03731,D05375,CI,450,Enzyme: CYP2D6 / CYP inhibition: CYP2D6,d0095
D03731,D05462,P,451,Enzyme: CYP3A4,d0095
D03731,D05466,P,452,unclassified,d0095
D03731,D05476,P,453,unclassified,d0095
D03731,D05491,CI,454,unclassified,d0095
D03731,D05495,P,455,unclassified,d0095
D03731,D05606,P,456,unclassified,d0095
D03731,D05648,P,457,unclassified,d0095
D03731,D05649,P,458,unclassified,d0095
D03731,D05691,P,459,unclassified,d0095
D03731,D05718,P,460,unclassified,d0095
D03731,D05730,P,461,unclassified,d0095
D03731,D05768,P,462,unclassified,d0095
D03731,D05775,P,463,unclassified,d0095
D03731,D05792,P,464,Enzyme: CYP3A4,d0095
D03731,D05832,P,465,unclassified,d0095
D03731,D05879,P,466,unclassified,d0095
D03731,D05997,CI,467,unclassified,d0095
D03731,D06004,CI,468,unclassified,d0095
D03731,D06273,P,469,Enzyme: CYP3A4,d0095
D03731,D06344,P,470,unclassified,d0095
D03731,D06367,CI,471,unclassified,d0095
D03731,D06374,P,472,unclassified,d0095
D03731,D06394,P,473,unclassified,d0095
D03731,D06413,P,474,Enzyme: CYP3A4,d0095
D03731,D06414,P,475,Enzyme: CYP3A4,d0095
D03731,D06553,P,476,unclassified,d0095
D03731,D06597,P,477,Enzyme: CYP3A4 / CYP inhibition: CYP3A4 / CYP induction: CYP3A4,d0095
D03731,D06645,P,478,unclassified,d0095
D03731,D06698,P,479,unclassified,d0095
D03731,D06921,P,480,unclassified,d0095
D03731,D06927,P,481,unclassified,d0095
D03731,D06928,P,482,unclassified,d0095
D03731,D06951,P,483,unclassified,d0095
D03731,D06953,P,484,unclassified,d0095
D03731,D06955,P,485,unclassified,d0095
D03731,D06956,P,486,unclassified,d0095
D03731,D06987,P,487,unclassified,d0095
D03731,D06994,P,488,unclassified,d0095
D03731,D07041,P,489,unclassified,d0095
D03731,D07042,P,490,unclassified,d0095
D03731,D07043,P,491,unclassified,d0095
D03731,D07044,P,492,unclassified,d0095
D03731,D07045,P,493,unclassified,d0095
D03731,D07048,P,494,unclassified,d0095
D03731,D07065,P,495,unclassified,d0095
D03731,D07080,P,496,unclassified,d0095
D03731,D07132,P,497,Enzyme: CYP3A4,d0095
D03731,D07148,P,498,unclassified,d0095
D03731,D07307,P,499,unclassified,d0095
D03731,D07308,P,500,unclassified,d0095
D03731,D07309,P,501,unclassified,d0095
D03731,D07334,CI,502,unclassified,d0095
D03731,D07335,CI,503,unclassified,d0095
D03731,D07336,CI,504,unclassified,d0095
D03731,D07337,CI,505,Target: MAOB,d0095
D03731,D07338,CI,506,Target: MAOB,d0095
D03731,D07377,P,507,unclassified,d0095
D03731,D07448,CI,508,Enzyme: CYP2D6 CYP3A4,d0095
D03731,D07461,P,509,unclassified,d0095
D03731,D07463,P,510,unclassified,d0095
D03731,D07473,CI,511,Enzyme: CYP2D6,d0095
D03731,D07489,P,512,unclassified,d0095
D03731,D07534,P,513,unclassified,d0095
D03731,D07540,P,514,unclassified,d0095
D03731,D07560,P,515,unclassified,d0095
D03731,D07583,P,516,CYP induction: CYP2B6,d0095
D03731,D07595,P,517,CYP induction: CYP3A4 CYP2B6,d0095
D03731,D07601,CI,518,unclassified,d0095
D03731,D07685,P,519,unclassified,d0095
D03731,D07704,CI,520,Enzyme: CYP2D6 CYP3A4,d0095
D03731,D07705,CI,521,Enzyme: CYP2D6 CYP3A4,d0095
D03731,D07710,P,522,Enzyme: CYP3A4 / CYP inhibition: CYP3A4,d0095
D03731,D07713,P,523,unclassified,d0095
D03731,D07727,CI,524,Enzyme: CYP2D6 CYP3A4,d0095
D03731,D07756,P,525,unclassified,d0095
D03731,D07791,CI,526,unclassified,d0095
D03731,D07793,CI,527,Enzyme: CYP3A4,d0095
D03731,D07795,P,528,unclassified,d0095
D03731,D07812,CI,529,unclassified,d0095
D03731,D07865,P,530,unclassified,d0095
D03731,D07872,CI,531,Enzyme: CYP2D6,d0095
D03731,D07875,CI,532,Enzyme: CYP2D6,d0095
D03731,D07880,CI,533,CYP inhibition: CYP2D6,d0095
D03731,D07909,P,534,unclassified,d0095
D03731,D07910,P,535,unclassified,d0095
D03731,D07913,CI,536,Enzyme: CYP2D6 CYP3A4 / CYP inhibition: CYP2D6,d0095
D03731,D07928,P,537,Enzyme: CYP3A4 / CYP inhibition: CYP3A4,d0095
D03731,D07977,P,538,Enzyme: CYP2D6,d0095
D03731,D07984,CI,539,Enzyme: CYP2D6 / CYP inhibition: CYP2D6 CYP3A4,d0095
D03731,D07990,P,540,unclassified,d0095
D03731,D08030,CI,541,unclassified,d0095
D03731,D08031,P,542,Enzyme: CYP3A4,d0095
D03731,D08035,P,543,Enzyme: CYP2D6 CYP3A4,d0095
D03731,D08039,P,544,unclassified,d0095
D03731,D08070,CI,545,Enzyme: CYP2D6 CYP3A4,d0095
D03731,D08071,CI,546,Enzyme: CYP2D6 CYP3A4,d0095
D03731,D08072,CI,547,unclassified,d0095
D03731,D08080,P,548,unclassified,d0095
D03731,D08085,CI,549,Target: MAOB,d0095
D03731,D08090,P,550,unclassified,d0095
D03731,D08092,P,551,unclassified,d0095
D03731,D08093,P,552,unclassified,d0095
D03731,D08124,P,553,unclassified,d0095
D03731,D08140,CI,554,unclassified,d0095
D03731,D08141,P,555,unclassified,d0095
D03731,D08165,P,556,unclassified,d0095
D03731,D08171,CI,557,unclassified,d0095
D03731,D08172,P,558,unclassified,d0095
D03731,D08192,P,559,unclassified,d0095
D03731,D08201,P,560,unclassified,d0095
D03731,D08205,P,561,unclassified,d0095
D03731,D08206,P,562,unclassified,d0095
D03731,D08216,CI,563,Enzyme: CYP2D6 CYP3A4,d0095
D03731,D08220,P,564,CYP inhibition: CYP2D6,d0095
D03731,D08222,CI,565,unclassified,d0095
D03731,D08253,P,566,unclassified,d0095
D03731,D08284,P,567,unclassified,d0095
D03731,D08286,P,568,unclassified,d0095
D03731,D08288,CI,569,Enzyme: CYP2D6,d0095
D03731,D08297,CI,570,unclassified,d0095
D03731,D08300,P,571,unclassified,d0095
D03731,D08308,P,572,unclassified,d0095
D03731,D08309,P,573,unclassified,d0095
D03731,D08322,P,574,unclassified,d0095
D03731,D08341,P,575,Enzyme: CYP2D6,d0095
D03731,D08342,P,576,Enzyme: CYP2D6,d0095
D03731,D08347,CI,577,unclassified,d0095
D03731,D08348,CI,578,unclassified,d0095
D03731,D08349,CI,579,Target: MAOB,d0095
D03731,D08365,P,580,unclassified,d0095
D03731,D08366,P,581,unclassified,d0095
D03731,D08368,P,582,unclassified,d0095
D03731,D08385,P,583,unclassified,d0095
D03731,D08387,P,584,unclassified,d0095
D03731,D08392,CI,585,unclassified,d0095
D03731,D08393,CI,586,unclassified,d0095
D03731,D08424,P,587,Enzyme: CYP3A4,d0095
D03731,D08430,P,588,unclassified,d0095
D03731,D08447,CI,589,unclassified,d0095
D03731,D08449,P,590,unclassified,d0095
D03731,D08453,CI,591,Target: MAOB,d0095
D03731,D08469,CI,592,Target: MAOB,d0095
D03731,D08472,CI,593,unclassified,d0095
D03731,D08474,P,594,unclassified,d0095
D03731,D08487,P,595,unclassified,d0095
D03731,D08511,CI,596,unclassified,d0095
D03731,D08570,P,597,unclassified,d0095
D03731,D08575,"CI,P",598,Enzyme: CYP2D6,d0095
D03731,D08578,P,599,unclassified,d0095
D03731,D08585,P,600,unclassified,d0095
D03731,D08611,P,601,unclassified,d0095
D03731,D08625,CI,602,Target: MAOB,d0095
D03731,D08629,P,603,unclassified,d0095
D03731,D08636,P,604,unclassified,d0095
D03731,D08637,P,605,unclassified,d0095
D03731,D08670,CI,606,Enzyme: CYP2D6,d0095
D03731,D08673,CI,607,Enzyme: CYP2D6,d0095
D03731,D08683,P,608,unclassified,d0095
D03731,D08695,P,609,Enzyme: CYP2D6,d0095
D03731,D08769,P,610,unclassified,d0095
D03731,D08850,P,611,unclassified,d0095
D03731,D08851,P,612,unclassified,d0095
D03731,D08897,P,613,unclassified,d0095
D03731,D08923,P,614,Enzyme: CYP2D6 CYP3A4,d0095
D03731,D08945,P,615,unclassified,d0095
D03731,D08966,P,616,unclassified,d0095
D03731,D09186,P,617,unclassified,d0095
D03731,D09216,P,618,unclassified,d0095
D03731,D09318,P,619,Enzyme: CYP3A4,d0095
D03731,D09319,P,620,Enzyme: CYP3A4,d0095
D03731,D09340,CI,621,unclassified,d0095
D03731,D09341,CI,622,unclassified,d0095
D03731,D09344,P,623,unclassified,d0095
D03731,D09535,P,624,Enzyme: CYP3A4 / CYP inhibition: CYP2D6,d0095
D03731,D09566,P,625,unclassified,d0095
D03731,D09592,P,626,unclassified,d0095
D03731,D09638,P,627,Enzyme: CYP3A4,d0095
D03731,D09696,P,628,unclassified,d0095
D03731,D09697,P,629,unclassified,d0095
D03731,D09701,P,630,Enzyme: CYP3A4,d0095
D03731,D09727,P,631,unclassified,d0095
D03731,D09731,P,632,Enzyme: CYP3A4 / CYP inhibition: CYP2B6,d0095
D03731,D09732,P,633,unclassified,d0095
D03731,D09741,P,634,Enzyme: CYP3A4,d0095
D03731,D09744,P,635,unclassified,d0095
D03731,D09753,P,636,Enzyme: CYP3A4,d0095
D03731,D09756,P,637,Enzyme: CYP3A4 / CYP inhibition: CYP2D6 CYP3A4,d0095
D03731,D09763,P,638,unclassified,d0095
D03731,D09773,CI,639,unclassified,d0095
D03731,D09780,P,640,unclassified,d0095
D03731,D09784,P,641,unclassified,d0095
D03731,D09794,P,642,unclassified,d0095
D03731,D09799,P,643,CYP inhibition: CYP3A4,d0095
D03731,D09819,P,644,Enzyme: CYP2D6 / CYP inhibition: CYP2D6,d0095
D03731,D09842,P,645,unclassified,d0095
D03731,D09848,P,646,unclassified,d0095
D03731,D09889,P,647,unclassified,d0095
D03731,D09890,CI,648,unclassified,d0095
D03731,D09891,CI,649,unclassified,d0095
D03731,D09894,P,650,Enzyme: CYP2D6,d0095
D03731,D09978,P,651,unclassified,d0095
D03731,D09993,P,652,unclassified,d0095
D03731,D09996,P,653,CYP induction: CYP3A4,d0095
D03731,D09999,CI,654,Enzyme: CYP2D6 CYP3A4,d0095
D03731,D10003,P,655,CYP induction: CYP3A4 CYP2D6,d0095
D03731,D10020,P,656,unclassified,d0095
D03731,D10104,P,657,Enzyme: CYP3A4 / CYP induction: CYP3A4,d0095
D03731,D10127,P,658,unclassified,d0095
D03731,D10145,P,659,unclassified,d0095
D03731,D10158,CI,660,Target: MAOB,d0095
D03731,D10159,P,661,unclassified,d0095
D03731,D10160,P,662,unclassified,d0095
D03731,D10161,P,663,unclassified,d0095
D03731,D10179,P,664,Enzyme: CYP2D6,d0095
D03731,D10185,CI,665,Enzyme: CYP2B6 CYP2D6,d0095
D03731,D10191,CI,666,Target: MAOB,d0095
D03731,D10195,P,667,unclassified,d0095
D03731,D10199,CI,668,unclassified,d0095
D03731,D10200,P,669,unclassified,d0095
D03731,D10218,P,670,unclassified,d0095
D03731,D10219,P,671,unclassified,d0095
D03731,D10220,P,672,unclassified,d0095
D03731,D10252,P,673,unclassified,d0095
D03731,D10253,P,674,unclassified,d0095
D03731,D10293,P,675,unclassified,d0095
D03731,D10298,P,676,unclassified,d0095
D03731,D10317,P,677,unclassified,d0095
D03731,D10372,P,678,unclassified,d0095
D03731,D10424,P,679,unclassified,d0095
D03731,D10459,P,680,unclassified,d0095
D03731,D10466,P,681,Enzyme: CYP2D6 CYP3A4,d0095
D03731,D10505,P,682,Enzyme: CYP3A4,d0095
D03731,D10533,P,683,Enzyme: CYP2D6 CYP3A4,d0095
D03731,D10551,P,684,unclassified,d0095
D03731,D10564,P,685,CYP induction: CYP2B6,d0095
D03731,D10566,P,686,unclassified,d0095
D03731,D10570,P,687,unclassified,d0095
D03731,D10588,P,688,unclassified,d0095
D03731,D10633,P,689,Enzyme: CYP3A4,d0095
D03731,D10643,P,690,CYP induction: CYP2B6,d0095
D03731,D10743,P,691,unclassified,d0095
D03731,D10744,P,692,unclassified,d0095
D03731,D10762,P,693,unclassified,d0095
D03731,D10774,P,694,Enzyme: CYP2D6 CYP3A4,d0095
D03731,D10775,P,695,Enzyme: CYP2D6 CYP3A4 / CYP inhibition: CYP3A4,d0095
D03731,D10801,P,696,unclassified,d0095
D03731,D10825,P,697,unclassified,d0095
D03731,D10829,CI,698,Target: MAOB,d0095
D03731,D10854,P,699,unclassified,d0095
D03731,D10897,P,700,Enzyme: CYP3A4,d0095
D03731,D10926,P,701,Enzyme: CYP3A4,d0095
D03731,D10967,P,702,unclassified,d0095
D03731,D10990,P,703,unclassified,d0095
D03731,D10999,P,704,Enzyme: CYP3A4,d0095
D03731,D11009,P,705,Enzyme: CYP3A4,d0095
D03731,D11012,P,706,unclassified,d0095
D03731,D11027,P,707,unclassified,d0095
D03731,D11034,P,708,unclassified,d0095
D03731,D11040,P,709,Enzyme: CYP3A4 / CYP induction: CYP3A4,d0095
D03731,D11053,P,710,Enzyme: CYP3A4,d0095
D03731,D11056,CI,711,Enzyme: CYP2D6 CYP3A4,d0095
D03731,D11064,P,712,unclassified,d0095
D03731,D11088,P,713,unclassified,d0095
D03731,D11090,P,714,unclassified,d0095
D03731,D11109,P,715,unclassified,d0095
D03731,D11138,P,716,unclassified,d0095
D03731,D11194,P,717,unclassified,d0095
D03731,D11290,P,718,unclassified,d0095
D03731,D11296,P,719,Enzyme: CYP3A4,d0095
D03731,D11370,P,720,unclassified,d0095
D03731,D11371,P,721,unclassified,d0095
D03731,D11422,P,722,unclassified,d0095
D03731,D11454,P,723,Enzyme: CYP3A4,d0095
D03731,D11485,P,724,unclassified,d0095
D03731,D11557,P,725,CYP induction: CYP3A4 CYP2B6,d0095
D03731,D11567,P,726,unclassified,d0095
D03731,D11619,CI,727,unclassified,d0095
D03731,D11674,P,728,CYP inhibition: CYP2D6 CYP3A4,d0095
D03731,D11708,P,729,unclassified,d0095
D03731,D11713,P,730,Enzyme: CYP3A4,d0095
D03731,D11804,P,731,unclassified,d0095
D03731,D11807,P,732,unclassified,d0095
D03731,D11816,P,733,Enzyme: CYP3A4,d0095
D03731,D11835,P,734,Enzyme: CYP2D6,d0095
D03731,D11861,P,735,unclassified,d0095
D03731,D11862,P,736,unclassified,d0095
D03731,D11873,P,737,unclassified,d0095
D03731,D11887,P,738,unclassified,d0095
D03731,D11920,P,739,unclassified,d0095
D03731,D11954,P,740,unclassified,d0095
D03731,D11970,P,741,unclassified,d0095
D03731,D12049,P,742,CYP inhibition: CYP2B6,d0095
D03731,D12050,P,743,Enzyme: CYP3A4,d0095
D03731,D12055,P,744,unclassified,d0095
D03731,D12217,P,745,Enzyme: CYP3A4,d0095
D03731,D12245,P,746,Enzyme: CYP3A4,d0095
D03731,D12252,P,747,CYP induction: CYP3A4,d0095
D03731,D12358,P,748,unclassified,d0095
D03731,D12364,P,749,unclassified,d0095
D03731,D12403,CI,750,Enzyme: CYP2D6,d0095
D03731,D12437,P,751,unclassified,d0095
D03731,D12442,P,752,unclassified,d0095
D03731,D12444,P,753,Enzyme: CYP3A4,d0095
D03731,D12494,P,754,unclassified,d0095
D03731,D12586,P,755,unclassified,d0095
D03731,D12837,P,756,CYP induction: CYP2B6,d0095
D03731,D12934,P,757,unclassified,d0095
D03731,D12935,P,758,unclassified,d0095
D03731,D13245,P,759,unclassified,d0095
D03733,D00076,P,1,unclassified,d0104
D03733,D00095,P,2,unclassified,d0104
D03733,D00216,P,3,unclassified,d0104
D03733,D00225,P,4,unclassified,d0104
D03733,D00228,CI,5,unclassified,d0104
D03733,D00265,P,6,unclassified,d0104
D03733,D00267,P,7,unclassified,d0104
D03733,D00280,P,8,unclassified,d0104
D03733,D00283,P,9,unclassified,d0104
D03733,D00293,P,10,unclassified,d0104
D03733,D00308,P,11,unclassified,d0104
D03733,D00311,P,12,unclassified,d0104
D03733,D00320,P,13,unclassified,d0104
D03733,D00336,P,14,unclassified,d0104
D03733,D00365,P,15,unclassified,d0104
D03733,D00367,CI,16,unclassified,d0104
D03733,D00387,P,17,unclassified,d0104
D03733,D00388,P,18,unclassified,d0104
D03733,D00402,P,19,unclassified,d0104
D03733,D00415,CI,20,unclassified,d0104
D03733,D00451,CI,21,unclassified,d0104
D03733,D00457,P,22,unclassified,d0104
D03733,D00474,P,23,unclassified,d0104
D03733,D00481,P,24,unclassified,d0104
D03733,D00506,P,25,unclassified,d0104
D03733,D00511,P,26,unclassified,d0104
D03733,D00520,CI,27,unclassified,d0104
D03733,D00531,P,28,unclassified,d0104
D03733,D00550,P,29,unclassified,d0104
D03733,D00563,CI,30,unclassified,d0104
D03733,D00593,P,31,unclassified,d0104
D03733,D00594,P,32,unclassified,d0104
D03733,D00625,P,33,unclassified,d0104
D03733,D00633,P,34,Enzyme-Target: MAOB,d0104
D03733,D00665,P,35,unclassified,d0104
D03733,D00666,P,36,unclassified,d0104
D03733,D00668,P,37,unclassified,d0104
D03733,D00669,P,38,unclassified,d0104
D03733,D00672,P,39,unclassified,d0104
D03733,D00675,CI,40,unclassified,d0104
D03733,D00676,CI,41,unclassified,d0104
D03733,D00677,P,42,unclassified,d0104
D03733,D00678,P,43,unclassified,d0104
D03733,D00694,P,44,unclassified,d0104
D03733,D00701,P,45,unclassified,d0104
D03733,D00713,P,46,unclassified,d0104
D03733,D00714,P,47,unclassified,d0104
D03733,D00720,P,48,unclassified,d0104
D03733,D00722,P,49,unclassified,d0104
D03733,D00744,P,50,unclassified,d0104
D03733,D00765,P,51,unclassified,d0104
D03733,D00770,P,52,unclassified,d0104
D03733,D00781,P,53,unclassified,d0104
D03733,D00785,CI,54,Target: MAOB,d0104
D03733,D00787,P,55,unclassified,d0104
D03733,D00809,CI,56,unclassified,d0104
D03733,D00811,CI,57,unclassified,d0104
D03733,D00815,CI,58,unclassified,d0104
D03733,D00816,CI,59,unclassified,d0104
D03733,D00818,CI,60,unclassified,d0104
D03733,D00820,P,61,unclassified,d0104
D03733,D00821,CI,62,unclassified,d0104
D03733,D00824,CI,63,unclassified,d0104
D03733,D00825,CI,64,unclassified,d0104
D03733,D00836,P,65,unclassified,d0104
D03733,D00839,P,66,unclassified,d0104
D03733,D00842,P,67,unclassified,d0104
D03733,D00848,P,68,unclassified,d0104
D03733,D00944,P,69,unclassified,d0104
D03733,D00945,P,70,unclassified,d0104
D03733,D00947,P,71,unclassified,d0104
D03733,D01007,P,72,unclassified,d0104
D03733,D01008,CI,73,unclassified,d0104
D03733,D01021,CI,74,unclassified,d0104
D03733,D01022,P,75,unclassified,d0104
D03733,D01096,P,76,unclassified,d0104
D03733,D01107,CI,77,unclassified,d0104
D03733,D01111,P,78,unclassified,d0104
D03733,D01165,P,79,unclassified,d0104
D03733,D01179,CI,80,unclassified,d0104
D03733,D01226,P,81,unclassified,d0104
D03733,D01230,P,82,unclassified,d0104
D03733,D01245,P,83,unclassified,d0104
D03733,D01253,P,84,unclassified,d0104
D03733,D01268,P,85,unclassified,d0104
D03733,D01269,P,86,unclassified,d0104
D03733,D01277,P,87,unclassified,d0104
D03733,D01278,P,88,unclassified,d0104
D03733,D01280,P,89,unclassified,d0104
D03733,D01292,P,90,unclassified,d0104
D03733,D01293,P,91,unclassified,d0104
D03733,D01296,CI,92,unclassified,d0104
D03733,D01302,P,93,unclassified,d0104
D03733,D01324,P,94,unclassified,d0104
D03733,D01328,P,95,unclassified,d0104
D03733,D01347,CI,96,unclassified,d0104
D03733,D01355,CI,97,unclassified,d0104
D03733,D01358,CI,98,unclassified,d0104
D03733,D01383,CI,99,unclassified,d0104
D03733,D01386,P,100,unclassified,d0104
D03733,D01389,P,101,unclassified,d0104
D03733,D01399,P,102,unclassified,d0104
D03733,D01408,P,103,unclassified,d0104
D03733,D01451,P,104,unclassified,d0104
D03733,D01453,P,105,unclassified,d0104
D03733,D01481,P,106,unclassified,d0104
D03733,D01514,P,107,unclassified,d0104
D03733,D01564,P,108,unclassified,d0104
D03733,D01599,P,109,unclassified,d0104
D03733,D01657,P,110,unclassified,d0104
D03733,D01665,P,111,unclassified,d0104
D03733,D01744,P,112,unclassified,d0104
D03733,D01832,P,113,unclassified,d0104
D03733,D01854,P,114,unclassified,d0104
D03733,D01872,P,115,unclassified,d0104
D03733,D01875,P,116,unclassified,d0104
D03733,D01898,P,117,unclassified,d0104
D03733,D01903,P,118,unclassified,d0104
D03733,D02016,P,119,unclassified,d0104
D03733,D02034,CI,120,unclassified,d0104
D03733,D02064,P,121,unclassified,d0104
D03733,D02069,P,122,unclassified,d0104
D03733,D02076,P,123,unclassified,d0104
D03733,D02101,P,124,unclassified,d0104
D03733,D02102,P,125,unclassified,d0104
D03733,D02109,P,126,unclassified,d0104
D03733,D02234,P,127,unclassified,d0104
D03733,D02242,CI,128,unclassified,d0104
D03733,D02246,P,129,unclassified,d0104
D03733,D02247,P,130,unclassified,d0104
D03733,D02260,CI,131,unclassified,d0104
D03733,D02271,P,132,unclassified,d0104
D03733,D02408,CI,133,unclassified,d0104
D03733,D02409,P,134,unclassified,d0104
D03733,D02535,P,135,unclassified,d0104
D03733,D02562,CI,136,Target: MAOB,d0104
D03733,D02567,CI,137,unclassified,d0104
D03733,D02574,CI,138,unclassified,d0104
D03733,D03230,P,139,unclassified,d0104
D03733,D03250,P,140,unclassified,d0104
D03733,D03855,CI,141,unclassified,d0104
D03733,D04044,P,142,unclassified,d0104
D03733,D04052,P,143,unclassified,d0104
D03733,D04062,P,144,unclassified,d0104
D03733,D04081,P,145,unclassified,d0104
D03733,D04148,CI,146,unclassified,d0104
D03733,D04251,CI,147,unclassified,d0104
D03733,D04259,P,148,unclassified,d0104
D03733,D04261,P,149,unclassified,d0104
D03733,D04313,P,150,unclassified,d0104
D03733,D04340,P,151,unclassified,d0104
D03733,D04342,P,152,unclassified,d0104
D03733,D04364,P,153,unclassified,d0104
D03733,D04447,P,154,unclassified,d0104
D03733,D04475,P,155,unclassified,d0104
D03733,D04477,P,156,unclassified,d0104
D03733,D04539,P,157,unclassified,d0104
D03733,D04540,P,158,unclassified,d0104
D03733,D04547,P,159,unclassified,d0104
D03733,D04747,CI,160,unclassified,d0104
D03733,D04813,P,161,unclassified,d0104
D03733,D05462,P,162,unclassified,d0104
D03733,D06273,P,163,unclassified,d0104
D03733,D06553,P,164,unclassified,d0104
D03733,D06645,P,165,unclassified,d0104
D03733,D06698,P,166,unclassified,d0104
D03733,D06921,P,167,unclassified,d0104
D03733,D06927,P,168,unclassified,d0104
D03733,D06928,P,169,unclassified,d0104
D03733,D06951,P,170,unclassified,d0104
D03733,D06953,P,171,unclassified,d0104
D03733,D06955,P,172,unclassified,d0104
D03733,D06956,P,173,unclassified,d0104
D03733,D06987,P,174,unclassified,d0104
D03733,D06994,P,175,unclassified,d0104
D03733,D07041,P,176,unclassified,d0104
D03733,D07042,P,177,unclassified,d0104
D03733,D07043,P,178,unclassified,d0104
D03733,D07044,P,179,unclassified,d0104
D03733,D07045,P,180,unclassified,d0104
D03733,D07048,P,181,unclassified,d0104
D03733,D07080,P,182,unclassified,d0104
D03733,D07132,P,183,unclassified,d0104
D03733,D07583,P,184,unclassified,d0104
D03733,D08080,P,185,unclassified,d0104
D03733,D08575,CI,186,unclassified,d0104
D03733,D08695,P,187,unclassified,d0104
D03733,D08769,P,188,unclassified,d0104
D03733,D08897,P,189,unclassified,d0104
D03733,D08923,P,190,unclassified,d0104
D03733,D09186,P,191,unclassified,d0104
D03733,D09319,P,192,unclassified,d0104
D03733,D09566,P,193,unclassified,d0104
D03733,D09592,P,194,unclassified,d0104
D03733,D09727,P,195,unclassified,d0104
D03733,D09744,P,196,unclassified,d0104
D03733,D09753,P,197,unclassified,d0104
D03733,D09756,P,198,unclassified,d0104
D03733,D09763,P,199,unclassified,d0104
D03733,D09780,P,200,unclassified,d0104
D03733,D09848,P,201,unclassified,d0104
D03733,D09889,P,202,unclassified,d0104
D03733,D09978,P,203,unclassified,d0104
D03733,D09999,CI,204,unclassified,d0104
D03733,D10159,P,205,unclassified,d0104
D03733,D10160,P,206,unclassified,d0104
D03733,D10179,P,207,unclassified,d0104
D03733,D10185,CI,208,unclassified,d0104
D03733,D10191,CI,209,Target: MAOB,d0104
D03733,D10195,P,210,unclassified,d0104
D03733,D10200,P,211,unclassified,d0104
D03733,D10252,P,212,unclassified,d0104
D03733,D10253,P,213,unclassified,d0104
D03733,D10293,P,214,unclassified,d0104
D03733,D10298,P,215,unclassified,d0104
D03733,D10317,P,216,unclassified,d0104
D03733,D10424,P,217,unclassified,d0104
D03733,D10459,P,218,unclassified,d0104
D03733,D10505,P,219,unclassified,d0104
D03733,D10570,P,220,unclassified,d0104
D03733,D10588,P,221,unclassified,d0104
D03733,D10743,P,222,unclassified,d0104
D03733,D10744,P,223,unclassified,d0104
D03733,D10825,P,224,unclassified,d0104
D03733,D10854,P,225,unclassified,d0104
D03733,D10897,P,226,unclassified,d0104
D03733,D10967,P,227,unclassified,d0104
D03733,D10999,P,228,unclassified,d0104
D03733,D11034,P,229,unclassified,d0104
D03733,D11064,P,230,unclassified,d0104
D03733,D11109,P,231,unclassified,d0104
D03733,D11290,P,232,unclassified,d0104
D03733,D11567,P,233,unclassified,d0104
D03733,D11807,P,234,unclassified,d0104
D03733,D11861,P,235,unclassified,d0104
D03733,D11862,P,236,unclassified,d0104
D03733,D12358,P,237,unclassified,d0104
D03733,D12437,P,238,unclassified,d0104
D03733,D13245,P,239,unclassified,d0104
D04092,D00076,P,1,unclassified,d0124
D04092,D00095,P,2,unclassified,d0124
D04092,D00216,P,3,unclassified,d0124
D04092,D00225,P,4,unclassified,d0124
D04092,D00228,CI,5,unclassified,d0124
D04092,D00265,P,6,unclassified,d0124
D04092,D00267,P,7,unclassified,d0124
D04092,D00280,P,8,unclassified,d0124
D04092,D00283,P,9,unclassified,d0124
D04092,D00293,P,10,unclassified,d0124
D04092,D00308,P,11,unclassified,d0124
D04092,D00311,P,12,unclassified,d0124
D04092,D00320,P,13,unclassified,d0124
D04092,D00336,P,14,unclassified,d0124
D04092,D00365,P,15,unclassified,d0124
D04092,D00367,CI,16,unclassified,d0124
D04092,D00387,P,17,unclassified,d0124
D04092,D00388,P,18,unclassified,d0124
D04092,D00402,P,19,unclassified,d0124
D04092,D00415,CI,20,Enzyme-Target: MAOA,d0124
D04092,D00451,CI,21,Enzyme-Target: MAOA,d0124
D04092,D00457,P,22,unclassified,d0124
D04092,D00474,P,23,unclassified,d0124
D04092,D00481,P,24,unclassified,d0124
D04092,D00506,P,25,unclassified,d0124
D04092,D00511,P,26,unclassified,d0124
D04092,D00520,CI,27,unclassified,d0124
D04092,D00531,P,28,unclassified,d0124
D04092,D00550,P,29,unclassified,d0124
D04092,D00563,CI,30,unclassified,d0124
D04092,D00593,P,31,unclassified,d0124
D04092,D00594,P,32,unclassified,d0124
D04092,D00625,P,33,unclassified,d0124
D04092,D00633,P,34,Enzyme-Target: MAOB,d0124
D04092,D00665,P,35,unclassified,d0124
D04092,D00666,P,36,unclassified,d0124
D04092,D00668,P,37,unclassified,d0124
D04092,D00669,P,38,unclassified,d0124
D04092,D00672,P,39,unclassified,d0124
D04092,D00675,CI,40,unclassified,d0124
D04092,D00676,CI,41,Enzyme-Target: MAOA,d0124
D04092,D00677,P,42,unclassified,d0124
D04092,D00678,P,43,unclassified,d0124
D04092,D00694,P,44,unclassified,d0124
D04092,D00701,P,45,unclassified,d0124
D04092,D00713,P,46,unclassified,d0124
D04092,D00714,P,47,unclassified,d0124
D04092,D00720,P,48,unclassified,d0124
D04092,D00722,P,49,unclassified,d0124
D04092,D00744,P,50,unclassified,d0124
D04092,D00765,P,51,unclassified,d0124
D04092,D00770,P,52,unclassified,d0124
D04092,D00785,CI,53,Target: MAOB,d0124
D04092,D00787,P,54,unclassified,d0124
D04092,D00809,CI,55,unclassified,d0124
D04092,D00811,CI,56,unclassified,d0124
D04092,D00815,CI,57,unclassified,d0124
D04092,D00816,CI,58,unclassified,d0124
D04092,D00818,CI,59,unclassified,d0124
D04092,D00820,P,60,unclassified,d0124
D04092,D00821,CI,61,unclassified,d0124
D04092,D00824,CI,62,unclassified,d0124
D04092,D00825,CI,63,unclassified,d0124
D04092,D00836,P,64,unclassified,d0124
D04092,D00839,P,65,unclassified,d0124
D04092,D00842,P,66,unclassified,d0124
D04092,D00944,P,67,unclassified,d0124
D04092,D00945,P,68,unclassified,d0124
D04092,D00947,P,69,unclassified,d0124
D04092,D01007,P,70,unclassified,d0124
D04092,D01008,CI,71,unclassified,d0124
D04092,D01021,CI,72,unclassified,d0124
D04092,D01022,P,73,unclassified,d0124
D04092,D01096,P,74,unclassified,d0124
D04092,D01107,CI,75,unclassified,d0124
D04092,D01111,P,76,unclassified,d0124
D04092,D01165,P,77,unclassified,d0124
D04092,D01179,CI,78,unclassified,d0124
D04092,D01226,P,79,unclassified,d0124
D04092,D01230,P,80,unclassified,d0124
D04092,D01245,P,81,unclassified,d0124
D04092,D01253,P,82,unclassified,d0124
D04092,D01268,P,83,unclassified,d0124
D04092,D01269,P,84,unclassified,d0124
D04092,D01277,P,85,unclassified,d0124
D04092,D01278,P,86,unclassified,d0124
D04092,D01280,P,87,unclassified,d0124
D04092,D01292,P,88,unclassified,d0124
D04092,D01293,P,89,unclassified,d0124
D04092,D01296,CI,90,unclassified,d0124
D04092,D01302,P,91,unclassified,d0124
D04092,D01324,P,92,unclassified,d0124
D04092,D01328,P,93,unclassified,d0124
D04092,D01347,CI,94,unclassified,d0124
D04092,D01355,CI,95,unclassified,d0124
D04092,D01358,CI,96,unclassified,d0124
D04092,D01383,CI,97,unclassified,d0124
D04092,D01386,P,98,unclassified,d0124
D04092,D01389,P,99,unclassified,d0124
D04092,D01399,P,100,unclassified,d0124
D04092,D01408,P,101,unclassified,d0124
D04092,D01451,P,102,unclassified,d0124
D04092,D01453,P,103,unclassified,d0124
D04092,D01481,P,104,unclassified,d0124
D04092,D01514,P,105,unclassified,d0124
D04092,D01564,P,106,unclassified,d0124
D04092,D01599,P,107,unclassified,d0124
D04092,D01657,P,108,unclassified,d0124
D04092,D01665,P,109,unclassified,d0124
D04092,D01744,P,110,unclassified,d0124
D04092,D01832,P,111,unclassified,d0124
D04092,D01854,P,112,unclassified,d0124
D04092,D01872,P,113,unclassified,d0124
D04092,D01875,P,114,unclassified,d0124
D04092,D01898,P,115,unclassified,d0124
D04092,D01903,P,116,unclassified,d0124
D04092,D02016,P,117,unclassified,d0124
D04092,D02034,CI,118,unclassified,d0124
D04092,D02064,P,119,unclassified,d0124
D04092,D02069,P,120,unclassified,d0124
D04092,D02076,P,121,unclassified,d0124
D04092,D02101,P,122,unclassified,d0124
D04092,D02102,P,123,unclassified,d0124
D04092,D02109,P,124,unclassified,d0124
D04092,D02234,P,125,unclassified,d0124
D04092,D02242,CI,126,unclassified,d0124
D04092,D02246,P,127,unclassified,d0124
D04092,D02247,P,128,unclassified,d0124
D04092,D02260,CI,129,unclassified,d0124
D04092,D02271,P,130,unclassified,d0124
D04092,D02408,CI,131,unclassified,d0124
D04092,D02409,P,132,unclassified,d0124
D04092,D02535,P,133,unclassified,d0124
D04092,D02562,CI,134,Target: MAOB,d0124
D04092,D02567,CI,135,unclassified,d0124
D04092,D02574,CI,136,unclassified,d0124
D04092,D03230,P,137,unclassified,d0124
D04092,D03250,P,138,unclassified,d0124
D04092,D03855,CI,139,unclassified,d0124
D04092,D04044,P,140,unclassified,d0124
D04092,D04052,P,141,unclassified,d0124
D04092,D04062,P,142,unclassified,d0124
D04092,D04081,P,143,unclassified,d0124
D04092,D04148,CI,144,unclassified,d0124
D04092,D04251,CI,145,unclassified,d0124
D04092,D04259,P,146,unclassified,d0124
D04092,D04261,P,147,unclassified,d0124
D04092,D04313,P,148,unclassified,d0124
D04092,D04342,P,149,unclassified,d0124
D04092,D04364,P,150,unclassified,d0124
D04092,D04447,P,151,unclassified,d0124
D04092,D04475,P,152,unclassified,d0124
D04092,D04477,P,153,unclassified,d0124
D04092,D04539,P,154,unclassified,d0124
D04092,D04540,P,155,unclassified,d0124
D04092,D04547,P,156,unclassified,d0124
D04092,D04747,CI,157,unclassified,d0124
D04092,D04813,P,158,unclassified,d0124
D04092,D05462,P,159,unclassified,d0124
D04092,D06273,P,160,unclassified,d0124
D04092,D06553,P,161,unclassified,d0124
D04092,D06645,P,162,unclassified,d0124
D04092,D06698,P,163,unclassified,d0124
D04092,D06921,P,164,unclassified,d0124
D04092,D06927,P,165,unclassified,d0124
D04092,D06928,P,166,unclassified,d0124
D04092,D06951,P,167,unclassified,d0124
D04092,D06953,P,168,unclassified,d0124
D04092,D06955,P,169,unclassified,d0124
D04092,D06956,P,170,unclassified,d0124
D04092,D06987,P,171,unclassified,d0124
D04092,D06994,P,172,unclassified,d0124
D04092,D07041,P,173,unclassified,d0124
D04092,D07042,P,174,unclassified,d0124
D04092,D07043,P,175,unclassified,d0124
D04092,D07044,P,176,unclassified,d0124
D04092,D07045,P,177,unclassified,d0124
D04092,D07048,P,178,unclassified,d0124
D04092,D07080,P,179,unclassified,d0124
D04092,D07132,P,180,unclassified,d0124
D04092,D07583,P,181,unclassified,d0124
D04092,D08080,P,182,unclassified,d0124
D04092,D08575,CI,183,unclassified,d0124
D04092,D08695,P,184,unclassified,d0124
D04092,D08769,P,185,unclassified,d0124
D04092,D08897,P,186,unclassified,d0124
D04092,D08923,P,187,unclassified,d0124
D04092,D09186,P,188,unclassified,d0124
D04092,D09319,P,189,unclassified,d0124
D04092,D09566,P,190,unclassified,d0124
D04092,D09592,P,191,unclassified,d0124
D04092,D09727,P,192,unclassified,d0124
D04092,D09744,P,193,unclassified,d0124
D04092,D09753,P,194,unclassified,d0124
D04092,D09756,P,195,unclassified,d0124
D04092,D09763,P,196,unclassified,d0124
D04092,D09780,P,197,unclassified,d0124
D04092,D09848,P,198,unclassified,d0124
D04092,D09889,P,199,unclassified,d0124
D04092,D09978,P,200,unclassified,d0124
D04092,D09999,CI,201,unclassified,d0124
D04092,D10159,P,202,unclassified,d0124
D04092,D10160,P,203,unclassified,d0124
D04092,D10179,P,204,unclassified,d0124
D04092,D10185,CI,205,unclassified,d0124
D04092,D10191,CI,206,Target: MAOB / Enzyme-Target: MAOA,d0124
D04092,D10195,P,207,unclassified,d0124
D04092,D10200,P,208,unclassified,d0124
D04092,D10253,P,209,unclassified,d0124
D04092,D10298,P,210,unclassified,d0124
D04092,D10317,P,211,unclassified,d0124
D04092,D10424,P,212,unclassified,d0124
D04092,D10459,P,213,unclassified,d0124
D04092,D10505,P,214,unclassified,d0124
D04092,D10570,P,215,unclassified,d0124
D04092,D10588,P,216,unclassified,d0124
D04092,D10743,P,217,unclassified,d0124
D04092,D10744,P,218,unclassified,d0124
D04092,D10854,P,219,unclassified,d0124
D04092,D10897,P,220,unclassified,d0124
D04092,D10967,P,221,unclassified,d0124
D04092,D10999,P,222,unclassified,d0124
D04092,D11034,P,223,unclassified,d0124
D04092,D11064,P,224,unclassified,d0124
D04092,D11109,P,225,unclassified,d0124
D04092,D11290,P,226,unclassified,d0124
D04092,D11567,P,227,unclassified,d0124
D04092,D11807,P,228,unclassified,d0124
D04092,D11861,P,229,unclassified,d0124
D04092,D11862,P,230,unclassified,d0124
D04092,D12358,P,231,unclassified,d0124
D04092,D12437,P,232,unclassified,d0124
D04092,D13245,P,233,unclassified,d0124
D04105,D00076,P,1,unclassified,d0063
D04105,D00095,P,2,unclassified,d0063
D04105,D00109,P,3,unclassified,d0063
D04105,D00126,P,4,unclassified,d0063
D04105,D00132,P,5,unclassified,d0063
D04105,D00228,P,6,unclassified,d0063
D04105,D00252,P,7,unclassified,d0063
D04105,D00255,P,8,unclassified,d0063
D04105,D00295,P,9,unclassified,d0063
D04105,D00311,P,10,unclassified,d0063
D04105,D00320,P,11,unclassified,d0063
D04105,D00415,P,12,unclassified,d0063
D04105,D00451,P,13,unclassified,d0063
D04105,D00563,P,14,unclassified,d0063
D04105,D00601,P,15,unclassified,d0063
D04105,D00603,P,16,unclassified,d0063
D04105,D00605,P,17,unclassified,d0063
D04105,D00674,P,18,unclassified,d0063
D04105,D00675,P,19,unclassified,d0063
D04105,D00676,P,20,unclassified,d0063
D04105,D00677,P,21,unclassified,d0063
D04105,D00678,P,22,unclassified,d0063
D04105,D00754,P,23,unclassified,d0063
D04105,D00769,P,24,unclassified,d0063
D04105,D00785,CI,25,unclassified,d0063
D04105,D00801,P,26,unclassified,d0063
D04105,D00809,P,27,unclassified,d0063
D04105,D00811,P,28,unclassified,d0063
D04105,D00815,P,29,unclassified,d0063
D04105,D00818,P,30,unclassified,d0063
D04105,D00820,P,31,unclassified,d0063
D04105,D00821,P,32,unclassified,d0063
D04105,D00824,P,33,unclassified,d0063
D04105,D00848,P,34,unclassified,d0063
D04105,D00904,P,35,unclassified,d0063
D04105,D00947,P,36,unclassified,d0063
D04105,D00966,P,37,unclassified,d0063
D04105,D00969,P,38,unclassified,d0063
D04105,D01028,P,39,unclassified,d0063
D04105,D01179,P,40,unclassified,d0063
D04105,D01280,P,41,unclassified,d0063
D04105,D01296,P,42,unclassified,d0063
D04105,D01355,P,43,unclassified,d0063
D04105,D01383,P,44,unclassified,d0063
D04105,D01399,P,45,unclassified,d0063
D04105,D01973,P,46,unclassified,d0063
D04105,D01992,P,47,unclassified,d0063
D04105,D02102,P,48,unclassified,d0063
D04105,D02106,P,49,unclassified,d0063
D04105,D02234,P,50,unclassified,d0063
D04105,D02235,P,51,unclassified,d0063
D04105,D02260,P,52,unclassified,d0063
D04105,D02484,P,53,unclassified,d0063
D04105,D02562,CI,54,unclassified,d0063
D04105,D02567,P,55,unclassified,d0063
D04105,D03855,P,56,unclassified,d0063
D04105,D03960,P,57,unclassified,d0063
D04105,D04052,P,58,unclassified,d0063
D04105,D04148,P,59,unclassified,d0063
D04105,D04340,P,60,unclassified,d0063
D04105,D04747,P,61,unclassified,d0063
D04105,D05928,P,62,unclassified,d0063
D04105,D06405,P,63,unclassified,d0063
D04105,D07082,P,64,unclassified,d0063
D04105,D07086,P,65,unclassified,d0063
D04105,D07505,P,66,unclassified,d0063
D04105,D08493,P,67,unclassified,d0063
D04105,D09546,P,68,unclassified,d0063
D04105,D09686,P,69,unclassified,d0063
D04105,D09815,P,70,unclassified,d0063
D04105,D09999,P,71,unclassified,d0063
D04105,D10014,P,72,unclassified,d0063
D04105,D10185,P,73,unclassified,d0063
D04105,D10191,CI,74,unclassified,d0063
D04105,D10298,P,75,unclassified,d0063
D04105,D10424,P,76,unclassified,d0063
D04105,D10512,P,77,unclassified,d0063
D04105,D10513,P,78,unclassified,d0063
D04105,D10527,P,79,unclassified,d0063
D04105,D10537,P,80,unclassified,d0063
D04105,D10569,P,81,unclassified,d0063
D04105,D10793,P,82,unclassified,d0063
D04105,D11804,P,83,unclassified,d0063
D04681,D00076,P,1,unclassified,d0102
D04681,D00095,P,2,unclassified,d0102
D04681,D00216,P,3,unclassified,d0102
D04681,D00225,P,4,unclassified,d0102
D04681,D00228,CI,5,unclassified,d0102
D04681,D00265,P,6,unclassified,d0102
D04681,D00267,P,7,unclassified,d0102
D04681,D00280,P,8,unclassified,d0102
D04681,D00283,P,9,unclassified,d0102
D04681,D00293,P,10,unclassified,d0102
D04681,D00308,P,11,unclassified,d0102
D04681,D00311,P,12,unclassified,d0102
D04681,D00320,P,13,unclassified,d0102
D04681,D00336,P,14,unclassified,d0102
D04681,D00365,P,15,unclassified,d0102
D04681,D00367,CI,16,unclassified,d0102
D04681,D00387,P,17,unclassified,d0102
D04681,D00388,P,18,unclassified,d0102
D04681,D00402,P,19,unclassified,d0102
D04681,D00415,CI,20,unclassified,d0102
D04681,D00451,CI,21,unclassified,d0102
D04681,D00457,P,22,unclassified,d0102
D04681,D00474,P,23,unclassified,d0102
D04681,D00481,P,24,unclassified,d0102
D04681,D00506,P,25,unclassified,d0102
D04681,D00511,P,26,unclassified,d0102
D04681,D00520,CI,27,unclassified,d0102
D04681,D00531,P,28,unclassified,d0102
D04681,D00550,P,29,unclassified,d0102
D04681,D00563,CI,30,unclassified,d0102
D04681,D00593,P,31,unclassified,d0102
D04681,D00594,P,32,unclassified,d0102
D04681,D00625,P,33,unclassified,d0102
D04681,D00633,P,34,Enzyme-Target: MAOB,d0102
D04681,D00665,P,35,unclassified,d0102
D04681,D00666,P,36,unclassified,d0102
D04681,D00668,P,37,unclassified,d0102
D04681,D00669,P,38,unclassified,d0102
D04681,D00672,P,39,unclassified,d0102
D04681,D00675,CI,40,unclassified,d0102
D04681,D00676,CI,41,unclassified,d0102
D04681,D00677,P,42,unclassified,d0102
D04681,D00678,P,43,unclassified,d0102
D04681,D00694,P,44,unclassified,d0102
D04681,D00701,P,45,unclassified,d0102
D04681,D00713,P,46,unclassified,d0102
D04681,D00714,P,47,unclassified,d0102
D04681,D00720,P,48,unclassified,d0102
D04681,D00722,P,49,unclassified,d0102
D04681,D00744,P,50,unclassified,d0102
D04681,D00765,P,51,unclassified,d0102
D04681,D00770,P,52,unclassified,d0102
D04681,D00781,P,53,unclassified,d0102
D04681,D00785,CI,54,Target: MAOB,d0102
D04681,D00787,P,55,unclassified,d0102
D04681,D00809,CI,56,unclassified,d0102
D04681,D00811,CI,57,unclassified,d0102
D04681,D00815,CI,58,unclassified,d0102
D04681,D00816,CI,59,unclassified,d0102
D04681,D00818,CI,60,unclassified,d0102
D04681,D00820,P,61,unclassified,d0102
D04681,D00821,CI,62,unclassified,d0102
D04681,D00824,CI,63,unclassified,d0102
D04681,D00825,CI,64,unclassified,d0102
D04681,D00836,P,65,unclassified,d0102
D04681,D00839,P,66,unclassified,d0102
D04681,D00842,P,67,unclassified,d0102
D04681,D00848,P,68,unclassified,d0102
D04681,D00944,P,69,unclassified,d0102
D04681,D00945,P,70,unclassified,d0102
D04681,D00947,P,71,unclassified,d0102
D04681,D01007,P,72,unclassified,d0102
D04681,D01008,CI,73,unclassified,d0102
D04681,D01021,CI,74,unclassified,d0102
D04681,D01022,P,75,unclassified,d0102
D04681,D01096,P,76,unclassified,d0102
D04681,D01107,CI,77,unclassified,d0102
D04681,D01111,P,78,unclassified,d0102
D04681,D01165,P,79,unclassified,d0102
D04681,D01179,CI,80,unclassified,d0102
D04681,D01226,P,81,unclassified,d0102
D04681,D01230,P,82,unclassified,d0102
D04681,D01245,P,83,unclassified,d0102
D04681,D01253,P,84,unclassified,d0102
D04681,D01268,P,85,unclassified,d0102
D04681,D01269,P,86,unclassified,d0102
D04681,D01277,P,87,unclassified,d0102
D04681,D01278,P,88,unclassified,d0102
D04681,D01280,P,89,unclassified,d0102
D04681,D01292,P,90,unclassified,d0102
D04681,D01293,P,91,unclassified,d0102
D04681,D01296,CI,92,unclassified,d0102
D04681,D01302,P,93,unclassified,d0102
D04681,D01324,P,94,unclassified,d0102
D04681,D01328,P,95,unclassified,d0102
D04681,D01347,CI,96,unclassified,d0102
D04681,D01355,CI,97,unclassified,d0102
D04681,D01358,CI,98,unclassified,d0102
D04681,D01383,CI,99,unclassified,d0102
D04681,D01386,P,100,unclassified,d0102
D04681,D01389,P,101,unclassified,d0102
D04681,D01399,P,102,unclassified,d0102
D04681,D01408,P,103,unclassified,d0102
D04681,D01451,P,104,unclassified,d0102
D04681,D01453,P,105,unclassified,d0102
D04681,D01481,P,106,unclassified,d0102
D04681,D01514,P,107,unclassified,d0102
D04681,D01564,P,108,unclassified,d0102
D04681,D01599,P,109,unclassified,d0102
D04681,D01657,P,110,unclassified,d0102
D04681,D01665,P,111,unclassified,d0102
D04681,D01744,P,112,unclassified,d0102
D04681,D01832,P,113,unclassified,d0102
D04681,D01854,P,114,unclassified,d0102
D04681,D01872,P,115,unclassified,d0102
D04681,D01875,P,116,unclassified,d0102
D04681,D01898,P,117,unclassified,d0102
D04681,D01903,P,118,unclassified,d0102
D04681,D02016,P,119,unclassified,d0102
D04681,D02034,CI,120,unclassified,d0102
D04681,D02064,P,121,unclassified,d0102
D04681,D02069,P,122,unclassified,d0102
D04681,D02076,P,123,unclassified,d0102
D04681,D02101,P,124,unclassified,d0102
D04681,D02102,P,125,unclassified,d0102
D04681,D02109,P,126,unclassified,d0102
D04681,D02234,P,127,unclassified,d0102
D04681,D02242,CI,128,unclassified,d0102
D04681,D02246,P,129,unclassified,d0102
D04681,D02247,P,130,unclassified,d0102
D04681,D02260,CI,131,unclassified,d0102
D04681,D02271,P,132,unclassified,d0102
D04681,D02408,CI,133,unclassified,d0102
D04681,D02409,P,134,unclassified,d0102
D04681,D02535,P,135,unclassified,d0102
D04681,D02562,CI,136,Target: MAOB,d0102
D04681,D02567,CI,137,unclassified,d0102
D04681,D02574,CI,138,unclassified,d0102
D04681,D03230,P,139,unclassified,d0102
D04681,D03250,P,140,unclassified,d0102
D04681,D03855,CI,141,unclassified,d0102
D04681,D04044,P,142,unclassified,d0102
D04681,D04052,P,143,unclassified,d0102
D04681,D04062,P,144,unclassified,d0102
D04681,D04081,P,145,unclassified,d0102
D04681,D04148,CI,146,unclassified,d0102
D04681,D04251,CI,147,unclassified,d0102
D04681,D04259,P,148,unclassified,d0102
D04681,D04261,P,149,unclassified,d0102
D04681,D04313,P,150,unclassified,d0102
D04681,D04340,P,151,unclassified,d0102
D04681,D04342,P,152,unclassified,d0102
D04681,D04364,P,153,unclassified,d0102
D04681,D04447,P,154,unclassified,d0102
D04681,D04475,P,155,unclassified,d0102
D04681,D04477,P,156,unclassified,d0102
D04681,D04539,P,157,unclassified,d0102
D04681,D04540,P,158,unclassified,d0102
D04681,D04547,P,159,unclassified,d0102
D04681,D04747,CI,160,unclassified,d0102
D04681,D04813,P,161,unclassified,d0102
D04681,D05462,P,162,unclassified,d0102
D04681,D06273,P,163,unclassified,d0102
D04681,D06553,P,164,unclassified,d0102
D04681,D06645,P,165,unclassified,d0102
D04681,D06698,P,166,unclassified,d0102
D04681,D06921,P,167,unclassified,d0102
D04681,D06927,P,168,unclassified,d0102
D04681,D06928,P,169,unclassified,d0102
D04681,D06951,P,170,unclassified,d0102
D04681,D06953,P,171,unclassified,d0102
D04681,D06955,P,172,unclassified,d0102
D04681,D06956,P,173,unclassified,d0102
D04681,D06987,P,174,unclassified,d0102
D04681,D06994,P,175,unclassified,d0102
D04681,D07041,P,176,unclassified,d0102
D04681,D07042,P,177,unclassified,d0102
D04681,D07043,P,178,unclassified,d0102
D04681,D07044,P,179,unclassified,d0102
D04681,D07045,P,180,unclassified,d0102
D04681,D07048,P,181,unclassified,d0102
D04681,D07080,P,182,unclassified,d0102
D04681,D07132,P,183,unclassified,d0102
D04681,D07583,P,184,unclassified,d0102
D04681,D08080,P,185,unclassified,d0102
D04681,D08575,CI,186,unclassified,d0102
D04681,D08695,P,187,unclassified,d0102
D04681,D08769,P,188,unclassified,d0102
D04681,D08897,P,189,unclassified,d0102
D04681,D08923,P,190,unclassified,d0102
D04681,D09186,P,191,unclassified,d0102
D04681,D09319,P,192,unclassified,d0102
D04681,D09566,P,193,unclassified,d0102
D04681,D09592,P,194,unclassified,d0102
D04681,D09727,P,195,unclassified,d0102
D04681,D09744,P,196,unclassified,d0102
D04681,D09753,P,197,unclassified,d0102
D04681,D09756,P,198,unclassified,d0102
D04681,D09763,P,199,unclassified,d0102
D04681,D09780,P,200,unclassified,d0102
D04681,D09848,P,201,unclassified,d0102
D04681,D09889,P,202,unclassified,d0102
D04681,D09978,P,203,unclassified,d0102
D04681,D09999,CI,204,unclassified,d0102
D04681,D10159,P,205,unclassified,d0102
D04681,D10160,P,206,unclassified,d0102
D04681,D10179,P,207,unclassified,d0102
D04681,D10185,CI,208,unclassified,d0102
D04681,D10191,CI,209,Target: MAOB,d0102
D04681,D10195,P,210,unclassified,d0102
D04681,D10200,P,211,unclassified,d0102
D04681,D10252,P,212,unclassified,d0102
D04681,D10253,P,213,unclassified,d0102
D04681,D10293,P,214,unclassified,d0102
D04681,D10298,P,215,unclassified,d0102
D04681,D10317,P,216,unclassified,d0102
D04681,D10424,P,217,unclassified,d0102
D04681,D10459,P,218,unclassified,d0102
D04681,D10505,P,219,unclassified,d0102
D04681,D10570,P,220,unclassified,d0102
D04681,D10588,P,221,unclassified,d0102
D04681,D10743,P,222,unclassified,d0102
D04681,D10744,P,223,unclassified,d0102
D04681,D10825,P,224,unclassified,d0102
D04681,D10854,P,225,unclassified,d0102
D04681,D10897,P,226,unclassified,d0102
D04681,D10967,P,227,unclassified,d0102
D04681,D10999,P,228,unclassified,d0102
D04681,D11034,P,229,unclassified,d0102
D04681,D11064,P,230,unclassified,d0102
D04681,D11109,P,231,unclassified,d0102
D04681,D11290,P,232,unclassified,d0102
D04681,D11567,P,233,unclassified,d0102
D04681,D11807,P,234,unclassified,d0102
D04681,D11861,P,235,unclassified,d0102
D04681,D11862,P,236,unclassified,d0102
D04681,D12358,P,237,unclassified,d0102
D04681,D12437,P,238,unclassified,d0102
D04681,D13245,P,239,unclassified,d0102
D05033,D00076,P,1,unclassified,d0105
D05033,D00095,P,2,unclassified,d0105
D05033,D00216,P,3,unclassified,d0105
D05033,D00225,P,4,unclassified,d0105
D05033,D00228,CI,5,unclassified,d0105
D05033,D00265,P,6,unclassified,d0105
D05033,D00267,P,7,unclassified,d0105
D05033,D00280,P,8,unclassified,d0105
D05033,D00283,P,9,unclassified,d0105
D05033,D00293,P,10,unclassified,d0105
D05033,D00308,P,11,unclassified,d0105
D05033,D00311,P,12,unclassified,d0105
D05033,D00320,P,13,unclassified,d0105
D05033,D00336,P,14,unclassified,d0105
D05033,D00365,P,15,unclassified,d0105
D05033,D00367,CI,16,unclassified,d0105
D05033,D00387,P,17,unclassified,d0105
D05033,D00388,P,18,unclassified,d0105
D05033,D00402,P,19,unclassified,d0105
D05033,D00415,CI,20,unclassified,d0105
D05033,D00451,CI,21,unclassified,d0105
D05033,D00457,P,22,unclassified,d0105
D05033,D00474,P,23,unclassified,d0105
D05033,D00481,P,24,unclassified,d0105
D05033,D00506,P,25,unclassified,d0105
D05033,D00511,P,26,unclassified,d0105
D05033,D00520,CI,27,unclassified,d0105
D05033,D00531,P,28,unclassified,d0105
D05033,D00550,P,29,unclassified,d0105
D05033,D00563,CI,30,unclassified,d0105
D05033,D00593,P,31,unclassified,d0105
D05033,D00594,P,32,unclassified,d0105
D05033,D00625,P,33,unclassified,d0105
D05033,D00633,P,34,Enzyme-Target: MAOB,d0105
D05033,D00665,P,35,unclassified,d0105
D05033,D00666,P,36,unclassified,d0105
D05033,D00668,P,37,unclassified,d0105
D05033,D00669,P,38,unclassified,d0105
D05033,D00672,P,39,unclassified,d0105
D05033,D00675,CI,40,unclassified,d0105
D05033,D00676,CI,41,unclassified,d0105
D05033,D00677,P,42,unclassified,d0105
D05033,D00678,P,43,unclassified,d0105
D05033,D00694,P,44,unclassified,d0105
D05033,D00701,P,45,unclassified,d0105
D05033,D00713,P,46,unclassified,d0105
D05033,D00714,P,47,unclassified,d0105
D05033,D00720,P,48,unclassified,d0105
D05033,D00722,P,49,unclassified,d0105
D05033,D00744,P,50,unclassified,d0105
D05033,D00765,P,51,unclassified,d0105
D05033,D00770,P,52,unclassified,d0105
D05033,D00781,P,53,unclassified,d0105
D05033,D00785,CI,54,Target: MAOB,d0105
D05033,D00787,P,55,unclassified,d0105
D05033,D00809,CI,56,unclassified,d0105
D05033,D00811,CI,57,unclassified,d0105
D05033,D00815,CI,58,unclassified,d0105
D05033,D00816,CI,59,unclassified,d0105
D05033,D00818,CI,60,unclassified,d0105
D05033,D00820,P,61,unclassified,d0105
D05033,D00821,CI,62,unclassified,d0105
D05033,D00824,CI,63,unclassified,d0105
D05033,D00825,CI,64,unclassified,d0105
D05033,D00836,P,65,unclassified,d0105
D05033,D00839,P,66,unclassified,d0105
D05033,D00842,P,67,unclassified,d0105
D05033,D00848,P,68,unclassified,d0105
D05033,D00944,P,69,unclassified,d0105
D05033,D00945,P,70,unclassified,d0105
D05033,D00947,P,71,unclassified,d0105
D05033,D01007,P,72,unclassified,d0105
D05033,D01008,CI,73,unclassified,d0105
D05033,D01021,CI,74,unclassified,d0105
D05033,D01022,P,75,unclassified,d0105
D05033,D01096,P,76,unclassified,d0105
D05033,D01107,CI,77,unclassified,d0105
D05033,D01111,P,78,unclassified,d0105
D05033,D01165,P,79,unclassified,d0105
D05033,D01179,CI,80,unclassified,d0105
D05033,D01226,P,81,unclassified,d0105
D05033,D01230,P,82,unclassified,d0105
D05033,D01245,P,83,unclassified,d0105
D05033,D01253,P,84,unclassified,d0105
D05033,D01268,P,85,unclassified,d0105
D05033,D01269,P,86,unclassified,d0105
D05033,D01277,P,87,unclassified,d0105
D05033,D01278,P,88,unclassified,d0105
D05033,D01280,P,89,unclassified,d0105
D05033,D01292,P,90,unclassified,d0105
D05033,D01293,P,91,unclassified,d0105
D05033,D01296,CI,92,unclassified,d0105
D05033,D01302,P,93,unclassified,d0105
D05033,D01324,P,94,unclassified,d0105
D05033,D01328,P,95,unclassified,d0105
D05033,D01347,CI,96,unclassified,d0105
D05033,D01355,CI,97,unclassified,d0105
D05033,D01358,CI,98,unclassified,d0105
D05033,D01383,CI,99,unclassified,d0105
D05033,D01386,P,100,unclassified,d0105
D05033,D01389,P,101,unclassified,d0105
D05033,D01399,P,102,unclassified,d0105
D05033,D01408,P,103,unclassified,d0105
D05033,D01451,P,104,unclassified,d0105
D05033,D01453,P,105,unclassified,d0105
D05033,D01481,P,106,unclassified,d0105
D05033,D01514,P,107,unclassified,d0105
D05033,D01564,P,108,unclassified,d0105
D05033,D01599,P,109,unclassified,d0105
D05033,D01657,P,110,unclassified,d0105
D05033,D01665,P,111,unclassified,d0105
D05033,D01744,P,112,unclassified,d0105
D05033,D01832,P,113,unclassified,d0105
D05033,D01854,P,114,unclassified,d0105
D05033,D01872,P,115,unclassified,d0105
D05033,D01875,P,116,unclassified,d0105
D05033,D01898,P,117,unclassified,d0105
D05033,D01903,P,118,unclassified,d0105
D05033,D02016,P,119,unclassified,d0105
D05033,D02034,CI,120,unclassified,d0105
D05033,D02064,P,121,unclassified,d0105
D05033,D02069,P,122,unclassified,d0105
D05033,D02076,P,123,unclassified,d0105
D05033,D02101,P,124,unclassified,d0105
D05033,D02102,P,125,unclassified,d0105
D05033,D02109,P,126,unclassified,d0105
D05033,D02234,P,127,unclassified,d0105
D05033,D02242,CI,128,unclassified,d0105
D05033,D02246,P,129,unclassified,d0105
D05033,D02247,P,130,unclassified,d0105
D05033,D02260,CI,131,unclassified,d0105
D05033,D02271,P,132,unclassified,d0105
D05033,D02408,CI,133,unclassified,d0105
D05033,D02409,P,134,unclassified,d0105
D05033,D02535,P,135,unclassified,d0105
D05033,D02562,CI,136,Target: MAOB,d0105
D05033,D02567,CI,137,unclassified,d0105
D05033,D02574,CI,138,unclassified,d0105
D05033,D03230,P,139,unclassified,d0105
D05033,D03250,P,140,unclassified,d0105
D05033,D03855,CI,141,unclassified,d0105
D05033,D04044,P,142,unclassified,d0105
D05033,D04052,P,143,unclassified,d0105
D05033,D04062,P,144,unclassified,d0105
D05033,D04081,P,145,unclassified,d0105
D05033,D04148,CI,146,unclassified,d0105
D05033,D04251,CI,147,unclassified,d0105
D05033,D04259,P,148,unclassified,d0105
D05033,D04261,P,149,unclassified,d0105
D05033,D04313,P,150,unclassified,d0105
D05033,D04340,P,151,unclassified,d0105
D05033,D04342,P,152,unclassified,d0105
D05033,D04364,P,153,unclassified,d0105
D05033,D04447,P,154,unclassified,d0105
D05033,D04475,P,155,unclassified,d0105
D05033,D04477,P,156,unclassified,d0105
D05033,D04539,P,157,unclassified,d0105
D05033,D04540,P,158,unclassified,d0105
D05033,D04547,P,159,unclassified,d0105
D05033,D04747,CI,160,unclassified,d0105
D05033,D04813,P,161,unclassified,d0105
D05033,D05462,P,162,unclassified,d0105
D05033,D06273,P,163,unclassified,d0105
D05033,D06553,P,164,unclassified,d0105
D05033,D06645,P,165,unclassified,d0105
D05033,D06698,P,166,unclassified,d0105
D05033,D06921,P,167,unclassified,d0105
D05033,D06927,P,168,unclassified,d0105
D05033,D06928,P,169,unclassified,d0105
D05033,D06951,P,170,unclassified,d0105
D05033,D06953,P,171,unclassified,d0105
D05033,D06955,P,172,unclassified,d0105
D05033,D06956,P,173,unclassified,d0105
D05033,D06987,P,174,unclassified,d0105
D05033,D06994,P,175,unclassified,d0105
D05033,D07041,P,176,unclassified,d0105
D05033,D07042,P,177,unclassified,d0105
D05033,D07043,P,178,unclassified,d0105
D05033,D07044,P,179,unclassified,d0105
D05033,D07045,P,180,unclassified,d0105
D05033,D07048,P,181,unclassified,d0105
D05033,D07080,P,182,unclassified,d0105
D05033,D07132,P,183,unclassified,d0105
D05033,D07523,P,184,unclassified,d0105
D05033,D07583,P,185,unclassified,d0105
D05033,D08080,P,186,unclassified,d0105
D05033,D08575,CI,187,unclassified,d0105
D05033,D08695,P,188,unclassified,d0105
D05033,D08769,P,189,unclassified,d0105
D05033,D08897,P,190,unclassified,d0105
D05033,D08923,P,191,unclassified,d0105
D05033,D09186,P,192,unclassified,d0105
D05033,D09319,P,193,unclassified,d0105
D05033,D09566,P,194,unclassified,d0105
D05033,D09592,P,195,unclassified,d0105
D05033,D09727,P,196,unclassified,d0105
D05033,D09744,P,197,unclassified,d0105
D05033,D09753,P,198,unclassified,d0105
D05033,D09756,P,199,unclassified,d0105
D05033,D09763,P,200,unclassified,d0105
D05033,D09780,P,201,unclassified,d0105
D05033,D09848,P,202,unclassified,d0105
D05033,D09889,P,203,unclassified,d0105
D05033,D09978,P,204,unclassified,d0105
D05033,D09999,CI,205,unclassified,d0105
D05033,D10159,P,206,unclassified,d0105
D05033,D10160,P,207,unclassified,d0105
D05033,D10179,P,208,unclassified,d0105
D05033,D10185,CI,209,unclassified,d0105
D05033,D10191,CI,210,Target: MAOB,d0105
D05033,D10195,P,211,unclassified,d0105
D05033,D10200,P,212,unclassified,d0105
D05033,D10252,P,213,unclassified,d0105
D05033,D10253,P,214,unclassified,d0105
D05033,D10293,P,215,unclassified,d0105
D05033,D10298,P,216,unclassified,d0105
D05033,D10317,P,217,unclassified,d0105
D05033,D10424,P,218,unclassified,d0105
D05033,D10459,P,219,unclassified,d0105
D05033,D10505,P,220,unclassified,d0105
D05033,D10570,P,221,unclassified,d0105
D05033,D10588,P,222,unclassified,d0105
D05033,D10743,P,223,unclassified,d0105
D05033,D10744,P,224,unclassified,d0105
D05033,D10825,P,225,unclassified,d0105
D05033,D10854,P,226,unclassified,d0105
D05033,D10897,P,227,unclassified,d0105
D05033,D10967,P,228,unclassified,d0105
D05033,D10999,P,229,unclassified,d0105
D05033,D11034,P,230,unclassified,d0105
D05033,D11064,P,231,unclassified,d0105
D05033,D11109,P,232,unclassified,d0105
D05033,D11290,P,233,unclassified,d0105
D05033,D11567,P,234,unclassified,d0105
D05033,D11807,P,235,unclassified,d0105
D05033,D11861,P,236,unclassified,d0105
D05033,D11862,P,237,unclassified,d0105
D05033,D12358,P,238,unclassified,d0105
D05033,D12437,P,239,unclassified,d0105
D05033,D13245,P,240,unclassified,d0105
D05039,D00076,P,1,unclassified,d0127
D05039,D00095,P,2,unclassified,d0127
D05039,D00216,P,3,unclassified,d0127
D05039,D00225,P,4,unclassified,d0127
D05039,D00228,CI,5,Enzyme: CYP2D6,d0127
D05039,D00252,P,6,unclassified,d0127
D05039,D00265,P,7,unclassified,d0127
D05039,D00267,P,8,unclassified,d0127
D05039,D00280,P,9,unclassified,d0127
D05039,D00283,P,10,unclassified,d0127
D05039,D00293,P,11,unclassified,d0127
D05039,D00295,P,12,CYP inhibition: CYP2D6,d0127
D05039,D00308,P,13,unclassified,d0127
D05039,D00311,P,14,unclassified,d0127
D05039,D00320,P,15,unclassified,d0127
D05039,D00336,P,16,unclassified,d0127
D05039,D00365,P,17,unclassified,d0127
D05039,D00367,CI,18,unclassified,d0127
D05039,D00387,P,19,unclassified,d0127
D05039,D00388,P,20,unclassified,d0127
D05039,D00402,P,21,unclassified,d0127
D05039,D00415,CI,22,Enzyme-Target: MAOA,d0127
D05039,D00451,CI,23,Enzyme-Target: MAOA,d0127
D05039,D00457,P,24,unclassified,d0127
D05039,D00474,P,25,unclassified,d0127
D05039,D00481,P,26,unclassified,d0127
D05039,D00506,P,27,unclassified,d0127
D05039,D00511,P,28,unclassified,d0127
D05039,D00520,CI,29,unclassified,d0127
D05039,D00531,P,30,unclassified,d0127
D05039,D00550,P,31,unclassified,d0127
D05039,D00563,CI,32,Enzyme: CYP2D6,d0127
D05039,D00593,P,33,unclassified,d0127
D05039,D00594,P,34,unclassified,d0127
D05039,D00605,P,35,unclassified,d0127
D05039,D00625,P,36,unclassified,d0127
D05039,D00633,P,37,unclassified,d0127
D05039,D00665,P,38,unclassified,d0127
D05039,D00666,P,39,CYP inhibition: CYP2D6,d0127
D05039,D00668,P,40,Enzyme: CYP2D6 / CYP inhibition: CYP2D6,d0127
D05039,D00669,P,41,unclassified,d0127
D05039,D00672,P,42,unclassified,d0127
D05039,D00675,CI,43,unclassified,d0127
D05039,D00676,CI,44,Enzyme-Target: MAOA,d0127
D05039,D00677,P,45,unclassified,d0127
D05039,D00678,P,46,Enzyme: CYP2D6,d0127
D05039,D00694,P,47,unclassified,d0127
D05039,D00701,P,48,unclassified,d0127
D05039,D00713,P,49,unclassified,d0127
D05039,D00714,P,50,unclassified,d0127
D05039,D00720,P,51,unclassified,d0127
D05039,D00722,P,52,unclassified,d0127
D05039,D00744,P,53,unclassified,d0127
D05039,D00754,P,54,unclassified,d0127
D05039,D00765,P,55,unclassified,d0127
D05039,D00770,P,56,unclassified,d0127
D05039,D00785,CI,57,Enzyme: CYP2D6,d0127
D05039,D00787,P,58,unclassified,d0127
D05039,D00809,CI,59,Enzyme: CYP2D6,d0127
D05039,D00811,CI,60,Enzyme: CYP2D6,d0127
D05039,D00815,CI,61,Enzyme: CYP2D6,d0127
D05039,D00816,CI,62,Enzyme: CYP2D6,d0127
D05039,D00818,CI,63,Enzyme: CYP2D6,d0127
D05039,D00820,P,64,Enzyme: CYP2D6,d0127
D05039,D00821,CI,65,Enzyme: CYP2D6,d0127
D05039,D00824,CI,66,Enzyme: CYP2D6 / CYP inhibition: CYP2D6,d0127
D05039,D00825,CI,67,unclassified,d0127
D05039,D00836,P,68,unclassified,d0127
D05039,D00839,P,69,unclassified,d0127
D05039,D00842,P,70,unclassified,d0127
D05039,D00944,P,71,unclassified,d0127
D05039,D00945,P,72,unclassified,d0127
D05039,D00947,P,73,unclassified,d0127
D05039,D01007,P,74,unclassified,d0127
D05039,D01008,CI,75,unclassified,d0127
D05039,D01021,CI,76,unclassified,d0127
D05039,D01022,P,77,unclassified,d0127
D05039,D01096,P,78,unclassified,d0127
D05039,D01107,CI,79,unclassified,d0127
D05039,D01111,P,80,unclassified,d0127
D05039,D01165,P,81,unclassified,d0127
D05039,D01179,CI,82,CYP inhibition: CYP2D6,d0127
D05039,D01226,P,83,unclassified,d0127
D05039,D01230,P,84,unclassified,d0127
D05039,D01245,P,85,unclassified,d0127
D05039,D01253,P,86,unclassified,d0127
D05039,D01268,P,87,unclassified,d0127
D05039,D01269,P,88,unclassified,d0127
D05039,D01277,P,89,unclassified,d0127
D05039,D01278,P,90,unclassified,d0127
D05039,D01280,P,91,unclassified,d0127
D05039,D01292,P,92,unclassified,d0127
D05039,D01293,P,93,unclassified,d0127
D05039,D01296,CI,94,unclassified,d0127
D05039,D01302,P,95,CYP inhibition: CYP2D6,d0127
D05039,D01324,P,96,Enzyme: CYP2D6,d0127
D05039,D01328,P,97,unclassified,d0127
D05039,D01347,CI,98,unclassified,d0127
D05039,D01355,CI,99,Enzyme: CYP2D6,d0127
D05039,D01358,CI,100,Enzyme: CYP2D6,d0127
D05039,D01383,CI,101,unclassified,d0127
D05039,D01386,P,102,unclassified,d0127
D05039,D01389,P,103,unclassified,d0127
D05039,D01399,P,104,unclassified,d0127
D05039,D01408,P,105,unclassified,d0127
D05039,D01451,P,106,unclassified,d0127
D05039,D01453,P,107,unclassified,d0127
D05039,D01481,P,108,Enzyme: CYP2D6,d0127
D05039,D01514,P,109,unclassified,d0127
D05039,D01564,P,110,unclassified,d0127
D05039,D01599,P,111,unclassified,d0127
D05039,D01657,P,112,unclassified,d0127
D05039,D01665,P,113,unclassified,d0127
D05039,D01744,P,114,unclassified,d0127
D05039,D01832,P,115,unclassified,d0127
D05039,D01854,P,116,unclassified,d0127
D05039,D01872,P,117,unclassified,d0127
D05039,D01875,P,118,unclassified,d0127
D05039,D01898,P,119,Enzyme: CYP2D6,d0127
D05039,D01903,P,120,unclassified,d0127
D05039,D02016,P,121,Enzyme: CYP2D6,d0127
D05039,D02034,CI,122,unclassified,d0127
D05039,D02064,P,123,unclassified,d0127
D05039,D02069,P,124,unclassified,d0127
D05039,D02076,P,125,unclassified,d0127
D05039,D02101,P,126,Enzyme: CYP2D6,d0127
D05039,D02102,P,127,Enzyme: CYP2D6,d0127
D05039,D02106,P,128,unclassified,d0127
D05039,D02109,P,129,unclassified,d0127
D05039,D02234,P,130,unclassified,d0127
D05039,D02242,CI,131,Enzyme: CYP2D6,d0127
D05039,D02246,P,132,unclassified,d0127
D05039,D02247,P,133,unclassified,d0127
D05039,D02260,CI,134,Enzyme: CYP2D6 / CYP inhibition: CYP2D6,d0127
D05039,D02271,P,135,unclassified,d0127
D05039,D02408,CI,136,unclassified,d0127
D05039,D02409,P,137,unclassified,d0127
D05039,D02484,P,138,unclassified,d0127
D05039,D02535,P,139,unclassified,d0127
D05039,D02562,CI,140,unclassified,d0127
D05039,D02567,CI,141,Enzyme: CYP2D6 / CYP inhibition: CYP2D6,d0127
D05039,D02574,CI,142,Enzyme: CYP2D6,d0127
D05039,D03230,P,143,unclassified,d0127
D05039,D03250,P,144,unclassified,d0127
D05039,D03855,CI,145,unclassified,d0127
D05039,D04044,P,146,unclassified,d0127
D05039,D04052,P,147,unclassified,d0127
D05039,D04062,P,148,unclassified,d0127
D05039,D04081,P,149,unclassified,d0127
D05039,D04148,CI,150,Enzyme: CYP2D6,d0127
D05039,D04251,CI,151,unclassified,d0127
D05039,D04259,P,152,unclassified,d0127
D05039,D04261,P,153,unclassified,d0127
D05039,D04313,P,154,Enzyme: CYP2D6,d0127
D05039,D04342,P,155,unclassified,d0127
D05039,D04364,P,156,unclassified,d0127
D05039,D04447,P,157,unclassified,d0127
D05039,D04475,P,158,unclassified,d0127
D05039,D04477,P,159,unclassified,d0127
D05039,D04539,P,160,unclassified,d0127
D05039,D04540,P,161,unclassified,d0127
D05039,D04547,P,162,unclassified,d0127
D05039,D04747,CI,163,unclassified,d0127
D05039,D04813,P,164,unclassified,d0127
D05039,D05462,P,165,unclassified,d0127
D05039,D05928,P,166,CYP inhibition: CYP2D6,d0127
D05039,D06273,P,167,unclassified,d0127
D05039,D06405,P,168,unclassified,d0127
D05039,D06553,P,169,unclassified,d0127
D05039,D06645,P,170,unclassified,d0127
D05039,D06698,P,171,unclassified,d0127
D05039,D06921,P,172,unclassified,d0127
D05039,D06927,P,173,unclassified,d0127
D05039,D06928,P,174,unclassified,d0127
D05039,D06951,P,175,unclassified,d0127
D05039,D06953,P,176,unclassified,d0127
D05039,D06955,P,177,unclassified,d0127
D05039,D06956,P,178,unclassified,d0127
D05039,D06987,P,179,unclassified,d0127
D05039,D06994,P,180,unclassified,d0127
D05039,D07041,P,181,unclassified,d0127
D05039,D07042,P,182,unclassified,d0127
D05039,D07043,P,183,unclassified,d0127
D05039,D07044,P,184,unclassified,d0127
D05039,D07045,P,185,unclassified,d0127
D05039,D07048,P,186,unclassified,d0127
D05039,D07080,P,187,unclassified,d0127
D05039,D07132,P,188,unclassified,d0127
D05039,D07583,P,189,unclassified,d0127
D05039,D08080,P,190,unclassified,d0127
D05039,D08575,CI,191,Enzyme: CYP2D6,d0127
D05039,D08695,P,192,Enzyme: CYP2D6,d0127
D05039,D08769,P,193,unclassified,d0127
D05039,D08897,P,194,unclassified,d0127
D05039,D08923,P,195,Enzyme: CYP2D6,d0127
D05039,D09186,P,196,unclassified,d0127
D05039,D09319,P,197,unclassified,d0127
D05039,D09535,P,198,CYP inhibition: CYP2D6,d0127
D05039,D09566,P,199,unclassified,d0127
D05039,D09592,P,200,unclassified,d0127
D05039,D09701,P,201,unclassified,d0127
D05039,D09727,P,202,unclassified,d0127
D05039,D09744,P,203,unclassified,d0127
D05039,D09753,P,204,unclassified,d0127
D05039,D09756,P,205,CYP inhibition: CYP2D6,d0127
D05039,D09763,P,206,unclassified,d0127
D05039,D09780,P,207,unclassified,d0127
D05039,D09848,P,208,unclassified,d0127
D05039,D09889,P,209,unclassified,d0127
D05039,D09894,P,210,Enzyme: CYP2D6,d0127
D05039,D09978,P,211,unclassified,d0127
D05039,D09999,CI,212,Enzyme: CYP2D6,d0127
D05039,D10003,P,213,CYP induction: CYP2D6,d0127
D05039,D10159,P,214,unclassified,d0127
D05039,D10160,P,215,unclassified,d0127
D05039,D10179,P,216,Enzyme: CYP2D6,d0127
D05039,D10185,CI,217,Enzyme: CYP2D6,d0127
D05039,D10191,CI,218,Enzyme-Target: MAOA,d0127
D05039,D10195,P,219,unclassified,d0127
D05039,D10200,P,220,unclassified,d0127
D05039,D10253,P,221,unclassified,d0127
D05039,D10298,P,222,unclassified,d0127
D05039,D10317,P,223,unclassified,d0127
D05039,D10424,P,224,unclassified,d0127
D05039,D10459,P,225,unclassified,d0127
D05039,D10505,P,226,unclassified,d0127
D05039,D10570,P,227,unclassified,d0127
D05039,D10588,P,228,unclassified,d0127
D05039,D10743,P,229,unclassified,d0127
D05039,D10744,P,230,unclassified,d0127
D05039,D10854,P,231,unclassified,d0127
D05039,D10897,P,232,unclassified,d0127
D05039,D10967,P,233,unclassified,d0127
D05039,D10999,P,234,unclassified,d0127
D05039,D11027,P,235,unclassified,d0127
D05039,D11034,P,236,unclassified,d0127
D05039,D11064,P,237,unclassified,d0127
D05039,D11109,P,238,unclassified,d0127
D05039,D11290,P,239,unclassified,d0127
D05039,D11296,P,240,unclassified,d0127
D05039,D11567,P,241,unclassified,d0127
D05039,D11674,P,242,CYP inhibition: CYP2D6,d0127
D05039,D11708,P,243,unclassified,d0127
D05039,D11807,P,244,unclassified,d0127
D05039,D11861,P,245,unclassified,d0127
D05039,D11862,P,246,unclassified,d0127
D05039,D12217,P,247,unclassified,d0127
D05039,D12358,P,248,unclassified,d0127
D05039,D12364,P,249,unclassified,d0127
D05039,D12437,P,250,unclassified,d0127
D05039,D13245,P,251,unclassified,d0127
D05040,D00076,P,1,unclassified,d0128
D05040,D00095,P,2,unclassified,d0128
D05040,D00216,P,3,unclassified,d0128
D05040,D00225,P,4,unclassified,d0128
D05040,D00228,CI,5,Enzyme: CYP2D6,d0128
D05040,D00252,P,6,unclassified,d0128
D05040,D00265,P,7,unclassified,d0128
D05040,D00267,P,8,unclassified,d0128
D05040,D00280,P,9,unclassified,d0128
D05040,D00283,P,10,unclassified,d0128
D05040,D00293,P,11,unclassified,d0128
D05040,D00295,P,12,CYP inhibition: CYP2D6,d0128
D05040,D00308,P,13,unclassified,d0128
D05040,D00311,P,14,unclassified,d0128
D05040,D00320,P,15,unclassified,d0128
D05040,D00336,P,16,unclassified,d0128
D05040,D00365,P,17,unclassified,d0128
D05040,D00367,CI,18,unclassified,d0128
D05040,D00387,P,19,unclassified,d0128
D05040,D00388,P,20,unclassified,d0128
D05040,D00402,P,21,unclassified,d0128
D05040,D00415,CI,22,Enzyme-Target: MAOA,d0128
D05040,D00451,CI,23,Enzyme-Target: MAOA,d0128
D05040,D00457,P,24,unclassified,d0128
D05040,D00474,P,25,unclassified,d0128
D05040,D00481,P,26,unclassified,d0128
D05040,D00506,P,27,unclassified,d0128
D05040,D00511,P,28,unclassified,d0128
D05040,D00520,CI,29,unclassified,d0128
D05040,D00531,P,30,unclassified,d0128
D05040,D00550,P,31,unclassified,d0128
D05040,D00563,CI,32,Enzyme: CYP2D6,d0128
D05040,D00593,P,33,unclassified,d0128
D05040,D00594,P,34,unclassified,d0128
D05040,D00605,P,35,unclassified,d0128
D05040,D00625,P,36,unclassified,d0128
D05040,D00633,P,37,unclassified,d0128
D05040,D00665,P,38,unclassified,d0128
D05040,D00666,P,39,CYP inhibition: CYP2D6,d0128
D05040,D00668,P,40,Enzyme: CYP2D6 / CYP inhibition: CYP2D6,d0128
D05040,D00669,P,41,unclassified,d0128
D05040,D00672,P,42,unclassified,d0128
D05040,D00675,CI,43,unclassified,d0128
D05040,D00676,CI,44,Enzyme-Target: MAOA,d0128
D05040,D00677,P,45,unclassified,d0128
D05040,D00678,P,46,Enzyme: CYP2D6,d0128
D05040,D00694,P,47,unclassified,d0128
D05040,D00701,P,48,unclassified,d0128
D05040,D00713,P,49,unclassified,d0128
D05040,D00714,P,50,unclassified,d0128
D05040,D00720,P,51,unclassified,d0128
D05040,D00722,P,52,unclassified,d0128
D05040,D00744,P,53,unclassified,d0128
D05040,D00754,P,54,unclassified,d0128
D05040,D00765,P,55,unclassified,d0128
D05040,D00770,P,56,unclassified,d0128
D05040,D00785,CI,57,Enzyme: CYP2D6,d0128
D05040,D00787,P,58,unclassified,d0128
D05040,D00809,CI,59,Enzyme: CYP2D6,d0128
D05040,D00811,CI,60,Enzyme: CYP2D6,d0128
D05040,D00815,CI,61,Enzyme: CYP2D6,d0128
D05040,D00816,CI,62,Enzyme: CYP2D6,d0128
D05040,D00818,CI,63,Enzyme: CYP2D6,d0128
D05040,D00820,P,64,Enzyme: CYP2D6,d0128
D05040,D00821,CI,65,Enzyme: CYP2D6,d0128
D05040,D00824,CI,66,Enzyme: CYP2D6 / CYP inhibition: CYP2D6,d0128
D05040,D00825,CI,67,unclassified,d0128
D05040,D00836,P,68,unclassified,d0128
D05040,D00839,P,69,unclassified,d0128
D05040,D00842,P,70,unclassified,d0128
D05040,D00944,P,71,unclassified,d0128
D05040,D00945,P,72,unclassified,d0128
D05040,D00947,P,73,unclassified,d0128
D05040,D01007,P,74,unclassified,d0128
D05040,D01008,CI,75,unclassified,d0128
D05040,D01021,CI,76,unclassified,d0128
D05040,D01022,P,77,unclassified,d0128
D05040,D01096,P,78,unclassified,d0128
D05040,D01107,CI,79,unclassified,d0128
D05040,D01111,P,80,unclassified,d0128
D05040,D01165,P,81,unclassified,d0128
D05040,D01179,CI,82,CYP inhibition: CYP2D6,d0128
D05040,D01226,P,83,unclassified,d0128
D05040,D01230,P,84,unclassified,d0128
D05040,D01245,P,85,unclassified,d0128
D05040,D01253,P,86,unclassified,d0128
D05040,D01268,P,87,unclassified,d0128
D05040,D01269,P,88,unclassified,d0128
D05040,D01277,P,89,unclassified,d0128
D05040,D01278,P,90,unclassified,d0128
D05040,D01280,P,91,unclassified,d0128
D05040,D01292,P,92,unclassified,d0128
D05040,D01293,P,93,unclassified,d0128
D05040,D01296,CI,94,unclassified,d0128
D05040,D01302,P,95,CYP inhibition: CYP2D6,d0128
D05040,D01324,P,96,Enzyme: CYP2D6,d0128
D05040,D01328,P,97,unclassified,d0128
D05040,D01347,CI,98,unclassified,d0128
D05040,D01355,CI,99,Enzyme: CYP2D6,d0128
D05040,D01358,CI,100,Enzyme: CYP2D6,d0128
D05040,D01383,CI,101,unclassified,d0128
D05040,D01386,P,102,unclassified,d0128
D05040,D01389,P,103,unclassified,d0128
D05040,D01399,P,104,unclassified,d0128
D05040,D01408,P,105,unclassified,d0128
D05040,D01451,P,106,unclassified,d0128
D05040,D01453,P,107,unclassified,d0128
D05040,D01481,P,108,Enzyme: CYP2D6,d0128
D05040,D01514,P,109,unclassified,d0128
D05040,D01564,P,110,unclassified,d0128
D05040,D01599,P,111,unclassified,d0128
D05040,D01657,P,112,unclassified,d0128
D05040,D01665,P,113,unclassified,d0128
D05040,D01744,P,114,unclassified,d0128
D05040,D01832,P,115,unclassified,d0128
D05040,D01854,P,116,unclassified,d0128
D05040,D01872,P,117,unclassified,d0128
D05040,D01875,P,118,unclassified,d0128
D05040,D01898,P,119,Enzyme: CYP2D6,d0128
D05040,D01903,P,120,unclassified,d0128
D05040,D02016,P,121,Enzyme: CYP2D6,d0128
D05040,D02034,CI,122,unclassified,d0128
D05040,D02064,P,123,unclassified,d0128
D05040,D02069,P,124,unclassified,d0128
D05040,D02076,P,125,unclassified,d0128
D05040,D02101,P,126,Enzyme: CYP2D6,d0128
D05040,D02102,P,127,Enzyme: CYP2D6,d0128
D05040,D02106,P,128,unclassified,d0128
D05040,D02109,P,129,unclassified,d0128
D05040,D02234,P,130,unclassified,d0128
D05040,D02242,CI,131,Enzyme: CYP2D6,d0128
D05040,D02246,P,132,unclassified,d0128
D05040,D02247,P,133,unclassified,d0128
D05040,D02260,CI,134,Enzyme: CYP2D6 / CYP inhibition: CYP2D6,d0128
D05040,D02271,P,135,unclassified,d0128
D05040,D02408,CI,136,unclassified,d0128
D05040,D02409,P,137,unclassified,d0128
D05040,D02484,P,138,unclassified,d0128
D05040,D02535,P,139,unclassified,d0128
D05040,D02562,CI,140,unclassified,d0128
D05040,D02567,CI,141,Enzyme: CYP2D6 / CYP inhibition: CYP2D6,d0128
D05040,D02574,CI,142,Enzyme: CYP2D6,d0128
D05040,D03230,P,143,unclassified,d0128
D05040,D03250,P,144,unclassified,d0128
D05040,D03855,CI,145,unclassified,d0128
D05040,D04044,P,146,unclassified,d0128
D05040,D04052,P,147,unclassified,d0128
D05040,D04062,P,148,unclassified,d0128
D05040,D04081,P,149,unclassified,d0128
D05040,D04148,CI,150,Enzyme: CYP2D6,d0128
D05040,D04251,CI,151,unclassified,d0128
D05040,D04259,P,152,unclassified,d0128
D05040,D04261,P,153,unclassified,d0128
D05040,D04313,P,154,Enzyme: CYP2D6,d0128
D05040,D04342,P,155,unclassified,d0128
D05040,D04364,P,156,unclassified,d0128
D05040,D04447,P,157,unclassified,d0128
D05040,D04475,P,158,unclassified,d0128
D05040,D04477,P,159,unclassified,d0128
D05040,D04539,P,160,unclassified,d0128
D05040,D04540,P,161,unclassified,d0128
D05040,D04547,P,162,unclassified,d0128
D05040,D04747,CI,163,unclassified,d0128
D05040,D04813,P,164,unclassified,d0128
D05040,D05462,P,165,unclassified,d0128
D05040,D05928,P,166,CYP inhibition: CYP2D6,d0128
D05040,D06273,P,167,unclassified,d0128
D05040,D06405,P,168,unclassified,d0128
D05040,D06553,P,169,unclassified,d0128
D05040,D06645,P,170,unclassified,d0128
D05040,D06698,P,171,unclassified,d0128
D05040,D06921,P,172,unclassified,d0128
D05040,D06927,P,173,unclassified,d0128
D05040,D06928,P,174,unclassified,d0128
D05040,D06951,P,175,unclassified,d0128
D05040,D06953,P,176,unclassified,d0128
D05040,D06955,P,177,unclassified,d0128
D05040,D06956,P,178,unclassified,d0128
D05040,D06987,P,179,unclassified,d0128
D05040,D06994,P,180,unclassified,d0128
D05040,D07041,P,181,unclassified,d0128
D05040,D07042,P,182,unclassified,d0128
D05040,D07043,P,183,unclassified,d0128
D05040,D07044,P,184,unclassified,d0128
D05040,D07045,P,185,unclassified,d0128
D05040,D07048,P,186,unclassified,d0128
D05040,D07080,P,187,unclassified,d0128
D05040,D07132,P,188,unclassified,d0128
D05040,D07583,P,189,unclassified,d0128
D05040,D08080,P,190,unclassified,d0128
D05040,D08575,CI,191,Enzyme: CYP2D6,d0128
D05040,D08695,P,192,Enzyme: CYP2D6,d0128
D05040,D08769,P,193,unclassified,d0128
D05040,D08897,P,194,unclassified,d0128
D05040,D08923,P,195,Enzyme: CYP2D6,d0128
D05040,D09186,P,196,unclassified,d0128
D05040,D09319,P,197,unclassified,d0128
D05040,D09535,P,198,CYP inhibition: CYP2D6,d0128
D05040,D09566,P,199,unclassified,d0128
D05040,D09592,P,200,unclassified,d0128
D05040,D09701,P,201,unclassified,d0128
D05040,D09727,P,202,unclassified,d0128
D05040,D09744,P,203,unclassified,d0128
D05040,D09753,P,204,unclassified,d0128
D05040,D09756,P,205,CYP inhibition: CYP2D6,d0128
D05040,D09763,P,206,unclassified,d0128
D05040,D09780,P,207,unclassified,d0128
D05040,D09848,P,208,unclassified,d0128
D05040,D09889,P,209,unclassified,d0128
D05040,D09894,P,210,Enzyme: CYP2D6,d0128
D05040,D09978,P,211,unclassified,d0128
D05040,D09999,CI,212,Enzyme: CYP2D6,d0128
D05040,D10003,P,213,CYP induction: CYP2D6,d0128
D05040,D10159,P,214,unclassified,d0128
D05040,D10160,P,215,unclassified,d0128
D05040,D10179,P,216,Enzyme: CYP2D6,d0128
D05040,D10185,CI,217,Enzyme: CYP2D6,d0128
D05040,D10191,CI,218,Enzyme-Target: MAOA,d0128
D05040,D10195,P,219,unclassified,d0128
D05040,D10200,P,220,unclassified,d0128
D05040,D10253,P,221,unclassified,d0128
D05040,D10298,P,222,unclassified,d0128
D05040,D10317,P,223,unclassified,d0128
D05040,D10424,P,224,unclassified,d0128
D05040,D10459,P,225,unclassified,d0128
D05040,D10505,P,226,unclassified,d0128
D05040,D10570,P,227,unclassified,d0128
D05040,D10588,P,228,unclassified,d0128
D05040,D10743,P,229,unclassified,d0128
D05040,D10744,P,230,unclassified,d0128
D05040,D10854,P,231,unclassified,d0128
D05040,D10897,P,232,unclassified,d0128
D05040,D10967,P,233,unclassified,d0128
D05040,D10999,P,234,unclassified,d0128
D05040,D11027,P,235,unclassified,d0128
D05040,D11034,P,236,unclassified,d0128
D05040,D11064,P,237,unclassified,d0128
D05040,D11109,P,238,unclassified,d0128
D05040,D11290,P,239,unclassified,d0128
D05040,D11296,P,240,unclassified,d0128
D05040,D11567,P,241,unclassified,d0128
D05040,D11674,P,242,CYP inhibition: CYP2D6,d0128
D05040,D11708,P,243,unclassified,d0128
D05040,D11807,P,244,unclassified,d0128
D05040,D11861,P,245,unclassified,d0128
D05040,D11862,P,246,unclassified,d0128
D05040,D12217,P,247,unclassified,d0128
D05040,D12358,P,248,unclassified,d0128
D05040,D12364,P,249,unclassified,d0128
D05040,D12437,P,250,unclassified,d0128
D05040,D13245,P,251,unclassified,d0128
D05374,cpd:C01017,P,1,unclassified,d0056
D05374,cpd:C04931,P,2,unclassified,d0056
D05374,cpd:C06807,P,3,unclassified,d0056
D05374,D00020,P,4,unclassified,d0056
D05374,D00076,P,5,unclassified,d0056
D05374,D00095,P,6,unclassified,d0056
D05374,D00106,P,7,unclassified,d0056
D05374,D00109,P,8,unclassified,d0056
D05374,D00118,P,9,unclassified,d0056
D05374,D00120,P,10,unclassified,d0056
D05374,D00126,P,11,unclassified,d0056
D05374,D00127,P,12,unclassified,d0056
D05374,D00130,P,13,unclassified,d0056
D05374,D00132,P,14,unclassified,d0056
D05374,D00136,P,15,Enzyme: CYP2D6 / CYP inhibition: CYP2D6,d0056
D05374,D00141,P,16,unclassified,d0056
D05374,D00151,P,17,unclassified,d0056
D05374,D00158,P,18,unclassified,d0056
D05374,D00169,P,19,unclassified,d0056
D05374,D00181,P,20,unclassified,d0056
D05374,D00199,P,21,Enzyme: CYP2D6 / CYP inhibition: CYP2D6,d0056
D05374,D00211,P,22,unclassified,d0056
D05374,D00228,P,23,Enzyme: CYP2D6 / Target: SLC6A4 / CYP inhibition: CYP2D6,d0056
D05374,D00235,P,24,Enzyme: CYP2D6 / CYP inhibition: CYP2D6,d0056
D05374,D00252,P,25,unclassified,d0056
D05374,D00255,P,26,Enzyme: CYP2D6 / CYP inhibition: CYP2D6,d0056
D05374,D00270,P,27,Enzyme: CYP2D6 / CYP inhibition: CYP2D6,d0056
D05374,D00283,P,28,unclassified,d0056
D05374,D00295,P,29,CYP inhibition: CYP2D6,d0056
D05374,D00298,P,30,unclassified,d0056
D05374,D00302,P,31,unclassified,d0056
D05374,D00303,P,32,unclassified,d0056
D05374,D00311,P,33,unclassified,d0056
D05374,D00315,P,34,unclassified,d0056
D05374,D00320,P,35,unclassified,d0056
D05374,D00326,P,36,Enzyme: CYP2D6 / Target: SLC6A4 / CYP inhibition: CYP2D6,d0056
D05374,D00330,P,37,unclassified,d0056
D05374,D00346,CI,38,unclassified,d0056
D05374,D00358,P,39,unclassified,d0056
D05374,D00373,P,40,unclassified,d0056
D05374,D00377,P,41,unclassified,d0056
D05374,D00378,P,42,Enzyme: CYP2D6 / CYP inhibition: CYP2D6,d0056
D05374,D00390,P,43,unclassified,d0056
D05374,D00394,P,44,Target: SLC6A4,d0056
D05374,D00403,P,45,unclassified,d0056
D05374,D00415,P,46,unclassified,d0056
D05374,D00425,P,47,unclassified,d0056
D05374,D00426,P,48,Enzyme: CYP2D6 / CYP inhibition: CYP2D6,d0056
D05374,D00427,P,49,Enzyme: CYP2D6 / CYP inhibition: CYP2D6,d0056
D05374,D00428,P,50,unclassified,d0056
D05374,D00432,P,51,unclassified,d0056
D05374,D00448,P,52,unclassified,d0056
D05374,D00451,P,53,unclassified,d0056
D05374,D00452,P,54,unclassified,d0056
D05374,D00454,P,55,unclassified,d0056
D05374,D00458,P,56,unclassified,d0056
D05374,D00463,P,57,unclassified,d0056
D05374,D00477,P,58,unclassified,d0056
D05374,D00479,P,59,unclassified,d0056
D05374,D00483,P,60,Enzyme: CYP2D6 / CYP inhibition: CYP2D6,d0056
D05374,D00484,P,61,Target: SLC6A4,d0056
D05374,D00493,P,62,unclassified,d0056
D05374,D00503,P,63,Enzyme: CYP2D6 / CYP inhibition: CYP2D6,d0056
D05374,D00505,CI,64,unclassified,d0056
D05374,D00506,P,65,unclassified,d0056
D05374,D00510,P,66,unclassified,d0056
D05374,D00512,P,67,unclassified,d0056
D05374,D00513,P,68,Enzyme: CYP2D6 / CYP inhibition: CYP2D6,d0056
D05374,D00556,P,69,unclassified,d0056
D05374,D00560,CI,70,unclassified,d0056
D05374,D00563,P,71,Enzyme: CYP2D6 / CYP inhibition: CYP2D6,d0056
D05374,D00564,P,72,unclassified,d0056
D05374,D00566,P,73,unclassified,d0056
D05374,D00567,P,74,CYP inhibition: CYP2D6,d0056
D05374,D00568,P,75,unclassified,d0056
D05374,D00597,P,76,unclassified,d0056
D05374,D00598,P,77,unclassified,d0056
D05374,D00599,P,78,Enzyme: CYP2D6 / CYP inhibition: CYP2D6,d0056
D05374,D00601,P,79,Enzyme: CYP2D6 / CYP inhibition: CYP2D6,d0056
D05374,D00602,P,80,unclassified,d0056
D05374,D00603,P,81,Enzyme: CYP2D6 / CYP inhibition: CYP2D6,d0056
D05374,D00605,P,82,unclassified,d0056
D05374,D00616,P,83,unclassified,d0056
D05374,D00619,P,84,unclassified,d0056
D05374,D00631,P,85,Enzyme: CYP2D6 / CYP inhibition: CYP2D6,d0056
D05374,D00634,P,86,unclassified,d0056
D05374,D00635,P,87,Enzyme: CYP2D6 / CYP inhibition: CYP2D6,d0056
D05374,D00636,P,88,unclassified,d0056
D05374,D00637,P,89,unclassified,d0056
D05374,D00638,P,90,Enzyme: CYP2D6 / CYP inhibition: CYP2D6,d0056
D05374,D00639,P,91,Enzyme: CYP2D6 / CYP inhibition: CYP2D6,d0056
D05374,D00640,P,92,Enzyme: CYP2D6 / CYP inhibition: CYP2D6,d0056
D05374,D00642,P,93,unclassified,d0056
D05374,D00643,P,94,unclassified,d0056
D05374,D00644,P,95,unclassified,d0056
D05374,D00645,P,96,unclassified,d0056
D05374,D00647,P,97,unclassified,d0056
D05374,D00648,P,98,unclassified,d0056
D05374,D00661,P,99,Enzyme: CYP2D6 / CYP inhibition: CYP2D6,d0056
D05374,D00674,P,100,Enzyme: CYP2D6 / CYP inhibition: CYP2D6,d0056
D05374,D00675,P,101,unclassified,d0056
D05374,D00676,P,102,unclassified,d0056
D05374,D00677,P,103,unclassified,d0056
D05374,D00678,P,104,Enzyme: CYP2D6 / CYP inhibition: CYP2D6,d0056
D05374,D00701,P,105,unclassified,d0056
D05374,D00727,P,106,unclassified,d0056
D05374,D00754,P,107,unclassified,d0056
D05374,D00769,P,108,unclassified,d0056
D05374,D00785,CI,109,Enzyme: CYP2D6 / CYP inhibition: CYP2D6,d0056
D05374,D00788,P,110,unclassified,d0056
D05374,D00789,P,111,Enzyme: CYP2D6 / CYP inhibition: CYP2D6,d0056
D05374,D00791,P,112,Enzyme: CYP2D6 / CYP inhibition: CYP2D6,d0056
D05374,D00792,P,113,Enzyme: CYP2D6 / CYP inhibition: CYP2D6,d0056
D05374,D00793,P,114,Enzyme: CYP2D6 / CYP inhibition: CYP2D6,d0056
D05374,D00795,P,115,unclassified,d0056
D05374,D00797,P,116,unclassified,d0056
D05374,D00798,P,117,unclassified,d0056
D05374,D00799,P,118,unclassified,d0056
D05374,D00800,P,119,unclassified,d0056
D05374,D00801,P,120,unclassified,d0056
D05374,D00809,P,121,Enzyme: CYP2D6 / Target: SLC6A4 / CYP inhibition: CYP2D6,d0056
D05374,D00810,P,122,unclassified,d0056
D05374,D00811,P,123,Enzyme: CYP2D6 / Target: SLC6A4 / CYP inhibition: CYP2D6,d0056
D05374,D00812,P,124,Target: SLC6A4,d0056
D05374,D00813,P,125,unclassified,d0056
D05374,D00814,P,126,Enzyme: CYP2D6 / Target: SLC6A4 / CYP inhibition: CYP2D6,d0056
D05374,D00815,P,127,Enzyme: CYP2D6 / Target: SLC6A4 / CYP inhibition: CYP2D6,d0056
D05374,D00816,P,128,Enzyme: CYP2D6 / Target: SLC6A4 / CYP inhibition: CYP2D6,d0056
D05374,D00818,P,129,Enzyme: CYP2D6 / CYP inhibition: CYP2D6,d0056
D05374,D00820,P,130,Enzyme: CYP2D6 / Target: SLC6A4 / CYP inhibition: CYP2D6,d0056
D05374,D00821,P,131,Enzyme: CYP2D6 / Target: SLC6A4 / CYP inhibition: CYP2D6,d0056
D05374,D00822,P,132,Enzyme: CYP2D6 / Target: SLC6A4 / CYP inhibition: CYP2D6,d0056
D05374,D00823,P,133,Enzyme: CYP2D6 / Target: SLC6A4 / CYP inhibition: CYP2D6,d0056
D05374,D00824,P,134,Enzyme: CYP2D6 / Target: SLC6A4 / CYP inhibition: CYP2D6,d0056
D05374,D00825,P,135,Target: SLC6A4,d0056
D05374,D00826,CI,136,unclassified,d0056
D05374,D00827,P,137,unclassified,d0056
D05374,D00848,P,138,Enzyme: CYP2D6 / CYP inhibition: CYP2D6,d0056
D05374,D00903,P,139,unclassified,d0056
D05374,D00904,P,140,unclassified,d0056
D05374,D00947,P,141,unclassified,d0056
D05374,D00966,P,142,Enzyme: CYP2D6 / CYP inhibition: CYP2D6,d0056
D05374,D00968,P,143,unclassified,d0056
D05374,D00969,P,144,unclassified,d0056
D05374,D00970,P,145,unclassified,d0056
D05374,D00971,P,146,unclassified,d0056
D05374,D01025,P,147,unclassified,d0056
D05374,D01026,P,148,unclassified,d0056
D05374,D01028,P,149,CYP inhibition: CYP2D6,d0056
D05374,D01029,P,150,unclassified,d0056
D05374,D01037,P,151,unclassified,d0056
D05374,D01041,P,152,Enzyme: CYP2D6 / CYP inhibition: CYP2D6,d0056
D05374,D01049,P,153,unclassified,d0056
D05374,D01087,P,154,unclassified,d0056
D05374,D01097,CI,155,unclassified,d0056
D05374,D01110,P,156,unclassified,d0056
D05374,D01122,P,157,unclassified,d0056
D05374,D01130,P,158,unclassified,d0056
D05374,D01164,P,159,Enzyme: CYP2D6 / CYP inhibition: CYP2D6,d0056
D05374,D01176,P,160,unclassified,d0056
D05374,D01179,P,161,Target: SLC6A4 / CYP inhibition: CYP2D6,d0056
D05374,D01182,P,162,Enzyme: CYP2D6 / CYP inhibition: CYP2D6,d0056
D05374,D01183,P,163,unclassified,d0056
D05374,D01185,P,164,unclassified,d0056
D05374,D01189,P,165,unclassified,d0056
D05374,D01220,P,166,unclassified,d0056
D05374,D01240,P,167,unclassified,d0056
D05374,D01252,P,168,unclassified,d0056
D05374,D01253,P,169,unclassified,d0056
D05374,D01267,P,170,unclassified,d0056
D05374,D01271,P,171,unclassified,d0056
D05374,D01280,P,172,unclassified,d0056
D05374,D01285,P,173,Target: SLC6A4,d0056
D05374,D01289,P,174,unclassified,d0056
D05374,D01296,P,175,unclassified,d0056
D05374,D01305,P,176,unclassified,d0056
D05374,D01314,P,177,unclassified,d0056
D05374,D01325,P,178,unclassified,d0056
D05374,D01326,P,179,Enzyme: CYP2D6 / CYP inhibition: CYP2D6,d0056
D05374,D01330,P,180,unclassified,d0056
D05374,D01337,P,181,unclassified,d0056
D05374,D01341,P,182,unclassified,d0056
D05374,D01344,P,183,unclassified,d0056
D05374,D01353,P,184,unclassified,d0056
D05374,D01355,P,185,Enzyme: CYP2D6 / CYP inhibition: CYP2D6,d0056
D05374,D01380,P,186,unclassified,d0056
D05374,D01383,P,187,unclassified,d0056
D05374,D01394,P,188,unclassified,d0056
D05374,D01397,P,189,unclassified,d0056
D05374,D01399,P,190,unclassified,d0056
D05374,D01410,P,191,unclassified,d0056
D05374,D01412,P,192,unclassified,d0056
D05374,D01437,P,193,unclassified,d0056
D05374,D01447,P,194,unclassified,d0056
D05374,D01448,P,195,unclassified,d0056
D05374,D01454,P,196,unclassified,d0056
D05374,D01455,P,197,Enzyme: CYP2D6 / CYP inhibition: CYP2D6,d0056
D05374,D01466,P,198,unclassified,d0056
D05374,D01471,P,199,unclassified,d0056
D05374,D01475,P,200,unclassified,d0056
D05374,D01477,P,201,unclassified,d0056
D05374,D01485,P,202,unclassified,d0056
D05374,D01492,P,203,unclassified,d0056
D05374,D01501,CI,204,unclassified,d0056
D05374,D01504,P,205,unclassified,d0056
D05374,D01512,P,206,unclassified,d0056
D05374,D01513,P,207,unclassified,d0056
D05374,D01520,P,208,unclassified,d0056
D05374,D01545,P,209,unclassified,d0056
D05374,D01546,P,210,Enzyme: CYP2D6 / Target: SLC6A4 / CYP inhibition: CYP2D6,d0056
D05374,D01547,P,211,unclassified,d0056
D05374,D01551,P,212,unclassified,d0056
D05374,D01554,P,213,unclassified,d0056
D05374,D01557,P,214,unclassified,d0056
D05374,D01565,P,215,unclassified,d0056
D05374,D01567,P,216,unclassified,d0056
D05374,D01578,P,217,unclassified,d0056
D05374,D01581,P,218,unclassified,d0056
D05374,D01582,P,219,unclassified,d0056
D05374,D01594,P,220,unclassified,d0056
D05374,D01624,P,221,Enzyme: CYP2D6 / CYP inhibition: CYP2D6,d0056
D05374,D01661,P,222,unclassified,d0056
D05374,D01670,P,223,unclassified,d0056
D05374,D01672,P,224,unclassified,d0056
D05374,D01675,P,225,unclassified,d0056
D05374,D01683,P,226,unclassified,d0056
D05374,D01684,P,227,unclassified,d0056
D05374,D01706,P,228,unclassified,d0056
D05374,D01709,P,229,unclassified,d0056
D05374,D01718,P,230,unclassified,d0056
D05374,D01741,P,231,unclassified,d0056
D05374,D01762,P,232,unclassified,d0056
D05374,D01765,P,233,unclassified,d0056
D05374,D01767,P,234,unclassified,d0056
D05374,D01776,P,235,unclassified,d0056
D05374,D01785,P,236,unclassified,d0056
D05374,D01788,P,237,unclassified,d0056
D05374,D01794,P,238,Enzyme: CYP2D6 / CYP inhibition: CYP2D6,d0056
D05374,D01795,P,239,unclassified,d0056
D05374,D01806,P,240,unclassified,d0056
D05374,D01810,P,241,unclassified,d0056
D05374,D01811,P,242,unclassified,d0056
D05374,D01823,P,243,unclassified,d0056
D05374,D01830,P,244,unclassified,d0056
D05374,D01841,P,245,unclassified,d0056
D05374,D01844,P,246,unclassified,d0056
D05374,D01847,P,247,unclassified,d0056
D05374,D01851,P,248,unclassified,d0056
D05374,D01856,P,249,unclassified,d0056
D05374,D01860,P,250,unclassified,d0056
D05374,D01865,P,251,unclassified,d0056
D05374,D01866,P,252,unclassified,d0056
D05374,D01874,P,253,unclassified,d0056
D05374,D01888,CI,254,unclassified,d0056
D05374,D01892,P,255,unclassified,d0056
D05374,D01896,P,256,unclassified,d0056
D05374,D01898,P,257,Enzyme: CYP2D6 / CYP inhibition: CYP2D6,d0056
D05374,D01958,P,258,unclassified,d0056
D05374,D01963,P,259,unclassified,d0056
D05374,D01969,P,260,unclassified,d0056
D05374,D01973,P,261,unclassified,d0056
D05374,D01974,P,262,unclassified,d0056
D05374,D01975,P,263,unclassified,d0056
D05374,D01981,P,264,unclassified,d0056
D05374,D01992,P,265,unclassified,d0056
D05374,D02002,CI,266,unclassified,d0056
D05374,D02022,P,267,unclassified,d0056
D05374,D02037,P,268,Enzyme: CYP2D6 / CYP inhibition: CYP2D6,d0056
D05374,D02075,P,269,unclassified,d0056
D05374,D02081,P,270,unclassified,d0056
D05374,D02086,P,271,unclassified,d0056
D05374,D02087,P,272,unclassified,d0056
D05374,D02088,P,273,unclassified,d0056
D05374,D02102,P,274,Enzyme: CYP2D6 / CYP inhibition: CYP2D6,d0056
D05374,D02103,P,275,unclassified,d0056
D05374,D02106,P,276,unclassified,d0056
D05374,D02110,P,277,unclassified,d0056
D05374,D02112,P,278,unclassified,d0056
D05374,D02163,P,279,Enzyme: CYP2D6 / CYP inhibition: CYP2D6,d0056
D05374,D02173,P,280,Enzyme: CYP2D6 / CYP inhibition: CYP2D6,d0056
D05374,D02234,P,281,unclassified,d0056
D05374,D02235,P,282,unclassified,d0056
D05374,D02239,P,283,Enzyme: CYP2D6 / CYP inhibition: CYP2D6,d0056
D05374,D02248,P,284,unclassified,d0056
D05374,D02260,P,285,Enzyme: CYP2D6 / Target: SLC6A4 / CYP inhibition: CYP2D6,d0056
D05374,D02264,P,286,unclassified,d0056
D05374,D02272,P,287,unclassified,d0056
D05374,D02290,P,288,unclassified,d0056
D05374,D02338,P,289,unclassified,d0056
D05374,D02341,P,290,unclassified,d0056
D05374,D02342,P,291,unclassified,d0056
D05374,D02350,P,292,unclassified,d0056
D05374,D02354,P,293,unclassified,d0056
D05374,D02355,P,294,unclassified,d0056
D05374,D02356,P,295,unclassified,d0056
D05374,D02358,P,296,Enzyme: CYP2D6 / CYP inhibition: CYP2D6,d0056
D05374,D02360,P,297,Target: SLC6A4,d0056
D05374,D02362,P,298,Enzyme: CYP2D6 / Target: SLC6A4 / CYP inhibition: CYP2D6,d0056
D05374,D02372,P,299,unclassified,d0056
D05374,D02374,P,300,unclassified,d0056
D05374,D02389,P,301,unclassified,d0056
D05374,D02408,P,302,Target: SLC6A4,d0056
D05374,D02484,P,303,unclassified,d0056
D05374,D02537,P,304,CYP inhibition: CYP2D6,d0056
D05374,D02559,CI,305,unclassified,d0056
D05374,D02560,CI,306,unclassified,d0056
D05374,D02561,CI,307,CYP inhibition: CYP2D6,d0056
D05374,D02562,CI,308,unclassified,d0056
D05374,D02563,CI,309,unclassified,d0056
D05374,D02564,CI,310,unclassified,d0056
D05374,D02565,P,311,unclassified,d0056
D05374,D02567,P,312,Enzyme: CYP2D6 / Target: SLC6A4 / CYP inhibition: CYP2D6,d0056
D05374,D02574,P,313,Enzyme: CYP2D6 / CYP inhibition: CYP2D6,d0056
D05374,D02579,CI,314,unclassified,d0056
D05374,D02580,CI,315,unclassified,d0056
D05374,D02581,CI,316,unclassified,d0056
D05374,D02587,P,317,unclassified,d0056
D05374,D02604,P,318,unclassified,d0056
D05374,D02605,P,319,unclassified,d0056
D05374,D02607,P,320,unclassified,d0056
D05374,D02608,P,321,unclassified,d0056
D05374,D02609,P,322,unclassified,d0056
D05374,D02610,P,323,unclassified,d0056
D05374,D02642,P,324,unclassified,d0056
D05374,D02643,P,325,unclassified,d0056
D05374,D02644,P,326,unclassified,d0056
D05374,D02653,P,327,unclassified,d0056
D05374,D02666,P,328,Enzyme: CYP2D6 / CYP inhibition: CYP2D6,d0056
D05374,D02671,P,329,unclassified,d0056
D05374,D02679,P,330,unclassified,d0056
D05374,D02680,P,331,unclassified,d0056
D05374,D02704,P,332,unclassified,d0056
D05374,D02706,P,333,unclassified,d0056
D05374,D02709,P,334,unclassified,d0056
D05374,D02715,P,335,unclassified,d0056
D05374,D02720,P,336,unclassified,d0056
D05374,D02721,P,337,unclassified,d0056
D05374,D02722,P,338,unclassified,d0056
D05374,D02746,P,339,unclassified,d0056
D05374,D02765,P,340,unclassified,d0056
D05374,D02778,P,341,unclassified,d0056
D05374,D02787,P,342,Target: SLC6A4,d0056
D05374,D02824,P,343,Enzyme: CYP2D6 / CYP inhibition: CYP2D6,d0056
D05374,D02825,P,344,Enzyme: CYP2D6 / CYP inhibition: CYP2D6,d0056
D05374,D02834,P,345,unclassified,d0056
D05374,D02837,P,346,unclassified,d0056
D05374,D02860,P,347,unclassified,d0056
D05374,D02867,P,348,unclassified,d0056
D05374,D02910,P,349,unclassified,d0056
D05374,D02938,P,350,unclassified,d0056
D05374,D02944,P,351,unclassified,d0056
D05374,D02947,P,352,unclassified,d0056
D05374,D02969,P,353,Enzyme: CYP2D6 / CYP inhibition: CYP2D6,d0056
D05374,D02980,P,354,unclassified,d0056
D05374,D02995,P,355,CYP inhibition: CYP2D6,d0056
D05374,D03014,P,356,unclassified,d0056
D05374,D03037,P,357,unclassified,d0056
D05374,D03038,P,358,unclassified,d0056
D05374,D03080,P,359,unclassified,d0056
D05374,D03136,P,360,unclassified,d0056
D05374,D03157,P,361,unclassified,d0056
D05374,D03163,P,362,unclassified,d0056
D05374,D03164,P,363,unclassified,d0056
D05374,D03170,P,364,unclassified,d0056
D05374,D03177,P,365,unclassified,d0056
D05374,D03198,P,366,unclassified,d0056
D05374,D03199,P,367,unclassified,d0056
D05374,D03213,P,368,unclassified,d0056
D05374,D03239,CI,369,unclassified,d0056
D05374,D03248,CI,370,unclassified,d0056
D05374,D03254,P,371,unclassified,d0056
D05374,D03274,P,372,Enzyme: CYP2D6 / CYP inhibition: CYP2D6,d0056
D05374,D03324,P,373,unclassified,d0056
D05374,D03337,P,374,unclassified,d0056
D05374,D03341,P,375,unclassified,d0056
D05374,D03352,P,376,unclassified,d0056
D05374,D03353,P,377,unclassified,d0056
D05374,D03359,P,378,unclassified,d0056
D05374,D03361,P,379,unclassified,d0056
D05374,D03385,P,380,unclassified,d0056
D05374,D03409,CI,381,unclassified,d0056
D05374,D03410,P,382,unclassified,d0056
D05374,D03449,P,383,unclassified,d0056
D05374,D03489,P,384,unclassified,d0056
D05374,D03490,P,385,unclassified,d0056
D05374,D03491,P,386,Target: SLC6A4,d0056
D05374,D03492,P,387,Enzyme: CYP2D6 / CYP inhibition: CYP2D6,d0056
D05374,D03503,P,388,CYP inhibition: CYP2D6,d0056
D05374,D03540,P,389,unclassified,d0056
D05374,D03560,P,390,unclassified,d0056
D05374,D03644,P,391,unclassified,d0056
D05374,D03649,P,392,Target: SLC6A4,d0056
D05374,D03652,P,393,unclassified,d0056
D05374,D03661,P,394,unclassified,d0056
D05374,D03663,P,395,unclassified,d0056
D05374,D03673,P,396,unclassified,d0056
D05374,D03674,P,397,unclassified,d0056
D05374,D03689,P,398,unclassified,d0056
D05374,D03692,P,399,unclassified,d0056
D05374,D03695,P,400,unclassified,d0056
D05374,D03710,P,401,unclassified,d0056
D05374,D03712,P,402,unclassified,d0056
D05374,D03714,P,403,unclassified,d0056
D05374,D03715,P,404,unclassified,d0056
D05374,D03716,P,405,unclassified,d0056
D05374,D03717,P,406,unclassified,d0056
D05374,D03718,P,407,unclassified,d0056
D05374,D03722,P,408,unclassified,d0056
D05374,D03727,P,409,unclassified,d0056
D05374,D03728,P,410,unclassified,d0056
D05374,D03729,P,411,unclassified,d0056
D05374,D03731,CI,412,Enzyme: CYP2D6 / CYP inhibition: CYP2D6,d0056
D05374,D03732,P,413,unclassified,d0056
D05374,D03733,CI,414,unclassified,d0056
D05374,D03759,P,415,unclassified,d0056
D05374,D03798,P,416,unclassified,d0056
D05374,D03830,P,417,unclassified,d0056
D05374,D03855,P,418,unclassified,d0056
D05374,D03914,P,419,CYP inhibition: CYP2D6,d0056
D05374,D03918,P,420,unclassified,d0056
D05374,D03960,P,421,unclassified,d0056
D05374,D03991,P,422,Enzyme: CYP2D6 / CYP inhibition: CYP2D6,d0056
D05374,D04003,P,423,unclassified,d0056
D05374,D04029,P,424,unclassified,d0056
D05374,D04034,P,425,Enzyme: CYP2D6 / CYP inhibition: CYP2D6,d0056
D05374,D04038,P,426,Enzyme: CYP2D6 / CYP inhibition: CYP2D6,d0056
D05374,D04052,P,427,unclassified,d0056
D05374,D04092,CI,428,unclassified,d0056
D05374,D04102,P,429,unclassified,d0056
D05374,D04105,P,430,unclassified,d0056
D05374,D04142,P,431,unclassified,d0056
D05374,D04144,P,432,unclassified,d0056
D05374,D04145,P,433,unclassified,d0056
D05374,D04148,P,434,Enzyme: CYP2D6 / Target: SLC6A4 / CYP inhibition: CYP2D6,d0056
D05374,D04183,P,435,unclassified,d0056
D05374,D04190,P,436,unclassified,d0056
D05374,D04206,P,437,unclassified,d0056
D05374,D04264,P,438,unclassified,d0056
D05374,D04273,P,439,unclassified,d0056
D05374,D04276,P,440,unclassified,d0056
D05374,D04277,P,441,unclassified,d0056
D05374,D04340,P,442,Enzyme: CYP2D6 / CYP inhibition: CYP2D6,d0056
D05374,D04427,P,443,unclassified,d0056
D05374,D04490,P,444,unclassified,d0056
D05374,D04530,P,445,unclassified,d0056
D05374,D04556,P,446,unclassified,d0056
D05374,D04605,P,447,unclassified,d0056
D05374,D04638,P,448,unclassified,d0056
D05374,D04639,P,449,unclassified,d0056
D05374,D04652,P,450,unclassified,d0056
D05374,D04665,P,451,unclassified,d0056
D05374,D04681,CI,452,unclassified,d0056
D05374,D04710,P,453,unclassified,d0056
D05374,D04747,P,454,unclassified,d0056
D05374,D04774,P,455,unclassified,d0056
D05374,D04778,P,456,unclassified,d0056
D05374,D04799,P,457,unclassified,d0056
D05374,D04863,P,458,unclassified,d0056
D05374,D04888,P,459,unclassified,d0056
D05374,D04889,P,460,unclassified,d0056
D05374,D04955,P,461,unclassified,d0056
D05374,D04965,P,462,Enzyme: CYP2D6 / CYP inhibition: CYP2D6,d0056
D05374,D04977,P,463,unclassified,d0056
D05374,D05011,P,464,Enzyme: CYP2D6 / CYP inhibition: CYP2D6,d0056
D05374,D05033,CI,465,unclassified,d0056
D05374,D05039,CI,466,Enzyme: CYP2D6 / CYP inhibition: CYP2D6,d0056
D05374,D05040,CI,467,Enzyme: CYP2D6 / CYP inhibition: CYP2D6,d0056
D05374,D05077,P,468,unclassified,d0056
D05374,D05121,P,469,unclassified,d0056
D05374,D05123,P,470,unclassified,d0056
D05374,D05127,P,471,Enzyme: CYP2D6 / CYP inhibition: CYP2D6,d0056
D05374,D05143,P,472,unclassified,d0056
D05374,D05181,P,473,unclassified,d0056
D05374,D05231,P,474,unclassified,d0056
D05374,D05319,P,475,unclassified,d0056
D05374,D05339,P,476,unclassified,d0056
D05374,D05340,P,477,unclassified,d0056
D05374,D05345,P,478,unclassified,d0056
D05374,D05374,P,479,Enzyme: CYP2D6 / Target: SLC6A4 / CYP inhibition: CYP2D6,d0056
D05374,D05375,P,480,Enzyme: CYP2D6 / Target: SLC6A4 / CYP inhibition: CYP2D6,d0056
D05374,D05404,P,481,unclassified,d0056
D05374,D05410,P,482,unclassified,d0056
D05374,D05412,P,483,unclassified,d0056
D05374,D05451,P,484,unclassified,d0056
D05374,D05457,P,485,unclassified,d0056
D05374,D05491,P,486,Target: SLC6A4,d0056
D05374,D05502,P,487,unclassified,d0056
D05374,D05511,P,488,unclassified,d0056
D05374,D05512,P,489,unclassified,d0056
D05374,D05513,P,490,unclassified,d0056
D05374,D05515,P,491,unclassified,d0056
D05374,D05587,P,492,unclassified,d0056
D05374,D05597,P,493,unclassified,d0056
D05374,D05598,P,494,unclassified,d0056
D05374,D05619,P,495,unclassified,d0056
D05374,D05721,P,496,unclassified,d0056
D05374,D05727,P,497,unclassified,d0056
D05374,D05740,P,498,unclassified,d0056
D05374,D05788,P,499,unclassified,d0056
D05374,D05789,P,500,unclassified,d0056
D05374,D05791,P,501,unclassified,d0056
D05374,D05793,P,502,unclassified,d0056
D05374,D05830,P,503,unclassified,d0056
D05374,D05928,P,504,CYP inhibition: CYP2D6,d0056
D05374,D05937,P,505,unclassified,d0056
D05374,D05995,P,506,unclassified,d0056
D05374,D05998,P,507,unclassified,d0056
D05374,D06070,P,508,unclassified,d0056
D05374,D06082,P,509,unclassified,d0056
D05374,D06129,P,510,unclassified,d0056
D05374,D06142,P,511,unclassified,d0056
D05374,D06143,P,512,unclassified,d0056
D05374,D06156,P,513,unclassified,d0056
D05374,D06162,P,514,unclassified,d0056
D05374,D06172,P,515,unclassified,d0056
D05374,D06176,P,516,unclassified,d0056
D05374,D06213,P,517,unclassified,d0056
D05374,D06270,P,518,unclassified,d0056
D05374,D06364,P,519,unclassified,d0056
D05374,D06367,P,520,unclassified,d0056
D05374,D06382,P,521,unclassified,d0056
D05374,D06398,P,522,unclassified,d0056
D05374,D06405,P,523,unclassified,d0056
D05374,D06410,P,524,unclassified,d0056
D05374,D06478,P,525,unclassified,d0056
D05374,D06517,P,526,unclassified,d0056
D05374,D06571,P,527,unclassified,d0056
D05374,D06606,P,528,unclassified,d0056
D05374,D06622,P,529,Enzyme: CYP2D6 / CYP inhibition: CYP2D6,d0056
D05374,D06623,P,530,unclassified,d0056
D05374,D06646,P,531,unclassified,d0056
D05374,D06652,P,532,unclassified,d0056
D05374,D06653,P,533,unclassified,d0056
D05374,D06665,P,534,unclassified,d0056
D05374,D06879,P,535,unclassified,d0056
D05374,D06880,P,536,unclassified,d0056
D05374,D06888,P,537,unclassified,d0056
D05374,D07064,P,538,unclassified,d0056
D05374,D07065,P,539,unclassified,d0056
D05374,D07082,P,540,unclassified,d0056
D05374,D07086,P,541,unclassified,d0056
D05374,D07131,P,542,unclassified,d0056
D05374,D07135,P,543,unclassified,d0056
D05374,D07136,P,544,unclassified,d0056
D05374,D07137,P,545,unclassified,d0056
D05374,D07138,P,546,unclassified,d0056
D05374,D07139,P,547,unclassified,d0056
D05374,D07140,P,548,unclassified,d0056
D05374,D07141,P,549,unclassified,d0056
D05374,D07142,P,550,unclassified,d0056
D05374,D07143,P,551,unclassified,d0056
D05374,D07144,P,552,unclassified,d0056
D05374,D07156,P,553,Enzyme: CYP2D6 / CYP inhibition: CYP2D6,d0056
D05374,D07181,P,554,unclassified,d0056
D05374,D07182,P,555,unclassified,d0056
D05374,D07183,P,556,unclassified,d0056
D05374,D07184,P,557,unclassified,d0056
D05374,D07185,P,558,unclassified,d0056
D05374,D07219,P,559,unclassified,d0056
D05374,D07262,P,560,unclassified,d0056
D05374,D07263,P,561,unclassified,d0056
D05374,D07264,P,562,unclassified,d0056
D05374,D07265,P,563,unclassified,d0056
D05374,D07266,P,564,unclassified,d0056
D05374,D07267,P,565,unclassified,d0056
D05374,D07268,P,566,unclassified,d0056
D05374,D07269,P,567,unclassified,d0056
D05374,D07290,P,568,unclassified,d0056
D05374,D07291,P,569,unclassified,d0056
D05374,D07292,P,570,unclassified,d0056
D05374,D07293,P,571,unclassified,d0056
D05374,D07307,P,572,unclassified,d0056
D05374,D07308,P,573,unclassified,d0056
D05374,D07334,P,574,Target: SLC6A4,d0056
D05374,D07335,P,575,unclassified,d0056
D05374,D07336,P,576,unclassified,d0056
D05374,D07337,CI,577,unclassified,d0056
D05374,D07338,CI,578,unclassified,d0056
D05374,D07421,P,579,unclassified,d0056
D05374,D07422,P,580,unclassified,d0056
D05374,D07428,P,581,unclassified,d0056
D05374,D07443,P,582,unclassified,d0056
D05374,D07448,P,583,Enzyme: CYP2D6 / Target: SLC6A4 / CYP inhibition: CYP2D6,d0056
D05374,D07453,P,584,unclassified,d0056
D05374,D07457,P,585,unclassified,d0056
D05374,D07465,P,586,unclassified,d0056
D05374,D07488,P,587,unclassified,d0056
D05374,D07496,P,588,unclassified,d0056
D05374,D07503,P,589,unclassified,d0056
D05374,D07505,P,590,unclassified,d0056
D05374,D07510,P,591,unclassified,d0056
D05374,D07516,P,592,unclassified,d0056
D05374,D07517,P,593,unclassified,d0056
D05374,D07520,P,594,Enzyme: CYP2D6 / CYP inhibition: CYP2D6,d0056
D05374,D07526,P,595,unclassified,d0056
D05374,D07537,P,596,Enzyme: CYP2D6 / CYP inhibition: CYP2D6,d0056
D05374,D07541,P,597,unclassified,d0056
D05374,D07549,P,598,unclassified,d0056
D05374,D07579,P,599,unclassified,d0056
D05374,D07580,P,600,unclassified,d0056
D05374,D07581,P,601,unclassified,d0056
D05374,D07582,P,602,unclassified,d0056
D05374,D07583,P,603,unclassified,d0056
D05374,D07590,P,604,unclassified,d0056
D05374,D07595,P,605,unclassified,d0056
D05374,D07601,P,606,unclassified,d0056
D05374,D07608,P,607,unclassified,d0056
D05374,D07612,P,608,unclassified,d0056
D05374,D07624,P,609,Enzyme: CYP2D6 / CYP inhibition: CYP2D6,d0056
D05374,D07660,P,610,unclassified,d0056
D05374,D07685,P,611,unclassified,d0056
D05374,D07704,P,612,Enzyme: CYP2D6 / Target: SLC6A4 / CYP inhibition: CYP2D6,d0056
D05374,D07705,P,613,Enzyme: CYP2D6 / Target: SLC6A4 / CYP inhibition: CYP2D6,d0056
D05374,D07727,P,614,Enzyme: CYP2D6 / Target: SLC6A4 / CYP inhibition: CYP2D6,d0056
D05374,D07729,P,615,unclassified,d0056
D05374,D07736,P,616,unclassified,d0056
D05374,D07756,P,617,unclassified,d0056
D05374,D07791,P,618,Target: SLC6A4,d0056
D05374,D07812,P,619,unclassified,d0056
D05374,D07816,P,620,unclassified,d0056
D05374,D07817,P,621,unclassified,d0056
D05374,D07818,P,622,unclassified,d0056
D05374,D07819,P,623,unclassified,d0056
D05374,D07824,P,624,unclassified,d0056
D05374,D07845,P,625,unclassified,d0056
D05374,D07865,P,626,unclassified,d0056
D05374,D07872,P,627,Enzyme: CYP2D6 / Target: SLC6A4 / CYP inhibition: CYP2D6,d0056
D05374,D07875,P,628,Enzyme: CYP2D6 / Target: SLC6A4 / CYP inhibition: CYP2D6,d0056
D05374,D07887,P,629,unclassified,d0056
D05374,D07888,P,630,unclassified,d0056
D05374,D07894,P,631,Enzyme: CYP2D6 / CYP inhibition: CYP2D6,d0056
D05374,D07913,P,632,Enzyme: CYP2D6 / Target: SLC6A4 / CYP inhibition: CYP2D6,d0056
D05374,D07916,P,633,unclassified,d0056
D05374,D07943,P,634,unclassified,d0056
D05374,D07962,P,635,Enzyme: CYP2D6 / CYP inhibition: CYP2D6,d0056
D05374,D07969,P,636,unclassified,d0056
D05374,D07977,P,637,Enzyme: CYP2D6 / CYP inhibition: CYP2D6,d0056
D05374,D07984,P,638,Enzyme: CYP2D6 / Target: SLC6A4 / CYP inhibition: CYP2D6,d0056
D05374,D07991,P,639,unclassified,d0056
D05374,D07997,P,640,unclassified,d0056
D05374,D08004,P,641,unclassified,d0056
D05374,D08009,P,642,unclassified,d0056
D05374,D08020,P,643,unclassified,d0056
D05374,D08021,P,644,unclassified,d0056
D05374,D08048,P,645,unclassified,d0056
D05374,D08049,P,646,unclassified,d0056
D05374,D08058,P,647,unclassified,d0056
D05374,D08059,P,648,unclassified,d0056
D05374,D08060,P,649,unclassified,d0056
D05374,D08065,P,650,unclassified,d0056
D05374,D08070,P,651,Enzyme: CYP2D6 / Target: SLC6A4 / CYP inhibition: CYP2D6,d0056
D05374,D08071,P,652,Enzyme: CYP2D6 / Target: SLC6A4 / CYP inhibition: CYP2D6,d0056
D05374,D08072,P,653,Target: SLC6A4,d0056
D05374,D08074,P,654,unclassified,d0056
D05374,D08078,P,655,unclassified,d0056
D05374,D08085,CI,656,unclassified,d0056
D05374,D08102,P,657,unclassified,d0056
D05374,D08103,P,658,unclassified,d0056
D05374,D08104,P,659,unclassified,d0056
D05374,D08115,P,660,unclassified,d0056
D05374,D08127,P,661,unclassified,d0056
D05374,D08140,P,662,Target: SLC6A4,d0056
D05374,D08142,P,663,unclassified,d0056
D05374,D08149,P,664,unclassified,d0056
D05374,D08153,P,665,unclassified,d0056
D05374,D08162,P,666,unclassified,d0056
D05374,D08171,P,667,unclassified,d0056
D05374,D08190,P,668,unclassified,d0056
D05374,D08215,P,669,Enzyme: CYP2D6 / CYP inhibition: CYP2D6,d0056
D05374,D08240,P,670,unclassified,d0056
D05374,D08255,P,671,Enzyme: CYP2D6 / CYP inhibition: CYP2D6,d0056
D05374,D08256,P,672,unclassified,d0056
D05374,D08275,P,673,unclassified,d0056
D05374,D08288,P,674,Enzyme: CYP2D6 / Target: SLC6A4 / CYP inhibition: CYP2D6,d0056
D05374,D08295,P,675,unclassified,d0056
D05374,D08297,P,676,unclassified,d0056
D05374,D08318,P,677,unclassified,d0056
D05374,D08324,P,678,unclassified,d0056
D05374,D08327,P,679,unclassified,d0056
D05374,D08341,P,680,Enzyme: CYP2D6 / CYP inhibition: CYP2D6,d0056
D05374,D08342,P,681,Enzyme: CYP2D6 / CYP inhibition: CYP2D6,d0056
D05374,D08349,CI,682,unclassified,d0056
D05374,D08354,P,683,unclassified,d0056
D05374,D08356,P,684,unclassified,d0056
D05374,D08363,P,685,unclassified,d0056
D05374,D08364,P,686,unclassified,d0056
D05374,D08374,P,687,unclassified,d0056
D05374,D08375,P,688,unclassified,d0056
D05374,D08377,P,689,unclassified,d0056
D05374,D08385,P,690,unclassified,d0056
D05374,D08392,CI,691,unclassified,d0056
D05374,D08393,CI,692,unclassified,d0056
D05374,D08394,P,693,unclassified,d0056
D05374,D08421,P,694,unclassified,d0056
D05374,D08427,P,695,unclassified,d0056
D05374,D08430,P,696,unclassified,d0056
D05374,D08435,P,697,Enzyme: CYP2D6 / CYP inhibition: CYP2D6,d0056
D05374,D08443,P,698,Enzyme: CYP2D6 / CYP inhibition: CYP2D6,d0056
D05374,D08447,P,699,Target: SLC6A4,d0056
D05374,D08453,CI,700,unclassified,d0056
D05374,D08456,P,701,unclassified,d0056
D05374,D08458,P,702,unclassified,d0056
D05374,D08459,P,703,unclassified,d0056
D05374,D08469,CI,704,unclassified,d0056
D05374,D08479,P,705,unclassified,d0056
D05374,D08485,P,706,unclassified,d0056
D05374,D08493,P,707,Enzyme: CYP2D6 / CYP inhibition: CYP2D6,d0056
D05374,D08501,P,708,unclassified,d0056
D05374,D08508,P,709,Enzyme: CYP2D6 / CYP inhibition: CYP2D6,d0056
D05374,D08525,P,710,unclassified,d0056
D05374,D08536,P,711,unclassified,d0056
D05374,D08547,P,712,unclassified,d0056
D05374,D08572,P,713,unclassified,d0056
D05374,D08575,P,714,Enzyme: CYP2D6 / CYP inhibition: CYP2D6,d0056
D05374,D08585,P,715,unclassified,d0056
D05374,D08586,P,716,unclassified,d0056
D05374,D08592,P,717,unclassified,d0056
D05374,D08594,P,718,CYP inhibition: CYP2D6,d0056
D05374,D08598,P,719,unclassified,d0056
D05374,D08600,P,720,Enzyme: CYP2D6 / CYP inhibition: CYP2D6,d0056
D05374,D08607,P,721,unclassified,d0056
D05374,D08609,P,722,unclassified,d0056
D05374,D08625,CI,723,unclassified,d0056
D05374,D08628,P,724,unclassified,d0056
D05374,D08630,P,725,unclassified,d0056
D05374,D08636,P,726,unclassified,d0056
D05374,D08657,P,727,unclassified,d0056
D05374,D08682,P,728,unclassified,d0056
D05374,D08795,P,729,unclassified,d0056
D05374,D08858,P,730,unclassified,d0056
D05374,D08873,P,731,unclassified,d0056
D05374,D08913,P,732,unclassified,d0056
D05374,D08923,P,733,Enzyme: CYP2D6 / CYP inhibition: CYP2D6,d0056
D05374,D09017,P,734,unclassified,d0056
D05374,D09206,P,735,unclassified,d0056
D05374,D09216,P,736,unclassified,d0056
D05374,D09535,P,737,CYP inhibition: CYP2D6,d0056
D05374,D09546,P,738,unclassified,d0056
D05374,D09568,P,739,unclassified,d0056
D05374,D09676,P,740,unclassified,d0056
D05374,D09677,P,741,unclassified,d0056
D05374,D09686,P,742,unclassified,d0056
D05374,D09701,P,743,unclassified,d0056
D05374,D09707,P,744,unclassified,d0056
D05374,D09710,P,745,unclassified,d0056
D05374,D09760,P,746,unclassified,d0056
D05374,D09765,P,747,unclassified,d0056
D05374,D09766,P,748,unclassified,d0056
D05374,D09773,CI,749,unclassified,d0056
D05374,D09807,P,750,unclassified,d0056
D05374,D09814,P,751,unclassified,d0056
D05374,D09815,P,752,unclassified,d0056
D05374,D09817,P,753,unclassified,d0056
D05374,D09819,P,754,Enzyme: CYP2D6 / CYP inhibition: CYP2D6,d0056
D05374,D09823,P,755,unclassified,d0056
D05374,D09843,P,756,unclassified,d0056
D05374,D09847,P,757,unclassified,d0056
D05374,D09894,"CI,P",758,Enzyme: CYP2D6 / CYP inhibition: CYP2D6,d0056
D05374,D09923,P,759,unclassified,d0056
D05374,D09994,P,760,unclassified,d0056
D05374,D09999,P,761,Enzyme: CYP2D6 / CYP inhibition: CYP2D6,d0056
D05374,D10003,P,762,CYP induction: CYP2D6,d0056
D05374,D10014,P,763,unclassified,d0056
D05374,D10017,P,764,unclassified,d0056
D05374,D10158,CI,765,unclassified,d0056
D05374,D10185,P,766,Enzyme: CYP2D6 / Target: SLC6A4 / CYP inhibition: CYP2D6,d0056
D05374,D10191,CI,767,unclassified,d0056
D05374,D10254,P,768,unclassified,d0056
D05374,D10298,P,769,unclassified,d0056
D05374,D10309,P,770,Enzyme: CYP2D6 / CYP inhibition: CYP2D6,d0056
D05374,D10355,P,771,Enzyme: CYP2D6 / CYP inhibition: CYP2D6,d0056
D05374,D10364,P,772,Enzyme: CYP2D6 / CYP inhibition: CYP2D6,d0056
D05374,D10424,P,773,unclassified,d0056
D05374,D10430,P,774,unclassified,d0056
D05374,D10471,P,775,unclassified,d0056
D05374,D10503,P,776,unclassified,d0056
D05374,D10512,P,777,Enzyme: CYP2D6 / CYP inhibition: CYP2D6,d0056
D05374,D10513,P,778,unclassified,d0056
D05374,D10516,P,779,Enzyme: CYP2D6 / CYP inhibition: CYP2D6,d0056
D05374,D10527,P,780,unclassified,d0056
D05374,D10537,P,781,unclassified,d0056
D05374,D10569,P,782,unclassified,d0056
D05374,D10656,P,783,unclassified,d0056
D05374,D10684,P,784,unclassified,d0056
D05374,D10755,P,785,Enzyme: CYP2D6 / CYP inhibition: CYP2D6,d0056
D05374,D10793,P,786,unclassified,d0056
D05374,D10823,P,787,unclassified,d0056
D05374,D10824,P,788,unclassified,d0056
D05374,D10829,CI,789,unclassified,d0056
D05374,D10832,P,790,Enzyme: CYP2D6 / CYP inhibition: CYP2D6,d0056
D05374,D10999,P,791,unclassified,d0056
D05374,D11027,P,792,unclassified,d0056
D05374,D11029,P,793,unclassified,d0056
D05374,D11160,P,794,unclassified,d0056
D05374,D11280,P,795,unclassified,d0056
D05374,D11296,P,796,unclassified,d0056
D05374,D11382,P,797,Enzyme: CYP2D6 / CYP inhibition: CYP2D6,d0056
D05374,D11568,P,798,unclassified,d0056
D05374,D11617,P,799,unclassified,d0056
D05374,D11674,P,800,CYP inhibition: CYP2D6,d0056
D05374,D11708,P,801,unclassified,d0056
D05374,D11804,P,802,unclassified,d0056
D05374,D12005,P,803,unclassified,d0056
D05374,D12015,P,804,unclassified,d0056
D05374,D12217,P,805,unclassified,d0056
D05374,D12364,P,806,unclassified,d0056
D05374,D12410,P,807,unclassified,d0056
D05374,D12446,P,808,unclassified,d0056
D05374,D12595,P,809,unclassified,d0056
D05374,D12596,P,810,unclassified,d0056
D05374,D12597,P,811,unclassified,d0056
D05374,D12598,P,812,unclassified,d0056
D05374,D12629,P,813,unclassified,d0056
D05374,D13099,P,814,Enzyme: CYP2D6 / CYP inhibition: CYP2D6,d0056
D05375,cpd:C01017,P,1,unclassified,d0057
D05375,cpd:C04931,P,2,unclassified,d0057
D05375,cpd:C06807,P,3,unclassified,d0057
D05375,D00020,P,4,unclassified,d0057
D05375,D00076,P,5,unclassified,d0057
D05375,D00095,P,6,unclassified,d0057
D05375,D00106,P,7,unclassified,d0057
D05375,D00109,P,8,unclassified,d0057
D05375,D00118,P,9,unclassified,d0057
D05375,D00120,P,10,unclassified,d0057
D05375,D00126,P,11,unclassified,d0057
D05375,D00127,P,12,unclassified,d0057
D05375,D00130,P,13,unclassified,d0057
D05375,D00132,P,14,unclassified,d0057
D05375,D00136,P,15,Enzyme: CYP2D6 / CYP inhibition: CYP2D6,d0057
D05375,D00141,P,16,unclassified,d0057
D05375,D00151,P,17,unclassified,d0057
D05375,D00158,P,18,unclassified,d0057
D05375,D00169,P,19,unclassified,d0057
D05375,D00181,P,20,unclassified,d0057
D05375,D00199,P,21,Enzyme: CYP2D6 / CYP inhibition: CYP2D6,d0057
D05375,D00211,P,22,unclassified,d0057
D05375,D00228,P,23,Enzyme: CYP2D6 / Target: SLC6A4 / CYP inhibition: CYP2D6,d0057
D05375,D00235,P,24,Enzyme: CYP2D6 / CYP inhibition: CYP2D6,d0057
D05375,D00252,P,25,unclassified,d0057
D05375,D00255,P,26,Enzyme: CYP2D6 / CYP inhibition: CYP2D6,d0057
D05375,D00270,P,27,Enzyme: CYP2D6 / CYP inhibition: CYP2D6,d0057
D05375,D00283,P,28,unclassified,d0057
D05375,D00295,P,29,CYP inhibition: CYP2D6,d0057
D05375,D00298,P,30,unclassified,d0057
D05375,D00302,P,31,unclassified,d0057
D05375,D00303,P,32,unclassified,d0057
D05375,D00311,P,33,unclassified,d0057
D05375,D00315,P,34,unclassified,d0057
D05375,D00320,P,35,unclassified,d0057
D05375,D00326,P,36,Enzyme: CYP2D6 / Target: SLC6A4 / CYP inhibition: CYP2D6,d0057
D05375,D00330,P,37,unclassified,d0057
D05375,D00346,CI,38,unclassified,d0057
D05375,D00358,P,39,unclassified,d0057
D05375,D00373,P,40,unclassified,d0057
D05375,D00377,P,41,unclassified,d0057
D05375,D00378,P,42,Enzyme: CYP2D6 / CYP inhibition: CYP2D6,d0057
D05375,D00390,P,43,unclassified,d0057
D05375,D00394,P,44,Target: SLC6A4,d0057
D05375,D00403,P,45,unclassified,d0057
D05375,D00415,P,46,unclassified,d0057
D05375,D00425,P,47,unclassified,d0057
D05375,D00426,P,48,Enzyme: CYP2D6 / CYP inhibition: CYP2D6,d0057
D05375,D00427,P,49,Enzyme: CYP2D6 / CYP inhibition: CYP2D6,d0057
D05375,D00428,P,50,unclassified,d0057
D05375,D00432,P,51,unclassified,d0057
D05375,D00448,P,52,unclassified,d0057
D05375,D00451,P,53,unclassified,d0057
D05375,D00452,P,54,unclassified,d0057
D05375,D00454,P,55,unclassified,d0057
D05375,D00458,P,56,unclassified,d0057
D05375,D00463,P,57,unclassified,d0057
D05375,D00477,P,58,unclassified,d0057
D05375,D00479,P,59,unclassified,d0057
D05375,D00483,P,60,Enzyme: CYP2D6 / CYP inhibition: CYP2D6,d0057
D05375,D00484,P,61,Target: SLC6A4,d0057
D05375,D00493,P,62,unclassified,d0057
D05375,D00503,P,63,Enzyme: CYP2D6 / CYP inhibition: CYP2D6,d0057
D05375,D00505,CI,64,unclassified,d0057
D05375,D00506,P,65,unclassified,d0057
D05375,D00510,P,66,unclassified,d0057
D05375,D00512,P,67,unclassified,d0057
D05375,D00513,P,68,Enzyme: CYP2D6 / CYP inhibition: CYP2D6,d0057
D05375,D00556,P,69,unclassified,d0057
D05375,D00560,CI,70,unclassified,d0057
D05375,D00563,P,71,Enzyme: CYP2D6 / CYP inhibition: CYP2D6,d0057
D05375,D00564,P,72,unclassified,d0057
D05375,D00566,P,73,unclassified,d0057
D05375,D00567,P,74,CYP inhibition: CYP2D6,d0057
D05375,D00568,P,75,unclassified,d0057
D05375,D00597,P,76,unclassified,d0057
D05375,D00598,P,77,unclassified,d0057
D05375,D00599,P,78,Enzyme: CYP2D6 / CYP inhibition: CYP2D6,d0057
D05375,D00601,P,79,Enzyme: CYP2D6 / CYP inhibition: CYP2D6,d0057
D05375,D00602,P,80,unclassified,d0057
D05375,D00603,P,81,Enzyme: CYP2D6 / CYP inhibition: CYP2D6,d0057
D05375,D00605,P,82,unclassified,d0057
D05375,D00616,P,83,unclassified,d0057
D05375,D00619,P,84,unclassified,d0057
D05375,D00631,P,85,Enzyme: CYP2D6 / CYP inhibition: CYP2D6,d0057
D05375,D00634,P,86,unclassified,d0057
D05375,D00635,P,87,Enzyme: CYP2D6 / CYP inhibition: CYP2D6,d0057
D05375,D00636,P,88,unclassified,d0057
D05375,D00637,P,89,unclassified,d0057
D05375,D00638,P,90,Enzyme: CYP2D6 / CYP inhibition: CYP2D6,d0057
D05375,D00639,P,91,Enzyme: CYP2D6 / CYP inhibition: CYP2D6,d0057
D05375,D00640,P,92,Enzyme: CYP2D6 / CYP inhibition: CYP2D6,d0057
D05375,D00642,P,93,unclassified,d0057
D05375,D00643,P,94,unclassified,d0057
D05375,D00644,P,95,unclassified,d0057
D05375,D00645,P,96,unclassified,d0057
D05375,D00647,P,97,unclassified,d0057
D05375,D00648,P,98,unclassified,d0057
D05375,D00661,P,99,Enzyme: CYP2D6 / CYP inhibition: CYP2D6,d0057
D05375,D00674,P,100,Enzyme: CYP2D6 / CYP inhibition: CYP2D6,d0057
D05375,D00675,P,101,unclassified,d0057
D05375,D00676,P,102,unclassified,d0057
D05375,D00677,P,103,unclassified,d0057
D05375,D00678,P,104,Enzyme: CYP2D6 / CYP inhibition: CYP2D6,d0057
D05375,D00701,P,105,unclassified,d0057
D05375,D00727,P,106,unclassified,d0057
D05375,D00754,P,107,unclassified,d0057
D05375,D00769,P,108,unclassified,d0057
D05375,D00785,CI,109,Enzyme: CYP2D6 / CYP inhibition: CYP2D6,d0057
D05375,D00788,P,110,unclassified,d0057
D05375,D00789,P,111,Enzyme: CYP2D6 / CYP inhibition: CYP2D6,d0057
D05375,D00791,P,112,Enzyme: CYP2D6 / CYP inhibition: CYP2D6,d0057
D05375,D00792,P,113,Enzyme: CYP2D6 / CYP inhibition: CYP2D6,d0057
D05375,D00793,P,114,Enzyme: CYP2D6 / CYP inhibition: CYP2D6,d0057
D05375,D00795,P,115,unclassified,d0057
D05375,D00797,P,116,unclassified,d0057
D05375,D00798,P,117,unclassified,d0057
D05375,D00799,P,118,unclassified,d0057
D05375,D00800,P,119,unclassified,d0057
D05375,D00801,P,120,unclassified,d0057
D05375,D00809,P,121,Enzyme: CYP2D6 / Target: SLC6A4 / CYP inhibition: CYP2D6,d0057
D05375,D00810,P,122,unclassified,d0057
D05375,D00811,P,123,Enzyme: CYP2D6 / Target: SLC6A4 / CYP inhibition: CYP2D6,d0057
D05375,D00812,P,124,Target: SLC6A4,d0057
D05375,D00813,P,125,unclassified,d0057
D05375,D00814,P,126,Enzyme: CYP2D6 / Target: SLC6A4 / CYP inhibition: CYP2D6,d0057
D05375,D00815,P,127,Enzyme: CYP2D6 / Target: SLC6A4 / CYP inhibition: CYP2D6,d0057
D05375,D00816,P,128,Enzyme: CYP2D6 / Target: SLC6A4 / CYP inhibition: CYP2D6,d0057
D05375,D00818,P,129,Enzyme: CYP2D6 / CYP inhibition: CYP2D6,d0057
D05375,D00820,P,130,Enzyme: CYP2D6 / Target: SLC6A4 / CYP inhibition: CYP2D6,d0057
D05375,D00821,P,131,Enzyme: CYP2D6 / Target: SLC6A4 / CYP inhibition: CYP2D6,d0057
D05375,D00822,P,132,Enzyme: CYP2D6 / Target: SLC6A4 / CYP inhibition: CYP2D6,d0057
D05375,D00823,P,133,Enzyme: CYP2D6 / Target: SLC6A4 / CYP inhibition: CYP2D6,d0057
D05375,D00824,P,134,Enzyme: CYP2D6 / Target: SLC6A4 / CYP inhibition: CYP2D6,d0057
D05375,D00825,P,135,Target: SLC6A4,d0057
D05375,D00826,CI,136,unclassified,d0057
D05375,D00827,P,137,unclassified,d0057
D05375,D00848,P,138,Enzyme: CYP2D6 / CYP inhibition: CYP2D6,d0057
D05375,D00903,P,139,unclassified,d0057
D05375,D00904,P,140,unclassified,d0057
D05375,D00947,P,141,unclassified,d0057
D05375,D00966,P,142,Enzyme: CYP2D6 / CYP inhibition: CYP2D6,d0057
D05375,D00968,P,143,unclassified,d0057
D05375,D00969,P,144,unclassified,d0057
D05375,D00970,P,145,unclassified,d0057
D05375,D00971,P,146,unclassified,d0057
D05375,D01025,P,147,unclassified,d0057
D05375,D01026,P,148,unclassified,d0057
D05375,D01028,P,149,CYP inhibition: CYP2D6,d0057
D05375,D01029,P,150,unclassified,d0057
D05375,D01037,P,151,unclassified,d0057
D05375,D01041,P,152,Enzyme: CYP2D6 / CYP inhibition: CYP2D6,d0057
D05375,D01049,P,153,unclassified,d0057
D05375,D01087,P,154,unclassified,d0057
D05375,D01097,CI,155,unclassified,d0057
D05375,D01110,P,156,unclassified,d0057
D05375,D01122,P,157,unclassified,d0057
D05375,D01130,P,158,unclassified,d0057
D05375,D01164,P,159,Enzyme: CYP2D6 / CYP inhibition: CYP2D6,d0057
D05375,D01176,P,160,unclassified,d0057
D05375,D01179,P,161,Target: SLC6A4 / CYP inhibition: CYP2D6,d0057
D05375,D01182,P,162,Enzyme: CYP2D6 / CYP inhibition: CYP2D6,d0057
D05375,D01183,P,163,unclassified,d0057
D05375,D01185,P,164,unclassified,d0057
D05375,D01189,P,165,unclassified,d0057
D05375,D01220,P,166,unclassified,d0057
D05375,D01240,P,167,unclassified,d0057
D05375,D01252,P,168,unclassified,d0057
D05375,D01253,P,169,unclassified,d0057
D05375,D01267,P,170,unclassified,d0057
D05375,D01271,P,171,unclassified,d0057
D05375,D01280,P,172,unclassified,d0057
D05375,D01285,P,173,Target: SLC6A4,d0057
D05375,D01289,P,174,unclassified,d0057
D05375,D01296,P,175,unclassified,d0057
D05375,D01305,P,176,unclassified,d0057
D05375,D01314,P,177,unclassified,d0057
D05375,D01325,P,178,unclassified,d0057
D05375,D01326,P,179,Enzyme: CYP2D6 / CYP inhibition: CYP2D6,d0057
D05375,D01330,P,180,unclassified,d0057
D05375,D01337,P,181,unclassified,d0057
D05375,D01341,P,182,unclassified,d0057
D05375,D01344,P,183,unclassified,d0057
D05375,D01353,P,184,unclassified,d0057
D05375,D01355,P,185,Enzyme: CYP2D6 / CYP inhibition: CYP2D6,d0057
D05375,D01380,P,186,unclassified,d0057
D05375,D01383,P,187,unclassified,d0057
D05375,D01394,P,188,unclassified,d0057
D05375,D01397,P,189,unclassified,d0057
D05375,D01399,P,190,unclassified,d0057
D05375,D01410,P,191,unclassified,d0057
D05375,D01412,P,192,unclassified,d0057
D05375,D01437,P,193,unclassified,d0057
D05375,D01447,P,194,unclassified,d0057
D05375,D01448,P,195,unclassified,d0057
D05375,D01454,P,196,unclassified,d0057
D05375,D01455,P,197,Enzyme: CYP2D6 / CYP inhibition: CYP2D6,d0057
D05375,D01466,P,198,unclassified,d0057
D05375,D01471,P,199,unclassified,d0057
D05375,D01475,P,200,unclassified,d0057
D05375,D01477,P,201,unclassified,d0057
D05375,D01485,P,202,unclassified,d0057
D05375,D01492,P,203,unclassified,d0057
D05375,D01501,CI,204,unclassified,d0057
D05375,D01504,P,205,unclassified,d0057
D05375,D01512,P,206,unclassified,d0057
D05375,D01513,P,207,unclassified,d0057
D05375,D01520,P,208,unclassified,d0057
D05375,D01545,P,209,unclassified,d0057
D05375,D01546,P,210,Enzyme: CYP2D6 / Target: SLC6A4 / CYP inhibition: CYP2D6,d0057
D05375,D01547,P,211,unclassified,d0057
D05375,D01551,P,212,unclassified,d0057
D05375,D01554,P,213,unclassified,d0057
D05375,D01557,P,214,unclassified,d0057
D05375,D01565,P,215,unclassified,d0057
D05375,D01567,P,216,unclassified,d0057
D05375,D01578,P,217,unclassified,d0057
D05375,D01581,P,218,unclassified,d0057
D05375,D01582,P,219,unclassified,d0057
D05375,D01594,P,220,unclassified,d0057
D05375,D01624,P,221,Enzyme: CYP2D6 / CYP inhibition: CYP2D6,d0057
D05375,D01661,P,222,unclassified,d0057
D05375,D01670,P,223,unclassified,d0057
D05375,D01672,P,224,unclassified,d0057
D05375,D01675,P,225,unclassified,d0057
D05375,D01683,P,226,unclassified,d0057
D05375,D01684,P,227,unclassified,d0057
D05375,D01706,P,228,unclassified,d0057
D05375,D01709,P,229,unclassified,d0057
D05375,D01718,P,230,unclassified,d0057
D05375,D01741,P,231,unclassified,d0057
D05375,D01762,P,232,unclassified,d0057
D05375,D01765,P,233,unclassified,d0057
D05375,D01767,P,234,unclassified,d0057
D05375,D01776,P,235,unclassified,d0057
D05375,D01785,P,236,unclassified,d0057
D05375,D01788,P,237,unclassified,d0057
D05375,D01794,P,238,Enzyme: CYP2D6 / CYP inhibition: CYP2D6,d0057
D05375,D01795,P,239,unclassified,d0057
D05375,D01806,P,240,unclassified,d0057
D05375,D01810,P,241,unclassified,d0057
D05375,D01811,P,242,unclassified,d0057
D05375,D01823,P,243,unclassified,d0057
D05375,D01830,P,244,unclassified,d0057
D05375,D01841,P,245,unclassified,d0057
D05375,D01844,P,246,unclassified,d0057
D05375,D01847,P,247,unclassified,d0057
D05375,D01851,P,248,unclassified,d0057
D05375,D01856,P,249,unclassified,d0057
D05375,D01860,P,250,unclassified,d0057
D05375,D01865,P,251,unclassified,d0057
D05375,D01866,P,252,unclassified,d0057
D05375,D01874,P,253,unclassified,d0057
D05375,D01888,CI,254,unclassified,d0057
D05375,D01892,P,255,unclassified,d0057
D05375,D01896,P,256,unclassified,d0057
D05375,D01898,P,257,Enzyme: CYP2D6 / CYP inhibition: CYP2D6,d0057
D05375,D01958,P,258,unclassified,d0057
D05375,D01963,P,259,unclassified,d0057
D05375,D01969,P,260,unclassified,d0057
D05375,D01973,P,261,unclassified,d0057
D05375,D01974,P,262,unclassified,d0057
D05375,D01975,P,263,unclassified,d0057
D05375,D01981,P,264,unclassified,d0057
D05375,D01992,P,265,unclassified,d0057
D05375,D02002,CI,266,unclassified,d0057
D05375,D02022,P,267,unclassified,d0057
D05375,D02037,P,268,Enzyme: CYP2D6 / CYP inhibition: CYP2D6,d0057
D05375,D02075,P,269,unclassified,d0057
D05375,D02081,P,270,unclassified,d0057
D05375,D02086,P,271,unclassified,d0057
D05375,D02087,P,272,unclassified,d0057
D05375,D02088,P,273,unclassified,d0057
D05375,D02102,P,274,Enzyme: CYP2D6 / CYP inhibition: CYP2D6,d0057
D05375,D02103,P,275,unclassified,d0057
D05375,D02106,P,276,unclassified,d0057
D05375,D02110,P,277,unclassified,d0057
D05375,D02112,P,278,unclassified,d0057
D05375,D02163,P,279,Enzyme: CYP2D6 / CYP inhibition: CYP2D6,d0057
D05375,D02173,P,280,Enzyme: CYP2D6 / CYP inhibition: CYP2D6,d0057
D05375,D02234,P,281,unclassified,d0057
D05375,D02235,P,282,unclassified,d0057
D05375,D02239,P,283,Enzyme: CYP2D6 / CYP inhibition: CYP2D6,d0057
D05375,D02248,P,284,unclassified,d0057
D05375,D02260,P,285,Enzyme: CYP2D6 / Target: SLC6A4 / CYP inhibition: CYP2D6,d0057
D05375,D02264,P,286,unclassified,d0057
D05375,D02272,P,287,unclassified,d0057
D05375,D02290,P,288,unclassified,d0057
D05375,D02338,P,289,unclassified,d0057
D05375,D02341,P,290,unclassified,d0057
D05375,D02342,P,291,unclassified,d0057
D05375,D02350,P,292,unclassified,d0057
D05375,D02354,P,293,unclassified,d0057
D05375,D02355,P,294,unclassified,d0057
D05375,D02356,P,295,unclassified,d0057
D05375,D02358,P,296,Enzyme: CYP2D6 / CYP inhibition: CYP2D6,d0057
D05375,D02360,P,297,Target: SLC6A4,d0057
D05375,D02362,P,298,Enzyme: CYP2D6 / Target: SLC6A4 / CYP inhibition: CYP2D6,d0057
D05375,D02372,P,299,unclassified,d0057
D05375,D02374,P,300,unclassified,d0057
D05375,D02389,P,301,unclassified,d0057
D05375,D02408,P,302,Target: SLC6A4,d0057
D05375,D02484,P,303,unclassified,d0057
D05375,D02537,P,304,CYP inhibition: CYP2D6,d0057
D05375,D02559,CI,305,unclassified,d0057
D05375,D02560,CI,306,unclassified,d0057
D05375,D02561,CI,307,CYP inhibition: CYP2D6,d0057
D05375,D02562,CI,308,unclassified,d0057
D05375,D02563,CI,309,unclassified,d0057
D05375,D02564,CI,310,unclassified,d0057
D05375,D02565,P,311,unclassified,d0057
D05375,D02567,P,312,Enzyme: CYP2D6 / Target: SLC6A4 / CYP inhibition: CYP2D6,d0057
D05375,D02574,P,313,Enzyme: CYP2D6 / CYP inhibition: CYP2D6,d0057
D05375,D02579,CI,314,unclassified,d0057
D05375,D02580,CI,315,unclassified,d0057
D05375,D02581,CI,316,unclassified,d0057
D05375,D02587,P,317,unclassified,d0057
D05375,D02604,P,318,unclassified,d0057
D05375,D02605,P,319,unclassified,d0057
D05375,D02607,P,320,unclassified,d0057
D05375,D02608,P,321,unclassified,d0057
D05375,D02609,P,322,unclassified,d0057
D05375,D02610,P,323,unclassified,d0057
D05375,D02642,P,324,unclassified,d0057
D05375,D02643,P,325,unclassified,d0057
D05375,D02644,P,326,unclassified,d0057
D05375,D02653,P,327,unclassified,d0057
D05375,D02666,P,328,Enzyme: CYP2D6 / CYP inhibition: CYP2D6,d0057
D05375,D02671,P,329,unclassified,d0057
D05375,D02679,P,330,unclassified,d0057
D05375,D02680,P,331,unclassified,d0057
D05375,D02704,P,332,unclassified,d0057
D05375,D02706,P,333,unclassified,d0057
D05375,D02709,P,334,unclassified,d0057
D05375,D02715,P,335,unclassified,d0057
D05375,D02720,P,336,unclassified,d0057
D05375,D02721,P,337,unclassified,d0057
D05375,D02722,P,338,unclassified,d0057
D05375,D02746,P,339,unclassified,d0057
D05375,D02765,P,340,unclassified,d0057
D05375,D02778,P,341,unclassified,d0057
D05375,D02787,P,342,Target: SLC6A4,d0057
D05375,D02824,P,343,Enzyme: CYP2D6 / CYP inhibition: CYP2D6,d0057
D05375,D02825,P,344,Enzyme: CYP2D6 / CYP inhibition: CYP2D6,d0057
D05375,D02834,P,345,unclassified,d0057
D05375,D02837,P,346,unclassified,d0057
D05375,D02860,P,347,unclassified,d0057
D05375,D02867,P,348,unclassified,d0057
D05375,D02910,P,349,unclassified,d0057
D05375,D02938,P,350,unclassified,d0057
D05375,D02944,P,351,unclassified,d0057
D05375,D02947,P,352,unclassified,d0057
D05375,D02969,P,353,Enzyme: CYP2D6 / CYP inhibition: CYP2D6,d0057
D05375,D02980,P,354,unclassified,d0057
D05375,D02995,P,355,CYP inhibition: CYP2D6,d0057
D05375,D03014,P,356,unclassified,d0057
D05375,D03037,P,357,unclassified,d0057
D05375,D03038,P,358,unclassified,d0057
D05375,D03080,P,359,unclassified,d0057
D05375,D03136,P,360,unclassified,d0057
D05375,D03157,P,361,unclassified,d0057
D05375,D03163,P,362,unclassified,d0057
D05375,D03164,P,363,unclassified,d0057
D05375,D03170,P,364,unclassified,d0057
D05375,D03177,P,365,unclassified,d0057
D05375,D03198,P,366,unclassified,d0057
D05375,D03199,P,367,unclassified,d0057
D05375,D03213,P,368,unclassified,d0057
D05375,D03239,CI,369,unclassified,d0057
D05375,D03248,CI,370,unclassified,d0057
D05375,D03254,P,371,unclassified,d0057
D05375,D03274,P,372,Enzyme: CYP2D6 / CYP inhibition: CYP2D6,d0057
D05375,D03324,P,373,unclassified,d0057
D05375,D03337,P,374,unclassified,d0057
D05375,D03341,P,375,unclassified,d0057
D05375,D03352,P,376,unclassified,d0057
D05375,D03353,P,377,unclassified,d0057
D05375,D03359,P,378,unclassified,d0057
D05375,D03361,P,379,unclassified,d0057
D05375,D03385,P,380,unclassified,d0057
D05375,D03409,CI,381,unclassified,d0057
D05375,D03410,P,382,unclassified,d0057
D05375,D03449,P,383,unclassified,d0057
D05375,D03489,P,384,unclassified,d0057
D05375,D03490,P,385,unclassified,d0057
D05375,D03491,P,386,Target: SLC6A4,d0057
D05375,D03492,P,387,Enzyme: CYP2D6 / CYP inhibition: CYP2D6,d0057
D05375,D03503,P,388,CYP inhibition: CYP2D6,d0057
D05375,D03540,P,389,unclassified,d0057
D05375,D03560,P,390,unclassified,d0057
D05375,D03644,P,391,unclassified,d0057
D05375,D03649,P,392,Target: SLC6A4,d0057
D05375,D03652,P,393,unclassified,d0057
D05375,D03661,P,394,unclassified,d0057
D05375,D03663,P,395,unclassified,d0057
D05375,D03673,P,396,unclassified,d0057
D05375,D03674,P,397,unclassified,d0057
D05375,D03689,P,398,unclassified,d0057
D05375,D03692,P,399,unclassified,d0057
D05375,D03695,P,400,unclassified,d0057
D05375,D03710,P,401,unclassified,d0057
D05375,D03712,P,402,unclassified,d0057
D05375,D03714,P,403,unclassified,d0057
D05375,D03715,P,404,unclassified,d0057
D05375,D03716,P,405,unclassified,d0057
D05375,D03717,P,406,unclassified,d0057
D05375,D03718,P,407,unclassified,d0057
D05375,D03722,P,408,unclassified,d0057
D05375,D03727,P,409,unclassified,d0057
D05375,D03728,P,410,unclassified,d0057
D05375,D03729,P,411,unclassified,d0057
D05375,D03731,CI,412,Enzyme: CYP2D6 / CYP inhibition: CYP2D6,d0057
D05375,D03732,P,413,unclassified,d0057
D05375,D03733,CI,414,unclassified,d0057
D05375,D03759,P,415,unclassified,d0057
D05375,D03798,P,416,unclassified,d0057
D05375,D03830,P,417,unclassified,d0057
D05375,D03855,P,418,unclassified,d0057
D05375,D03914,P,419,CYP inhibition: CYP2D6,d0057
D05375,D03918,P,420,unclassified,d0057
D05375,D03960,P,421,unclassified,d0057
D05375,D03991,P,422,Enzyme: CYP2D6 / CYP inhibition: CYP2D6,d0057
D05375,D04003,P,423,unclassified,d0057
D05375,D04029,P,424,unclassified,d0057
D05375,D04034,P,425,Enzyme: CYP2D6 / CYP inhibition: CYP2D6,d0057
D05375,D04038,P,426,Enzyme: CYP2D6 / CYP inhibition: CYP2D6,d0057
D05375,D04052,P,427,unclassified,d0057
D05375,D04092,CI,428,unclassified,d0057
D05375,D04102,P,429,unclassified,d0057
D05375,D04105,P,430,unclassified,d0057
D05375,D04142,P,431,unclassified,d0057
D05375,D04144,P,432,unclassified,d0057
D05375,D04145,P,433,unclassified,d0057
D05375,D04148,P,434,Enzyme: CYP2D6 / Target: SLC6A4 / CYP inhibition: CYP2D6,d0057
D05375,D04183,P,435,unclassified,d0057
D05375,D04190,P,436,unclassified,d0057
D05375,D04206,P,437,unclassified,d0057
D05375,D04264,P,438,unclassified,d0057
D05375,D04273,P,439,unclassified,d0057
D05375,D04276,P,440,unclassified,d0057
D05375,D04277,P,441,unclassified,d0057
D05375,D04340,P,442,Enzyme: CYP2D6 / CYP inhibition: CYP2D6,d0057
D05375,D04427,P,443,unclassified,d0057
D05375,D04490,P,444,unclassified,d0057
D05375,D04530,P,445,unclassified,d0057
D05375,D04556,P,446,unclassified,d0057
D05375,D04605,P,447,unclassified,d0057
D05375,D04638,P,448,unclassified,d0057
D05375,D04639,P,449,unclassified,d0057
D05375,D04652,P,450,unclassified,d0057
D05375,D04665,P,451,unclassified,d0057
D05375,D04681,CI,452,unclassified,d0057
D05375,D04710,P,453,unclassified,d0057
D05375,D04747,P,454,unclassified,d0057
D05375,D04774,P,455,unclassified,d0057
D05375,D04778,P,456,unclassified,d0057
D05375,D04799,P,457,unclassified,d0057
D05375,D04863,P,458,unclassified,d0057
D05375,D04888,P,459,unclassified,d0057
D05375,D04889,P,460,unclassified,d0057
D05375,D04955,P,461,unclassified,d0057
D05375,D04965,P,462,Enzyme: CYP2D6 / CYP inhibition: CYP2D6,d0057
D05375,D04977,P,463,unclassified,d0057
D05375,D05011,P,464,Enzyme: CYP2D6 / CYP inhibition: CYP2D6,d0057
D05375,D05033,CI,465,unclassified,d0057
D05375,D05039,CI,466,Enzyme: CYP2D6 / CYP inhibition: CYP2D6,d0057
D05375,D05040,CI,467,Enzyme: CYP2D6 / CYP inhibition: CYP2D6,d0057
D05375,D05077,P,468,unclassified,d0057
D05375,D05121,P,469,unclassified,d0057
D05375,D05123,P,470,unclassified,d0057
D05375,D05127,P,471,Enzyme: CYP2D6 / CYP inhibition: CYP2D6,d0057
D05375,D05143,P,472,unclassified,d0057
D05375,D05181,P,473,unclassified,d0057
D05375,D05231,P,474,unclassified,d0057
D05375,D05319,P,475,unclassified,d0057
D05375,D05339,P,476,unclassified,d0057
D05375,D05340,P,477,unclassified,d0057
D05375,D05345,P,478,unclassified,d0057
D05375,D05374,P,479,Enzyme: CYP2D6 / Target: SLC6A4 / CYP inhibition: CYP2D6,d0057
D05375,D05375,P,480,Enzyme: CYP2D6 / Target: SLC6A4 / CYP inhibition: CYP2D6,d0057
D05375,D05404,P,481,unclassified,d0057
D05375,D05410,P,482,unclassified,d0057
D05375,D05412,P,483,unclassified,d0057
D05375,D05451,P,484,unclassified,d0057
D05375,D05457,P,485,unclassified,d0057
D05375,D05491,P,486,Target: SLC6A4,d0057
D05375,D05502,P,487,unclassified,d0057
D05375,D05511,P,488,unclassified,d0057
D05375,D05512,P,489,unclassified,d0057
D05375,D05513,P,490,unclassified,d0057
D05375,D05515,P,491,unclassified,d0057
D05375,D05587,P,492,unclassified,d0057
D05375,D05597,P,493,unclassified,d0057
D05375,D05598,P,494,unclassified,d0057
D05375,D05619,P,495,unclassified,d0057
D05375,D05721,P,496,unclassified,d0057
D05375,D05727,P,497,unclassified,d0057
D05375,D05740,P,498,unclassified,d0057
D05375,D05788,P,499,unclassified,d0057
D05375,D05789,P,500,unclassified,d0057
D05375,D05791,P,501,unclassified,d0057
D05375,D05793,P,502,unclassified,d0057
D05375,D05830,P,503,unclassified,d0057
D05375,D05928,P,504,CYP inhibition: CYP2D6,d0057
D05375,D05937,P,505,unclassified,d0057
D05375,D05995,P,506,unclassified,d0057
D05375,D05998,P,507,unclassified,d0057
D05375,D06070,P,508,unclassified,d0057
D05375,D06082,P,509,unclassified,d0057
D05375,D06129,P,510,unclassified,d0057
D05375,D06142,P,511,unclassified,d0057
D05375,D06143,P,512,unclassified,d0057
D05375,D06156,P,513,unclassified,d0057
D05375,D06162,P,514,unclassified,d0057
D05375,D06172,P,515,unclassified,d0057
D05375,D06176,P,516,unclassified,d0057
D05375,D06213,P,517,unclassified,d0057
D05375,D06270,P,518,unclassified,d0057
D05375,D06364,P,519,unclassified,d0057
D05375,D06367,P,520,unclassified,d0057
D05375,D06382,P,521,unclassified,d0057
D05375,D06398,P,522,unclassified,d0057
D05375,D06405,P,523,unclassified,d0057
D05375,D06410,P,524,unclassified,d0057
D05375,D06478,P,525,unclassified,d0057
D05375,D06517,P,526,unclassified,d0057
D05375,D06571,P,527,unclassified,d0057
D05375,D06606,P,528,unclassified,d0057
D05375,D06622,P,529,Enzyme: CYP2D6 / CYP inhibition: CYP2D6,d0057
D05375,D06623,P,530,unclassified,d0057
D05375,D06646,P,531,unclassified,d0057
D05375,D06652,P,532,unclassified,d0057
D05375,D06653,P,533,unclassified,d0057
D05375,D06665,P,534,unclassified,d0057
D05375,D06879,P,535,unclassified,d0057
D05375,D06880,P,536,unclassified,d0057
D05375,D06888,P,537,unclassified,d0057
D05375,D07064,P,538,unclassified,d0057
D05375,D07065,P,539,unclassified,d0057
D05375,D07082,P,540,unclassified,d0057
D05375,D07086,P,541,unclassified,d0057
D05375,D07131,P,542,unclassified,d0057
D05375,D07135,P,543,unclassified,d0057
D05375,D07136,P,544,unclassified,d0057
D05375,D07137,P,545,unclassified,d0057
D05375,D07138,P,546,unclassified,d0057
D05375,D07139,P,547,unclassified,d0057
D05375,D07140,P,548,unclassified,d0057
D05375,D07141,P,549,unclassified,d0057
D05375,D07142,P,550,unclassified,d0057
D05375,D07143,P,551,unclassified,d0057
D05375,D07144,P,552,unclassified,d0057
D05375,D07156,P,553,Enzyme: CYP2D6 / CYP inhibition: CYP2D6,d0057
D05375,D07181,P,554,unclassified,d0057
D05375,D07182,P,555,unclassified,d0057
D05375,D07183,P,556,unclassified,d0057
D05375,D07184,P,557,unclassified,d0057
D05375,D07185,P,558,unclassified,d0057
D05375,D07219,P,559,unclassified,d0057
D05375,D07262,P,560,unclassified,d0057
D05375,D07263,P,561,unclassified,d0057
D05375,D07264,P,562,unclassified,d0057
D05375,D07265,P,563,unclassified,d0057
D05375,D07266,P,564,unclassified,d0057
D05375,D07267,P,565,unclassified,d0057
D05375,D07268,P,566,unclassified,d0057
D05375,D07269,P,567,unclassified,d0057
D05375,D07290,P,568,unclassified,d0057
D05375,D07291,P,569,unclassified,d0057
D05375,D07292,P,570,unclassified,d0057
D05375,D07293,P,571,unclassified,d0057
D05375,D07307,P,572,unclassified,d0057
D05375,D07308,P,573,unclassified,d0057
D05375,D07334,P,574,Target: SLC6A4,d0057
D05375,D07335,P,575,unclassified,d0057
D05375,D07336,P,576,unclassified,d0057
D05375,D07337,CI,577,unclassified,d0057
D05375,D07338,CI,578,unclassified,d0057
D05375,D07421,P,579,unclassified,d0057
D05375,D07422,P,580,unclassified,d0057
D05375,D07428,P,581,unclassified,d0057
D05375,D07443,P,582,unclassified,d0057
D05375,D07448,P,583,Enzyme: CYP2D6 / Target: SLC6A4 / CYP inhibition: CYP2D6,d0057
D05375,D07453,P,584,unclassified,d0057
D05375,D07457,P,585,unclassified,d0057
D05375,D07465,P,586,unclassified,d0057
D05375,D07488,P,587,unclassified,d0057
D05375,D07496,P,588,unclassified,d0057
D05375,D07503,P,589,unclassified,d0057
D05375,D07505,P,590,unclassified,d0057
D05375,D07510,P,591,unclassified,d0057
D05375,D07516,P,592,unclassified,d0057
D05375,D07517,P,593,unclassified,d0057
D05375,D07520,P,594,Enzyme: CYP2D6 / CYP inhibition: CYP2D6,d0057
D05375,D07526,P,595,unclassified,d0057
D05375,D07537,P,596,Enzyme: CYP2D6 / CYP inhibition: CYP2D6,d0057
D05375,D07541,P,597,unclassified,d0057
D05375,D07549,P,598,unclassified,d0057
D05375,D07579,P,599,unclassified,d0057
D05375,D07580,P,600,unclassified,d0057
D05375,D07581,P,601,unclassified,d0057
D05375,D07582,P,602,unclassified,d0057
D05375,D07583,P,603,unclassified,d0057
D05375,D07590,P,604,unclassified,d0057
D05375,D07595,P,605,unclassified,d0057
D05375,D07601,P,606,unclassified,d0057
D05375,D07608,P,607,unclassified,d0057
D05375,D07612,P,608,unclassified,d0057
D05375,D07624,P,609,Enzyme: CYP2D6 / CYP inhibition: CYP2D6,d0057
D05375,D07660,P,610,unclassified,d0057
D05375,D07685,P,611,unclassified,d0057
D05375,D07704,P,612,Enzyme: CYP2D6 / Target: SLC6A4 / CYP inhibition: CYP2D6,d0057
D05375,D07705,P,613,Enzyme: CYP2D6 / Target: SLC6A4 / CYP inhibition: CYP2D6,d0057
D05375,D07727,P,614,Enzyme: CYP2D6 / Target: SLC6A4 / CYP inhibition: CYP2D6,d0057
D05375,D07729,P,615,unclassified,d0057
D05375,D07736,P,616,unclassified,d0057
D05375,D07756,P,617,unclassified,d0057
D05375,D07791,P,618,Target: SLC6A4,d0057
D05375,D07812,P,619,unclassified,d0057
D05375,D07816,P,620,unclassified,d0057
D05375,D07817,P,621,unclassified,d0057
D05375,D07818,P,622,unclassified,d0057
D05375,D07819,P,623,unclassified,d0057
D05375,D07824,P,624,unclassified,d0057
D05375,D07845,P,625,unclassified,d0057
D05375,D07865,P,626,unclassified,d0057
D05375,D07872,P,627,Enzyme: CYP2D6 / Target: SLC6A4 / CYP inhibition: CYP2D6,d0057
D05375,D07875,P,628,Enzyme: CYP2D6 / Target: SLC6A4 / CYP inhibition: CYP2D6,d0057
D05375,D07887,P,629,unclassified,d0057
D05375,D07888,P,630,unclassified,d0057
D05375,D07894,P,631,Enzyme: CYP2D6 / CYP inhibition: CYP2D6,d0057
D05375,D07913,P,632,Enzyme: CYP2D6 / Target: SLC6A4 / CYP inhibition: CYP2D6,d0057
D05375,D07916,P,633,unclassified,d0057
D05375,D07943,P,634,unclassified,d0057
D05375,D07962,P,635,Enzyme: CYP2D6 / CYP inhibition: CYP2D6,d0057
D05375,D07969,P,636,unclassified,d0057
D05375,D07977,P,637,Enzyme: CYP2D6 / CYP inhibition: CYP2D6,d0057
D05375,D07984,P,638,Enzyme: CYP2D6 / Target: SLC6A4 / CYP inhibition: CYP2D6,d0057
D05375,D07991,P,639,unclassified,d0057
D05375,D07997,P,640,unclassified,d0057
D05375,D08004,P,641,unclassified,d0057
D05375,D08009,P,642,unclassified,d0057
D05375,D08020,P,643,unclassified,d0057
D05375,D08021,P,644,unclassified,d0057
D05375,D08048,P,645,unclassified,d0057
D05375,D08049,P,646,unclassified,d0057
D05375,D08058,P,647,unclassified,d0057
D05375,D08059,P,648,unclassified,d0057
D05375,D08060,P,649,unclassified,d0057
D05375,D08065,P,650,unclassified,d0057
D05375,D08070,P,651,Enzyme: CYP2D6 / Target: SLC6A4 / CYP inhibition: CYP2D6,d0057
D05375,D08071,P,652,Enzyme: CYP2D6 / Target: SLC6A4 / CYP inhibition: CYP2D6,d0057
D05375,D08072,P,653,Target: SLC6A4,d0057
D05375,D08074,P,654,unclassified,d0057
D05375,D08078,P,655,unclassified,d0057
D05375,D08085,CI,656,unclassified,d0057
D05375,D08102,P,657,unclassified,d0057
D05375,D08103,P,658,unclassified,d0057
D05375,D08104,P,659,unclassified,d0057
D05375,D08115,P,660,unclassified,d0057
D05375,D08127,P,661,unclassified,d0057
D05375,D08140,P,662,Target: SLC6A4,d0057
D05375,D08142,P,663,unclassified,d0057
D05375,D08149,P,664,unclassified,d0057
D05375,D08153,P,665,unclassified,d0057
D05375,D08162,P,666,unclassified,d0057
D05375,D08171,P,667,unclassified,d0057
D05375,D08190,P,668,unclassified,d0057
D05375,D08215,P,669,Enzyme: CYP2D6 / CYP inhibition: CYP2D6,d0057
D05375,D08240,P,670,unclassified,d0057
D05375,D08255,P,671,Enzyme: CYP2D6 / CYP inhibition: CYP2D6,d0057
D05375,D08256,P,672,unclassified,d0057
D05375,D08275,P,673,unclassified,d0057
D05375,D08288,P,674,Enzyme: CYP2D6 / Target: SLC6A4 / CYP inhibition: CYP2D6,d0057
D05375,D08295,P,675,unclassified,d0057
D05375,D08297,P,676,unclassified,d0057
D05375,D08318,P,677,unclassified,d0057
D05375,D08324,P,678,unclassified,d0057
D05375,D08327,P,679,unclassified,d0057
D05375,D08341,P,680,Enzyme: CYP2D6 / CYP inhibition: CYP2D6,d0057
D05375,D08342,P,681,Enzyme: CYP2D6 / CYP inhibition: CYP2D6,d0057
D05375,D08349,CI,682,unclassified,d0057
D05375,D08354,P,683,unclassified,d0057
D05375,D08356,P,684,unclassified,d0057
D05375,D08363,P,685,unclassified,d0057
D05375,D08364,P,686,unclassified,d0057
D05375,D08374,P,687,unclassified,d0057
D05375,D08375,P,688,unclassified,d0057
D05375,D08377,P,689,unclassified,d0057
D05375,D08385,P,690,unclassified,d0057
D05375,D08392,CI,691,unclassified,d0057
D05375,D08393,CI,692,unclassified,d0057
D05375,D08394,P,693,unclassified,d0057
D05375,D08421,P,694,unclassified,d0057
D05375,D08427,P,695,unclassified,d0057
D05375,D08430,P,696,unclassified,d0057
D05375,D08435,P,697,Enzyme: CYP2D6 / CYP inhibition: CYP2D6,d0057
D05375,D08443,P,698,Enzyme: CYP2D6 / CYP inhibition: CYP2D6,d0057
D05375,D08447,P,699,Target: SLC6A4,d0057
D05375,D08453,CI,700,unclassified,d0057
D05375,D08456,P,701,unclassified,d0057
D05375,D08458,P,702,unclassified,d0057
D05375,D08459,P,703,unclassified,d0057
D05375,D08469,CI,704,unclassified,d0057
D05375,D08479,P,705,unclassified,d0057
D05375,D08485,P,706,unclassified,d0057
D05375,D08493,P,707,Enzyme: CYP2D6 / CYP inhibition: CYP2D6,d0057
D05375,D08501,P,708,unclassified,d0057
D05375,D08508,P,709,Enzyme: CYP2D6 / CYP inhibition: CYP2D6,d0057
D05375,D08525,P,710,unclassified,d0057
D05375,D08536,P,711,unclassified,d0057
D05375,D08547,P,712,unclassified,d0057
D05375,D08572,P,713,unclassified,d0057
D05375,D08575,P,714,Enzyme: CYP2D6 / CYP inhibition: CYP2D6,d0057
D05375,D08585,P,715,unclassified,d0057
D05375,D08586,P,716,unclassified,d0057
D05375,D08592,P,717,unclassified,d0057
D05375,D08594,P,718,CYP inhibition: CYP2D6,d0057
D05375,D08598,P,719,unclassified,d0057
D05375,D08600,P,720,Enzyme: CYP2D6 / CYP inhibition: CYP2D6,d0057
D05375,D08607,P,721,unclassified,d0057
D05375,D08609,P,722,unclassified,d0057
D05375,D08625,CI,723,unclassified,d0057
D05375,D08628,P,724,unclassified,d0057
D05375,D08630,P,725,unclassified,d0057
D05375,D08636,P,726,unclassified,d0057
D05375,D08657,P,727,unclassified,d0057
D05375,D08682,P,728,unclassified,d0057
D05375,D08795,P,729,unclassified,d0057
D05375,D08858,P,730,unclassified,d0057
D05375,D08873,P,731,unclassified,d0057
D05375,D08913,P,732,unclassified,d0057
D05375,D08923,P,733,Enzyme: CYP2D6 / CYP inhibition: CYP2D6,d0057
D05375,D09017,P,734,unclassified,d0057
D05375,D09206,P,735,unclassified,d0057
D05375,D09216,P,736,unclassified,d0057
D05375,D09535,P,737,CYP inhibition: CYP2D6,d0057
D05375,D09546,P,738,unclassified,d0057
D05375,D09568,P,739,unclassified,d0057
D05375,D09676,P,740,unclassified,d0057
D05375,D09677,P,741,unclassified,d0057
D05375,D09686,P,742,unclassified,d0057
D05375,D09701,P,743,unclassified,d0057
D05375,D09707,P,744,unclassified,d0057
D05375,D09710,P,745,unclassified,d0057
D05375,D09760,P,746,unclassified,d0057
D05375,D09765,P,747,unclassified,d0057
D05375,D09766,P,748,unclassified,d0057
D05375,D09773,CI,749,unclassified,d0057
D05375,D09807,P,750,unclassified,d0057
D05375,D09814,P,751,unclassified,d0057
D05375,D09815,P,752,unclassified,d0057
D05375,D09817,P,753,unclassified,d0057
D05375,D09819,P,754,Enzyme: CYP2D6 / CYP inhibition: CYP2D6,d0057
D05375,D09823,P,755,unclassified,d0057
D05375,D09843,P,756,unclassified,d0057
D05375,D09847,P,757,unclassified,d0057
D05375,D09894,"CI,P",758,Enzyme: CYP2D6 / CYP inhibition: CYP2D6,d0057
D05375,D09923,P,759,unclassified,d0057
D05375,D09994,P,760,unclassified,d0057
D05375,D09999,P,761,Enzyme: CYP2D6 / CYP inhibition: CYP2D6,d0057
D05375,D10003,P,762,CYP induction: CYP2D6,d0057
D05375,D10014,P,763,unclassified,d0057
D05375,D10017,P,764,unclassified,d0057
D05375,D10158,CI,765,unclassified,d0057
D05375,D10185,P,766,Enzyme: CYP2D6 / Target: SLC6A4 / CYP inhibition: CYP2D6,d0057
D05375,D10191,CI,767,unclassified,d0057
D05375,D10254,P,768,unclassified,d0057
D05375,D10298,P,769,unclassified,d0057
D05375,D10309,P,770,Enzyme: CYP2D6 / CYP inhibition: CYP2D6,d0057
D05375,D10355,P,771,Enzyme: CYP2D6 / CYP inhibition: CYP2D6,d0057
D05375,D10364,P,772,Enzyme: CYP2D6 / CYP inhibition: CYP2D6,d0057
D05375,D10424,P,773,unclassified,d0057
D05375,D10430,P,774,unclassified,d0057
D05375,D10471,P,775,unclassified,d0057
D05375,D10503,P,776,unclassified,d0057
D05375,D10512,P,777,Enzyme: CYP2D6 / CYP inhibition: CYP2D6,d0057
D05375,D10513,P,778,unclassified,d0057
D05375,D10516,P,779,Enzyme: CYP2D6 / CYP inhibition: CYP2D6,d0057
D05375,D10527,P,780,unclassified,d0057
D05375,D10537,P,781,unclassified,d0057
D05375,D10569,P,782,unclassified,d0057
D05375,D10656,P,783,unclassified,d0057
D05375,D10684,P,784,unclassified,d0057
D05375,D10755,P,785,Enzyme: CYP2D6 / CYP inhibition: CYP2D6,d0057
D05375,D10793,P,786,unclassified,d0057
D05375,D10823,P,787,unclassified,d0057
D05375,D10824,P,788,unclassified,d0057
D05375,D10829,CI,789,unclassified,d0057
D05375,D10832,P,790,Enzyme: CYP2D6 / CYP inhibition: CYP2D6,d0057
D05375,D10999,P,791,unclassified,d0057
D05375,D11027,P,792,unclassified,d0057
D05375,D11029,P,793,unclassified,d0057
D05375,D11160,P,794,unclassified,d0057
D05375,D11280,P,795,unclassified,d0057
D05375,D11296,P,796,unclassified,d0057
D05375,D11382,P,797,Enzyme: CYP2D6 / CYP inhibition: CYP2D6,d0057
D05375,D11568,P,798,unclassified,d0057
D05375,D11617,P,799,unclassified,d0057
D05375,D11674,P,800,CYP inhibition: CYP2D6,d0057
D05375,D11708,P,801,unclassified,d0057
D05375,D11804,P,802,unclassified,d0057
D05375,D12005,P,803,unclassified,d0057
D05375,D12015,P,804,unclassified,d0057
D05375,D12217,P,805,unclassified,d0057
D05375,D12364,P,806,unclassified,d0057
D05375,D12410,P,807,unclassified,d0057
D05375,D12446,P,808,unclassified,d0057
D05375,D12595,P,809,unclassified,d0057
D05375,D12596,P,810,unclassified,d0057
D05375,D12597,P,811,unclassified,d0057
D05375,D12598,P,812,unclassified,d0057
D05375,D12629,P,813,unclassified,d0057
D05375,D13099,P,814,Enzyme: CYP2D6 / CYP inhibition: CYP2D6,d0057
D05491,D00109,P,1,unclassified,d0067
D05491,D00126,P,2,unclassified,d0067
D05491,D00132,P,3,unclassified,d0067
D05491,D00228,P,4,Target: SLC6A4,d0067
D05491,D00255,P,5,unclassified,d0067
D05491,D00320,P,6,unclassified,d0067
D05491,D00415,P,7,unclassified,d0067
D05491,D00451,P,8,unclassified,d0067
D05491,D00563,P,9,unclassified,d0067
D05491,D00601,P,10,unclassified,d0067
D05491,D00603,P,11,unclassified,d0067
D05491,D00674,P,12,unclassified,d0067
D05491,D00675,P,13,unclassified,d0067
D05491,D00676,P,14,unclassified,d0067
D05491,D00677,P,15,unclassified,d0067
D05491,D00678,P,16,unclassified,d0067
D05491,D00769,P,17,unclassified,d0067
D05491,D00785,CI,18,unclassified,d0067
D05491,D00801,P,19,unclassified,d0067
D05491,D00809,P,20,Target: SLC6A4,d0067
D05491,D00811,P,21,Target: SLC6A4,d0067
D05491,D00815,P,22,Target: SLC6A4,d0067
D05491,D00818,P,23,unclassified,d0067
D05491,D00820,P,24,Target: SLC6A4,d0067
D05491,D00821,P,25,Target: SLC6A4,d0067
D05491,D00824,P,26,Target: SLC6A4,d0067
D05491,D00848,P,27,unclassified,d0067
D05491,D00904,P,28,unclassified,d0067
D05491,D00947,P,29,unclassified,d0067
D05491,D00966,P,30,unclassified,d0067
D05491,D00969,P,31,unclassified,d0067
D05491,D01028,P,32,unclassified,d0067
D05491,D01179,P,33,Target: SLC6A4,d0067
D05491,D01280,P,34,unclassified,d0067
D05491,D01296,P,35,unclassified,d0067
D05491,D01355,P,36,unclassified,d0067
D05491,D01383,P,37,unclassified,d0067
D05491,D01399,P,38,unclassified,d0067
D05491,D01973,P,39,unclassified,d0067
D05491,D01992,P,40,unclassified,d0067
D05491,D02102,P,41,unclassified,d0067
D05491,D02234,P,42,unclassified,d0067
D05491,D02235,P,43,unclassified,d0067
D05491,D02260,P,44,Target: SLC6A4,d0067
D05491,D02562,CI,45,unclassified,d0067
D05491,D02567,P,46,Target: SLC6A4,d0067
D05491,D03855,P,47,unclassified,d0067
D05491,D03960,P,48,unclassified,d0067
D05491,D04148,P,49,Target: SLC6A4,d0067
D05491,D04340,P,50,unclassified,d0067
D05491,D04747,P,51,unclassified,d0067
D05491,D07082,P,52,unclassified,d0067
D05491,D07086,P,53,unclassified,d0067
D05491,D07505,P,54,unclassified,d0067
D05491,D08493,P,55,unclassified,d0067
D05491,D09546,P,56,unclassified,d0067
D05491,D09686,P,57,unclassified,d0067
D05491,D09815,P,58,unclassified,d0067
D05491,D09999,P,59,unclassified,d0067
D05491,D10014,P,60,unclassified,d0067
D05491,D10185,P,61,Target: SLC6A4,d0067
D05491,D10191,CI,62,unclassified,d0067
D05491,D10298,P,63,unclassified,d0067
D05491,D10424,P,64,unclassified,d0067
D05491,D10512,P,65,unclassified,d0067
D05491,D10513,P,66,unclassified,d0067
D05491,D10527,P,67,unclassified,d0067
D05491,D10537,P,68,unclassified,d0067
D05491,D10569,P,69,unclassified,d0067
D05491,D10793,P,70,unclassified,d0067
D05491,D11804,P,71,unclassified,d0067
D06367,D00076,P,1,unclassified,d0048
D06367,D00095,P,2,unclassified,d0048
D06367,D00109,P,3,unclassified,d0048
D06367,D00126,P,4,unclassified,d0048
D06367,D00132,P,5,unclassified,d0048
D06367,D00228,P,6,unclassified,d0048
D06367,D00252,P,7,unclassified,d0048
D06367,D00255,P,8,unclassified,d0048
D06367,D00295,P,9,unclassified,d0048
D06367,D00311,P,10,unclassified,d0048
D06367,D00320,P,11,unclassified,d0048
D06367,D00415,P,12,unclassified,d0048
D06367,D00451,P,13,unclassified,d0048
D06367,D00563,P,14,unclassified,d0048
D06367,D00601,P,15,unclassified,d0048
D06367,D00603,P,16,unclassified,d0048
D06367,D00605,P,17,unclassified,d0048
D06367,D00674,P,18,unclassified,d0048
D06367,D00675,P,19,unclassified,d0048
D06367,D00676,P,20,unclassified,d0048
D06367,D00677,P,21,unclassified,d0048
D06367,D00678,P,22,unclassified,d0048
D06367,D00754,P,23,unclassified,d0048
D06367,D00769,P,24,unclassified,d0048
D06367,D00785,CI,25,unclassified,d0048
D06367,D00801,P,26,unclassified,d0048
D06367,D00809,P,27,unclassified,d0048
D06367,D00811,P,28,unclassified,d0048
D06367,D00815,P,29,unclassified,d0048
D06367,D00818,P,30,unclassified,d0048
D06367,D00820,P,31,unclassified,d0048
D06367,D00821,P,32,unclassified,d0048
D06367,D00824,P,33,unclassified,d0048
D06367,D00848,P,34,unclassified,d0048
D06367,D00904,P,35,unclassified,d0048
D06367,D00947,P,36,unclassified,d0048
D06367,D00966,P,37,unclassified,d0048
D06367,D00969,P,38,unclassified,d0048
D06367,D01028,P,39,unclassified,d0048
D06367,D01179,P,40,unclassified,d0048
D06367,D01280,P,41,unclassified,d0048
D06367,D01296,P,42,unclassified,d0048
D06367,D01355,P,43,unclassified,d0048
D06367,D01383,P,44,unclassified,d0048
D06367,D01399,P,45,unclassified,d0048
D06367,D01973,P,46,unclassified,d0048
D06367,D01992,P,47,unclassified,d0048
D06367,D02102,P,48,unclassified,d0048
D06367,D02106,P,49,unclassified,d0048
D06367,D02234,P,50,unclassified,d0048
D06367,D02235,P,51,unclassified,d0048
D06367,D02260,P,52,unclassified,d0048
D06367,D02484,P,53,unclassified,d0048
D06367,D02562,CI,54,unclassified,d0048
D06367,D02567,P,55,unclassified,d0048
D06367,D03855,P,56,unclassified,d0048
D06367,D03960,P,57,unclassified,d0048
D06367,D04052,P,58,unclassified,d0048
D06367,D04148,P,59,unclassified,d0048
D06367,D04340,P,60,unclassified,d0048
D06367,D04747,P,61,unclassified,d0048
D06367,D05928,P,62,unclassified,d0048
D06367,D06405,P,63,unclassified,d0048
D06367,D07082,P,64,unclassified,d0048
D06367,D07086,P,65,unclassified,d0048
D06367,D07505,P,66,unclassified,d0048
D06367,D08493,P,67,unclassified,d0048
D06367,D09546,P,68,unclassified,d0048
D06367,D09686,P,69,unclassified,d0048
D06367,D09815,P,70,unclassified,d0048
D06367,D09999,P,71,unclassified,d0048
D06367,D10014,P,72,unclassified,d0048
D06367,D10185,P,73,unclassified,d0048
D06367,D10191,CI,74,unclassified,d0048
D06367,D10298,P,75,unclassified,d0048
D06367,D10424,P,76,unclassified,d0048
D06367,D10512,P,77,unclassified,d0048
D06367,D10513,P,78,unclassified,d0048
D06367,D10527,P,79,unclassified,d0048
D06367,D10537,P,80,unclassified,d0048
D06367,D10569,P,81,unclassified,d0048
D06367,D10793,P,82,unclassified,d0048
D06367,D11804,P,83,unclassified,d0048
D07337,D00076,P,1,unclassified,d0107
D07337,D00095,P,2,unclassified,d0107
D07337,D00216,P,3,unclassified,d0107
D07337,D00225,P,4,unclassified,d0107
D07337,D00228,CI,5,unclassified,d0107
D07337,D00252,P,6,unclassified,d0107
D07337,D00265,P,7,unclassified,d0107
D07337,D00267,P,8,unclassified,d0107
D07337,D00280,P,9,unclassified,d0107
D07337,D00283,P,10,unclassified,d0107
D07337,D00293,P,11,unclassified,d0107
D07337,D00295,P,12,unclassified,d0107
D07337,D00308,P,13,unclassified,d0107
D07337,D00311,P,14,unclassified,d0107
D07337,D00320,P,15,unclassified,d0107
D07337,D00336,P,16,unclassified,d0107
D07337,D00365,P,17,unclassified,d0107
D07337,D00367,CI,18,unclassified,d0107
D07337,D00387,P,19,unclassified,d0107
D07337,D00388,P,20,unclassified,d0107
D07337,D00402,P,21,unclassified,d0107
D07337,D00415,CI,22,Enzyme-Target: MAOA,d0107
D07337,D00451,CI,23,Enzyme-Target: MAOA,d0107
D07337,D00457,P,24,unclassified,d0107
D07337,D00474,P,25,unclassified,d0107
D07337,D00481,P,26,unclassified,d0107
D07337,D00506,P,27,unclassified,d0107
D07337,D00511,P,28,unclassified,d0107
D07337,D00520,CI,29,unclassified,d0107
D07337,D00531,P,30,unclassified,d0107
D07337,D00550,P,31,unclassified,d0107
D07337,D00563,CI,32,unclassified,d0107
D07337,D00593,P,33,unclassified,d0107
D07337,D00594,P,34,unclassified,d0107
D07337,D00605,P,35,unclassified,d0107
D07337,D00625,P,36,unclassified,d0107
D07337,D00633,P,37,Enzyme-Target: MAOB,d0107
D07337,D00665,P,38,unclassified,d0107
D07337,D00666,P,39,unclassified,d0107
D07337,D00668,P,40,unclassified,d0107
D07337,D00669,P,41,unclassified,d0107
D07337,D00672,P,42,unclassified,d0107
D07337,D00675,CI,43,unclassified,d0107
D07337,D00676,CI,44,Enzyme-Target: MAOA,d0107
D07337,D00677,P,45,unclassified,d0107
D07337,D00678,P,46,unclassified,d0107
D07337,D00694,P,47,unclassified,d0107
D07337,D00701,P,48,unclassified,d0107
D07337,D00713,P,49,unclassified,d0107
D07337,D00714,P,50,unclassified,d0107
D07337,D00720,P,51,unclassified,d0107
D07337,D00722,P,52,unclassified,d0107
D07337,D00744,P,53,unclassified,d0107
D07337,D00754,P,54,unclassified,d0107
D07337,D00765,P,55,unclassified,d0107
D07337,D00770,P,56,unclassified,d0107
D07337,D00785,CI,57,Target: MAOB,d0107
D07337,D00787,P,58,unclassified,d0107
D07337,D00809,CI,59,unclassified,d0107
D07337,D00811,CI,60,unclassified,d0107
D07337,D00815,CI,61,unclassified,d0107
D07337,D00816,CI,62,unclassified,d0107
D07337,D00818,CI,63,unclassified,d0107
D07337,D00820,P,64,unclassified,d0107
D07337,D00821,CI,65,unclassified,d0107
D07337,D00824,CI,66,unclassified,d0107
D07337,D00825,CI,67,unclassified,d0107
D07337,D00836,P,68,unclassified,d0107
D07337,D00839,P,69,unclassified,d0107
D07337,D00842,P,70,unclassified,d0107
D07337,D00944,P,71,unclassified,d0107
D07337,D00945,P,72,unclassified,d0107
D07337,D00947,P,73,unclassified,d0107
D07337,D01007,P,74,unclassified,d0107
D07337,D01008,CI,75,unclassified,d0107
D07337,D01021,CI,76,unclassified,d0107
D07337,D01022,P,77,unclassified,d0107
D07337,D01096,P,78,unclassified,d0107
D07337,D01107,CI,79,unclassified,d0107
D07337,D01111,P,80,unclassified,d0107
D07337,D01165,P,81,unclassified,d0107
D07337,D01179,CI,82,unclassified,d0107
D07337,D01226,P,83,unclassified,d0107
D07337,D01230,P,84,unclassified,d0107
D07337,D01245,P,85,unclassified,d0107
D07337,D01253,P,86,unclassified,d0107
D07337,D01268,P,87,unclassified,d0107
D07337,D01269,P,88,unclassified,d0107
D07337,D01277,P,89,unclassified,d0107
D07337,D01278,P,90,unclassified,d0107
D07337,D01280,P,91,unclassified,d0107
D07337,D01292,P,92,unclassified,d0107
D07337,D01293,P,93,unclassified,d0107
D07337,D01296,CI,94,unclassified,d0107
D07337,D01302,P,95,unclassified,d0107
D07337,D01324,P,96,unclassified,d0107
D07337,D01328,P,97,unclassified,d0107
D07337,D01347,CI,98,unclassified,d0107
D07337,D01355,CI,99,unclassified,d0107
D07337,D01358,CI,100,unclassified,d0107
D07337,D01383,CI,101,unclassified,d0107
D07337,D01386,P,102,unclassified,d0107
D07337,D01389,P,103,unclassified,d0107
D07337,D01399,P,104,unclassified,d0107
D07337,D01408,P,105,unclassified,d0107
D07337,D01451,P,106,unclassified,d0107
D07337,D01453,P,107,unclassified,d0107
D07337,D01481,P,108,unclassified,d0107
D07337,D01514,P,109,unclassified,d0107
D07337,D01564,P,110,unclassified,d0107
D07337,D01599,P,111,unclassified,d0107
D07337,D01657,P,112,unclassified,d0107
D07337,D01665,P,113,unclassified,d0107
D07337,D01744,P,114,unclassified,d0107
D07337,D01832,P,115,unclassified,d0107
D07337,D01854,P,116,unclassified,d0107
D07337,D01872,P,117,unclassified,d0107
D07337,D01875,P,118,unclassified,d0107
D07337,D01898,P,119,unclassified,d0107
D07337,D01903,P,120,unclassified,d0107
D07337,D02016,P,121,unclassified,d0107
D07337,D02034,CI,122,unclassified,d0107
D07337,D02064,P,123,unclassified,d0107
D07337,D02069,P,124,unclassified,d0107
D07337,D02076,P,125,unclassified,d0107
D07337,D02101,P,126,unclassified,d0107
D07337,D02102,P,127,unclassified,d0107
D07337,D02106,P,128,unclassified,d0107
D07337,D02109,P,129,unclassified,d0107
D07337,D02234,P,130,unclassified,d0107
D07337,D02242,CI,131,unclassified,d0107
D07337,D02246,P,132,unclassified,d0107
D07337,D02247,P,133,unclassified,d0107
D07337,D02260,CI,134,unclassified,d0107
D07337,D02271,P,135,unclassified,d0107
D07337,D02408,CI,136,unclassified,d0107
D07337,D02409,P,137,unclassified,d0107
D07337,D02484,P,138,unclassified,d0107
D07337,D02535,P,139,unclassified,d0107
D07337,D02562,CI,140,Target: MAOB,d0107
D07337,D02567,CI,141,unclassified,d0107
D07337,D02574,CI,142,unclassified,d0107
D07337,D03230,P,143,unclassified,d0107
D07337,D03250,P,144,unclassified,d0107
D07337,D03855,CI,145,unclassified,d0107
D07337,D04044,P,146,unclassified,d0107
D07337,D04052,P,147,unclassified,d0107
D07337,D04062,P,148,unclassified,d0107
D07337,D04081,P,149,unclassified,d0107
D07337,D04148,CI,150,unclassified,d0107
D07337,D04251,CI,151,unclassified,d0107
D07337,D04259,P,152,unclassified,d0107
D07337,D04261,P,153,unclassified,d0107
D07337,D04313,P,154,unclassified,d0107
D07337,D04342,P,155,unclassified,d0107
D07337,D04364,P,156,unclassified,d0107
D07337,D04447,P,157,unclassified,d0107
D07337,D04475,P,158,unclassified,d0107
D07337,D04477,P,159,unclassified,d0107
D07337,D04539,P,160,unclassified,d0107
D07337,D04540,P,161,unclassified,d0107
D07337,D04547,P,162,unclassified,d0107
D07337,D04747,CI,163,unclassified,d0107
D07337,D04813,P,164,unclassified,d0107
D07337,D05462,P,165,unclassified,d0107
D07337,D05928,P,166,unclassified,d0107
D07337,D06273,P,167,unclassified,d0107
D07337,D06405,P,168,unclassified,d0107
D07337,D06553,P,169,unclassified,d0107
D07337,D06645,P,170,unclassified,d0107
D07337,D06698,P,171,unclassified,d0107
D07337,D06921,P,172,unclassified,d0107
D07337,D06927,P,173,unclassified,d0107
D07337,D06928,P,174,unclassified,d0107
D07337,D06951,P,175,unclassified,d0107
D07337,D06953,P,176,unclassified,d0107
D07337,D06955,P,177,unclassified,d0107
D07337,D06956,P,178,unclassified,d0107
D07337,D06987,P,179,unclassified,d0107
D07337,D06994,P,180,unclassified,d0107
D07337,D07041,P,181,unclassified,d0107
D07337,D07042,P,182,unclassified,d0107
D07337,D07043,P,183,unclassified,d0107
D07337,D07044,P,184,unclassified,d0107
D07337,D07045,P,185,unclassified,d0107
D07337,D07048,P,186,unclassified,d0107
D07337,D07080,P,187,unclassified,d0107
D07337,D07132,P,188,unclassified,d0107
D07337,D07583,P,189,unclassified,d0107
D07337,D08080,P,190,unclassified,d0107
D07337,D08575,CI,191,unclassified,d0107
D07337,D08695,P,192,unclassified,d0107
D07337,D08769,P,193,unclassified,d0107
D07337,D08897,P,194,unclassified,d0107
D07337,D08923,P,195,unclassified,d0107
D07337,D09186,P,196,unclassified,d0107
D07337,D09319,P,197,unclassified,d0107
D07337,D09566,P,198,unclassified,d0107
D07337,D09592,P,199,unclassified,d0107
D07337,D09727,P,200,unclassified,d0107
D07337,D09744,P,201,unclassified,d0107
D07337,D09753,P,202,unclassified,d0107
D07337,D09756,P,203,unclassified,d0107
D07337,D09763,P,204,unclassified,d0107
D07337,D09780,P,205,unclassified,d0107
D07337,D09848,P,206,unclassified,d0107
D07337,D09889,P,207,unclassified,d0107
D07337,D09978,P,208,unclassified,d0107
D07337,D09999,CI,209,unclassified,d0107
D07337,D10159,P,210,unclassified,d0107
D07337,D10160,P,211,unclassified,d0107
D07337,D10179,P,212,unclassified,d0107
D07337,D10185,CI,213,unclassified,d0107
D07337,D10191,CI,214,Target: MAOB / Enzyme-Target: MAOA,d0107
D07337,D10195,P,215,unclassified,d0107
D07337,D10200,P,216,unclassified,d0107
D07337,D10253,P,217,unclassified,d0107
D07337,D10298,P,218,unclassified,d0107
D07337,D10317,P,219,unclassified,d0107
D07337,D10424,P,220,unclassified,d0107
D07337,D10459,P,221,unclassified,d0107
D07337,D10505,P,222,unclassified,d0107
D07337,D10570,P,223,unclassified,d0107
D07337,D10588,P,224,unclassified,d0107
D07337,D10743,P,225,unclassified,d0107
D07337,D10744,P,226,unclassified,d0107
D07337,D10854,P,227,unclassified,d0107
D07337,D10897,P,228,unclassified,d0107
D07337,D10967,P,229,unclassified,d0107
D07337,D10999,P,230,unclassified,d0107
D07337,D11034,P,231,unclassified,d0107
D07337,D11064,P,232,unclassified,d0107
D07337,D11109,P,233,unclassified,d0107
D07337,D11290,P,234,unclassified,d0107
D07337,D11567,P,235,unclassified,d0107
D07337,D11807,P,236,unclassified,d0107
D07337,D11861,P,237,unclassified,d0107
D07337,D11862,P,238,unclassified,d0107
D07337,D12358,P,239,unclassified,d0107
D07337,D12437,P,240,unclassified,d0107
D07337,D13245,P,241,unclassified,d0107
D07338,D00076,P,1,unclassified,d0114
D07338,D00095,P,2,unclassified,d0114
D07338,D00216,P,3,unclassified,d0114
D07338,D00225,P,4,unclassified,d0114
D07338,D00228,CI,5,unclassified,d0114
D07338,D00252,P,6,unclassified,d0114
D07338,D00265,P,7,unclassified,d0114
D07338,D00267,P,8,unclassified,d0114
D07338,D00280,P,9,unclassified,d0114
D07338,D00283,P,10,unclassified,d0114
D07338,D00293,P,11,unclassified,d0114
D07338,D00295,P,12,unclassified,d0114
D07338,D00308,P,13,unclassified,d0114
D07338,D00311,P,14,unclassified,d0114
D07338,D00320,P,15,unclassified,d0114
D07338,D00336,P,16,unclassified,d0114
D07338,D00365,P,17,unclassified,d0114
D07338,D00367,CI,18,unclassified,d0114
D07338,D00387,P,19,unclassified,d0114
D07338,D00388,P,20,unclassified,d0114
D07338,D00402,P,21,unclassified,d0114
D07338,D00415,CI,22,Enzyme-Target: MAOA,d0114
D07338,D00451,CI,23,Enzyme-Target: MAOA,d0114
D07338,D00457,P,24,unclassified,d0114
D07338,D00474,P,25,unclassified,d0114
D07338,D00481,P,26,unclassified,d0114
D07338,D00506,P,27,unclassified,d0114
D07338,D00511,P,28,unclassified,d0114
D07338,D00520,CI,29,unclassified,d0114
D07338,D00531,P,30,unclassified,d0114
D07338,D00550,P,31,unclassified,d0114
D07338,D00563,CI,32,unclassified,d0114
D07338,D00593,P,33,unclassified,d0114
D07338,D00594,P,34,unclassified,d0114
D07338,D00605,P,35,unclassified,d0114
D07338,D00625,P,36,unclassified,d0114
D07338,D00633,P,37,Enzyme-Target: MAOB,d0114
D07338,D00665,P,38,unclassified,d0114
D07338,D00666,P,39,unclassified,d0114
D07338,D00668,P,40,unclassified,d0114
D07338,D00669,P,41,unclassified,d0114
D07338,D00672,P,42,unclassified,d0114
D07338,D00675,CI,43,unclassified,d0114
D07338,D00676,CI,44,Enzyme-Target: MAOA,d0114
D07338,D00677,P,45,unclassified,d0114
D07338,D00678,P,46,unclassified,d0114
D07338,D00694,P,47,unclassified,d0114
D07338,D00701,P,48,unclassified,d0114
D07338,D00713,P,49,unclassified,d0114
D07338,D00714,P,50,unclassified,d0114
D07338,D00720,P,51,unclassified,d0114
D07338,D00722,P,52,unclassified,d0114
D07338,D00744,P,53,unclassified,d0114
D07338,D00754,P,54,unclassified,d0114
D07338,D00765,P,55,unclassified,d0114
D07338,D00770,P,56,unclassified,d0114
D07338,D00785,CI,57,Target: MAOB,d0114
D07338,D00787,P,58,unclassified,d0114
D07338,D00809,CI,59,unclassified,d0114
D07338,D00811,CI,60,unclassified,d0114
D07338,D00815,CI,61,unclassified,d0114
D07338,D00816,CI,62,unclassified,d0114
D07338,D00818,CI,63,unclassified,d0114
D07338,D00820,P,64,unclassified,d0114
D07338,D00821,CI,65,unclassified,d0114
D07338,D00824,CI,66,unclassified,d0114
D07338,D00825,CI,67,unclassified,d0114
D07338,D00836,P,68,unclassified,d0114
D07338,D00839,P,69,unclassified,d0114
D07338,D00842,P,70,unclassified,d0114
D07338,D00944,P,71,unclassified,d0114
D07338,D00945,P,72,unclassified,d0114
D07338,D00947,P,73,unclassified,d0114
D07338,D01007,P,74,unclassified,d0114
D07338,D01008,CI,75,unclassified,d0114
D07338,D01021,CI,76,unclassified,d0114
D07338,D01022,P,77,unclassified,d0114
D07338,D01096,P,78,unclassified,d0114
D07338,D01107,CI,79,unclassified,d0114
D07338,D01111,P,80,unclassified,d0114
D07338,D01165,P,81,unclassified,d0114
D07338,D01179,CI,82,unclassified,d0114
D07338,D01226,P,83,unclassified,d0114
D07338,D01230,P,84,unclassified,d0114
D07338,D01245,P,85,unclassified,d0114
D07338,D01253,P,86,unclassified,d0114
D07338,D01268,P,87,unclassified,d0114
D07338,D01269,P,88,unclassified,d0114
D07338,D01277,P,89,unclassified,d0114
D07338,D01278,P,90,unclassified,d0114
D07338,D01280,P,91,unclassified,d0114
D07338,D01292,P,92,unclassified,d0114
D07338,D01293,P,93,unclassified,d0114
D07338,D01296,CI,94,unclassified,d0114
D07338,D01302,P,95,unclassified,d0114
D07338,D01324,P,96,unclassified,d0114
D07338,D01328,P,97,unclassified,d0114
D07338,D01347,CI,98,unclassified,d0114
D07338,D01355,CI,99,unclassified,d0114
D07338,D01358,CI,100,unclassified,d0114
D07338,D01383,CI,101,unclassified,d0114
D07338,D01386,P,102,unclassified,d0114
D07338,D01389,P,103,unclassified,d0114
D07338,D01399,P,104,unclassified,d0114
D07338,D01408,P,105,unclassified,d0114
D07338,D01451,P,106,unclassified,d0114
D07338,D01453,P,107,unclassified,d0114
D07338,D01481,P,108,unclassified,d0114
D07338,D01514,P,109,unclassified,d0114
D07338,D01564,P,110,unclassified,d0114
D07338,D01599,P,111,unclassified,d0114
D07338,D01657,P,112,unclassified,d0114
D07338,D01665,P,113,unclassified,d0114
D07338,D01744,P,114,unclassified,d0114
D07338,D01832,P,115,unclassified,d0114
D07338,D01854,P,116,unclassified,d0114
D07338,D01872,P,117,unclassified,d0114
D07338,D01875,P,118,unclassified,d0114
D07338,D01898,P,119,unclassified,d0114
D07338,D01903,P,120,unclassified,d0114
D07338,D02016,P,121,unclassified,d0114
D07338,D02034,CI,122,unclassified,d0114
D07338,D02064,P,123,unclassified,d0114
D07338,D02069,P,124,unclassified,d0114
D07338,D02076,P,125,unclassified,d0114
D07338,D02101,P,126,unclassified,d0114
D07338,D02102,P,127,unclassified,d0114
D07338,D02106,P,128,unclassified,d0114
D07338,D02109,P,129,unclassified,d0114
D07338,D02234,P,130,unclassified,d0114
D07338,D02242,CI,131,unclassified,d0114
D07338,D02246,P,132,unclassified,d0114
D07338,D02247,P,133,unclassified,d0114
D07338,D02260,CI,134,unclassified,d0114
D07338,D02271,P,135,unclassified,d0114
D07338,D02408,CI,136,unclassified,d0114
D07338,D02409,P,137,unclassified,d0114
D07338,D02484,P,138,unclassified,d0114
D07338,D02535,P,139,unclassified,d0114
D07338,D02562,CI,140,Target: MAOB,d0114
D07338,D02567,CI,141,unclassified,d0114
D07338,D02574,CI,142,unclassified,d0114
D07338,D03230,P,143,unclassified,d0114
D07338,D03250,P,144,unclassified,d0114
D07338,D03855,CI,145,unclassified,d0114
D07338,D04044,P,146,unclassified,d0114
D07338,D04052,P,147,unclassified,d0114
D07338,D04062,P,148,unclassified,d0114
D07338,D04081,P,149,unclassified,d0114
D07338,D04148,CI,150,unclassified,d0114
D07338,D04251,CI,151,unclassified,d0114
D07338,D04259,P,152,unclassified,d0114
D07338,D04261,P,153,unclassified,d0114
D07338,D04313,P,154,unclassified,d0114
D07338,D04342,P,155,unclassified,d0114
D07338,D04364,P,156,unclassified,d0114
D07338,D04447,P,157,unclassified,d0114
D07338,D04475,P,158,unclassified,d0114
D07338,D04477,P,159,unclassified,d0114
D07338,D04539,P,160,unclassified,d0114
D07338,D04540,P,161,unclassified,d0114
D07338,D04547,P,162,unclassified,d0114
D07338,D04747,CI,163,unclassified,d0114
D07338,D04813,P,164,unclassified,d0114
D07338,D05462,P,165,unclassified,d0114
D07338,D05928,P,166,unclassified,d0114
D07338,D06273,P,167,unclassified,d0114
D07338,D06405,P,168,unclassified,d0114
D07338,D06553,P,169,unclassified,d0114
D07338,D06645,P,170,unclassified,d0114
D07338,D06698,P,171,unclassified,d0114
D07338,D06921,P,172,unclassified,d0114
D07338,D06927,P,173,unclassified,d0114
D07338,D06928,P,174,unclassified,d0114
D07338,D06951,P,175,unclassified,d0114
D07338,D06953,P,176,unclassified,d0114
D07338,D06955,P,177,unclassified,d0114
D07338,D06956,P,178,unclassified,d0114
D07338,D06987,P,179,unclassified,d0114
D07338,D06994,P,180,unclassified,d0114
D07338,D07041,P,181,unclassified,d0114
D07338,D07042,P,182,unclassified,d0114
D07338,D07043,P,183,unclassified,d0114
D07338,D07044,P,184,unclassified,d0114
D07338,D07045,P,185,unclassified,d0114
D07338,D07048,P,186,unclassified,d0114
D07338,D07080,P,187,unclassified,d0114
D07338,D07132,P,188,unclassified,d0114
D07338,D07583,P,189,unclassified,d0114
D07338,D08080,P,190,unclassified,d0114
D07338,D08575,CI,191,unclassified,d0114
D07338,D08695,P,192,unclassified,d0114
D07338,D08769,P,193,unclassified,d0114
D07338,D08897,P,194,unclassified,d0114
D07338,D08923,P,195,unclassified,d0114
D07338,D09186,P,196,unclassified,d0114
D07338,D09319,P,197,unclassified,d0114
D07338,D09566,P,198,unclassified,d0114
D07338,D09592,P,199,unclassified,d0114
D07338,D09727,P,200,unclassified,d0114
D07338,D09744,P,201,unclassified,d0114
D07338,D09753,P,202,unclassified,d0114
D07338,D09756,P,203,unclassified,d0114
D07338,D09763,P,204,unclassified,d0114
D07338,D09780,P,205,unclassified,d0114
D07338,D09848,P,206,unclassified,d0114
D07338,D09889,P,207,unclassified,d0114
D07338,D09978,P,208,unclassified,d0114
D07338,D09999,CI,209,unclassified,d0114
D07338,D10159,P,210,unclassified,d0114
D07338,D10160,P,211,unclassified,d0114
D07338,D10179,P,212,unclassified,d0114
D07338,D10185,CI,213,unclassified,d0114
D07338,D10191,CI,214,Target: MAOB / Enzyme-Target: MAOA,d0114
D07338,D10195,P,215,unclassified,d0114
D07338,D10200,P,216,unclassified,d0114
D07338,D10253,P,217,unclassified,d0114
D07338,D10298,P,218,unclassified,d0114
D07338,D10317,P,219,unclassified,d0114
D07338,D10424,P,220,unclassified,d0114
D07338,D10459,P,221,unclassified,d0114
D07338,D10505,P,222,unclassified,d0114
D07338,D10570,P,223,unclassified,d0114
D07338,D10588,P,224,unclassified,d0114
D07338,D10743,P,225,unclassified,d0114
D07338,D10744,P,226,unclassified,d0114
D07338,D10854,P,227,unclassified,d0114
D07338,D10897,P,228,unclassified,d0114
D07338,D10967,P,229,unclassified,d0114
D07338,D10999,P,230,unclassified,d0114
D07338,D11034,P,231,unclassified,d0114
D07338,D11064,P,232,unclassified,d0114
D07338,D11109,P,233,unclassified,d0114
D07338,D11290,P,234,unclassified,d0114
D07338,D11567,P,235,unclassified,d0114
D07338,D11807,P,236,unclassified,d0114
D07338,D11861,P,237,unclassified,d0114
D07338,D11862,P,238,unclassified,d0114
D07338,D12358,P,239,unclassified,d0114
D07338,D12437,P,240,unclassified,d0114
D07338,D13245,P,241,unclassified,d0114
D07704,D00076,P,1,unclassified,d0051
D07704,D00095,P,2,unclassified,d0051
D07704,D00109,P,3,unclassified,d0051
D07704,D00126,P,4,unclassified,d0051
D07704,D00132,P,5,unclassified,d0051
D07704,D00211,P,6,CYP induction: CYP3A4 / Transporter induction: ABCB1,d0051
D07704,D00228,P,7,Enzyme: CYP2D6 / Target: SLC6A4,d0051
D07704,D00252,P,8,Enzyme: CYP3A4 / CYP induction: CYP3A4 / Transporter induction: ABCB1,d0051
D07704,D00255,P,9,Enzyme: CYP2D6 CYP3A4 / Transporter inhibition: ABCB1,d0051
D07704,D00276,P,10,Enzyme: CYP3A4 / CYP inhibition: CYP3A4 / Transporter inhibition: ABCB1,d0051
D07704,D00292,P,11,Enzyme: CYP3A4 / CYP induction: CYP3A4,d0051
D07704,D00293,P,12,Enzyme: CYP3A4 / CYP inhibition: CYP2C19,d0051
D07704,D00295,P,13,CYP inhibition: CYP2D6 CYP3A4,d0051
D07704,D00311,P,14,unclassified,d0051
D07704,D00320,P,15,Enzyme: CYP3A4,d0051
D07704,D00415,P,16,unclassified,d0051
D07704,D00420,P,17,unclassified,d0051
D07704,D00435,P,18,Enzyme: CYP3A4 CYP2D6,d0051
D07704,D00451,P,19,unclassified,d0051
D07704,D00506,P,20,unclassified,d0051
D07704,D00512,P,21,Transporter induction: ABCB1,d0051
D07704,D00550,P,22,Enzyme: CYP3A4,d0051
D07704,D00563,P,23,Enzyme: CYP2D6 CYP3A4,d0051
D07704,D00601,P,24,Enzyme: CYP2D6,d0051
D07704,D00603,P,25,Enzyme: CYP2D6,d0051
D07704,D00605,P,26,unclassified,d0051
D07704,D00619,P,27,Enzyme: CYP3A4 / CYP inhibition: CYP3A4 / Transporter inhibition: ABCB1,d0051
D07704,D00636,P,28,Enzyme: CYP3A4,d0051
D07704,D00674,P,29,Enzyme: CYP2D6 CYP3A4,d0051
D07704,D00675,P,30,unclassified,d0051
D07704,D00676,P,31,unclassified,d0051
D07704,D00677,P,32,Enzyme: CYP3A4,d0051
D07704,D00678,P,33,Enzyme: CYP2D6 CYP3A4,d0051
D07704,D00701,P,34,unclassified,d0051
D07704,D00754,P,35,unclassified,d0051
D07704,D00769,P,36,CYP inhibition: CYP2C19,d0051
D07704,D00785,CI,37,Enzyme: CYP2D6 CYP3A4,d0051
D07704,D00801,P,38,unclassified,d0051
D07704,D00809,P,39,Enzyme: CYP2D6 CYP3A4 / Target: SLC6A4 / CYP inhibition: CYP2C19,d0051
D07704,D00811,P,40,Enzyme: CYP2D6 CYP3A4 / Target: SLC6A4 / CYP inhibition: CYP2C19,d0051
D07704,D00815,P,41,Enzyme: CYP2D6 CYP3A4 / Target: SLC6A4 / CYP inhibition: CYP2C19,d0051
D07704,D00818,P,42,Enzyme: CYP2D6,d0051
D07704,D00820,P,43,Enzyme: CYP3A4 CYP2D6 / Target: SLC6A4,d0051
D07704,D00821,P,44,Enzyme: CYP2D6 / Target: SLC6A4,d0051
D07704,D00824,P,45,Enzyme: CYP2D6 / Target: SLC6A4 / CYP inhibition: CYP2D6 CYP3A4,d0051
D07704,D00831,P,46,unclassified,d0051
D07704,D00848,P,47,Enzyme: CYP2D6,d0051
D07704,D00904,P,48,unclassified,d0051
D07704,D00947,P,49,unclassified,d0051
D07704,D00961,P,50,CYP inhibition: CYP3A4,d0051
D07704,D00966,P,51,Enzyme: CYP2D6 CYP3A4,d0051
D07704,D00969,P,52,unclassified,d0051
D07704,D01028,P,53,CYP inhibition: CYP2D6,d0051
D07704,D01179,P,54,Target: SLC6A4 / CYP inhibition: CYP2D6,d0051
D07704,D01253,P,55,Enzyme: CYP3A4 / CYP inhibition: CYP2C19,d0051
D07704,D01280,P,56,unclassified,d0051
D07704,D01296,P,57,unclassified,d0051
D07704,D01355,P,58,Enzyme: CYP2D6 CYP3A4,d0051
D07704,D01383,P,59,unclassified,d0051
D07704,D01399,P,60,Enzyme: CYP3A4,d0051
D07704,D01896,P,61,Enzyme: CYP3A4 / CYP inhibition: CYP2C19,d0051
D07704,D01973,P,62,Enzyme: CYP3A4,d0051
D07704,D01992,P,63,unclassified,d0051
D07704,D02102,P,64,Enzyme: CYP3A4 CYP2D6 / CYP inhibition: CYP2C19 / CYP induction: CYP3A4,d0051
D07704,D02103,P,65,Transporter induction: ABCB1,d0051
D07704,D02106,P,66,unclassified,d0051
D07704,D02234,P,67,unclassified,d0051
D07704,D02235,P,68,unclassified,d0051
D07704,D02260,P,69,Enzyme: CYP2D6 / Target: SLC6A4 / CYP inhibition: CYP2D6,d0051
D07704,D02372,P,70,unclassified,d0051
D07704,D02484,P,71,unclassified,d0051
D07704,D02562,CI,72,unclassified,d0051
D07704,D02567,P,73,Enzyme: CYP3A4 CYP2D6 / Target: SLC6A4 / CYP inhibition: CYP2D6 CYP2C19,d0051
D07704,D02691,P,74,unclassified,d0051
D07704,D02732,P,75,Enzyme: CYP3A4,d0051
D07704,D02968,P,76,Enzyme: CYP3A4 / CYP inhibition: CYP3A4 / CYP induction: CYP3A4,d0051
D07704,D03106,P,77,unclassified,d0051
D07704,D03658,P,78,Enzyme: CYP3A4,d0051
D07704,D03669,P,79,CYP induction: CYP3A4,d0051
D07704,D03855,P,80,unclassified,d0051
D07704,D03960,P,81,unclassified,d0051
D07704,D04024,P,82,Enzyme: CYP3A4,d0051
D07704,D04052,P,83,Enzyme: CYP3A4,d0051
D07704,D04148,P,84,Enzyme: CYP2D6 CYP3A4 / Target: SLC6A4 / CYP inhibition: CYP2C19,d0051
D07704,D04340,P,85,Enzyme: CYP2D6 CYP3A4,d0051
D07704,D04641,P,86,Enzyme: CYP3A4 / CYP inhibition: CYP3A4 / Transporter inhibition: ABCB1,d0051
D07704,D04666,P,87,unclassified,d0051
D07704,D04747,P,88,unclassified,d0051
D07704,D04768,P,89,Transporter inhibition: ABCB1,d0051
D07704,D05775,P,90,unclassified,d0051
D07704,D05928,P,91,Enzyme: CYP3A4 / CYP inhibition: CYP3A4 CYP2D6 CYP2C19,d0051
D07704,D06405,P,92,Enzyme: CYP3A4,d0051
D07704,D06407,P,93,Enzyme: CYP3A4 / Transporter inhibition: ABCB1,d0051
D07704,D06413,P,94,Enzyme: CYP3A4,d0051
D07704,D06414,P,95,Enzyme: CYP3A4,d0051
D07704,D06597,P,96,Enzyme: CYP3A4 / CYP inhibition: CYP3A4 / CYP induction: CYP3A4,d0051
D07704,D07082,P,97,unclassified,d0051
D07704,D07086,P,98,Enzyme: CYP3A4,d0051
D07704,D07505,P,99,unclassified,d0051
D07704,D07583,P,100,Transporter induction: ABCB1,d0051
D07704,D07595,P,101,CYP induction: CYP3A4 / Transporter induction: ABCB1,d0051
D07704,D08493,P,102,Enzyme: CYP3A4 CYP2D6 / CYP inhibition: CYP2C19,d0051
D07704,D09535,P,103,Enzyme: CYP3A4 / CYP inhibition: CYP2D6 / Transporter inhibition: ABCB1,d0051
D07704,D09546,P,104,unclassified,d0051
D07704,D09638,P,105,Enzyme: CYP3A4,d0051
D07704,D09686,P,106,unclassified,d0051
D07704,D09701,P,107,Enzyme: CYP3A4,d0051
D07704,D09731,P,108,Enzyme: CYP3A4 / Transporter inhibition: ABCB1,d0051
D07704,D09799,P,109,CYP inhibition: CYP3A4,d0051
D07704,D09815,P,110,unclassified,d0051
D07704,D09894,P,111,Enzyme: CYP2D6,d0051
D07704,D09996,P,112,CYP induction: CYP3A4 / Transporter inhibition: ABCB1,d0051
D07704,D09999,P,113,Enzyme: CYP3A4 CYP2D6,d0051
D07704,D10003,P,114,CYP induction: CYP3A4 CYP2D6,d0051
D07704,D10014,P,115,unclassified,d0051
D07704,D10104,P,116,Enzyme: CYP3A4 / CYP induction: CYP3A4,d0051
D07704,D10127,P,117,unclassified,d0051
D07704,D10161,P,118,unclassified,d0051
D07704,D10185,P,119,Enzyme: CYP2D6 / Target: SLC6A4 / CYP inhibition: CYP2C19,d0051
D07704,D10191,CI,120,unclassified,d0051
D07704,D10218,P,121,unclassified,d0051
D07704,D10298,P,122,unclassified,d0051
D07704,D10372,P,123,unclassified,d0051
D07704,D10424,P,124,unclassified,d0051
D07704,D10466,P,125,Enzyme: CYP3A4 CYP2D6 / CYP inhibition: CYP2C19,d0051
D07704,D10512,P,126,Enzyme: CYP3A4 CYP2D6,d0051
D07704,D10513,P,127,Enzyme: CYP3A4 / CYP inhibition: CYP2C19,d0051
D07704,D10527,P,128,Enzyme: CYP3A4 / CYP inhibition: CYP2C19,d0051
D07704,D10537,P,129,unclassified,d0051
D07704,D10551,P,130,unclassified,d0051
D07704,D10564,P,131,unclassified,d0051
D07704,D10566,P,132,unclassified,d0051
D07704,D10569,P,133,unclassified,d0051
D07704,D10633,P,134,Enzyme: CYP3A4,d0051
D07704,D10643,P,135,Transporter inhibition: ABCB1,d0051
D07704,D10679,P,136,unclassified,d0051
D07704,D10762,P,137,unclassified,d0051
D07704,D10766,P,138,unclassified,d0051
D07704,D10774,P,139,Enzyme: CYP3A4 CYP2D6 / CYP inhibition: CYP2C19,d0051
D07704,D10775,P,140,Enzyme: CYP3A4 CYP2D6 / CYP inhibition: CYP2C19 CYP3A4 / Transporter inhibition: ABCB1,d0051
D07704,D10793,P,141,unclassified,d0051
D07704,D10801,P,142,unclassified,d0051
D07704,D10891,P,143,Enzyme: CYP3A4,d0051
D07704,D10926,P,144,Enzyme: CYP3A4,d0051
D07704,D10927,P,145,Enzyme: CYP3A4 / Transporter inhibition: ABCB1,d0051
D07704,D10990,P,146,unclassified,d0051
D07704,D10999,P,147,Enzyme: CYP3A4,d0051
D07704,D11012,P,148,Transporter induction: ABCB1,d0051
D07704,D11027,P,149,unclassified,d0051
D07704,D11040,P,150,Enzyme: CYP3A4 / CYP induction: CYP3A4 / Transporter induction: ABCB1,d0051
D07704,D11053,P,151,Enzyme: CYP3A4,d0051
D07704,D11073,P,152,Enzyme: CYP3A4,d0051
D07704,D11090,P,153,unclassified,d0051
D07704,D11138,P,154,unclassified,d0051
D07704,D11194,P,155,unclassified,d0051
D07704,D11296,P,156,Enzyme: CYP3A4 / CYP inhibition: CYP2C19,d0051
D07704,D11370,P,157,unclassified,d0051
D07704,D11371,P,158,unclassified,d0051
D07704,D11400,P,159,CYP inhibition: CYP2C19,d0051
D07704,D11404,P,160,Enzyme: CYP3A4,d0051
D07704,D11422,P,161,unclassified,d0051
D07704,D11454,P,162,Enzyme: CYP3A4,d0051
D07704,D11485,P,163,unclassified,d0051
D07704,D11557,P,164,CYP induction: CYP3A4,d0051
D07704,D11641,P,165,unclassified,d0051
D07704,D11662,P,166,unclassified,d0051
D07704,D11674,P,167,CYP inhibition: CYP2D6 CYP3A4,d0051
D07704,D11708,P,168,unclassified,d0051
D07704,D11713,P,169,Enzyme: CYP3A4,d0051
D07704,D11804,P,170,unclassified,d0051
D07704,D11816,P,171,Enzyme: CYP3A4 / Transporter inhibition: ABCB1,d0051
D07704,D11835,P,172,Enzyme: CYP2D6 / CYP inhibition: CYP2C19,d0051
D07704,D11873,P,173,unclassified,d0051
D07704,D11887,P,174,unclassified,d0051
D07704,D11920,P,175,unclassified,d0051
D07704,D11954,P,176,CYP inhibition: CYP2C19,d0051
D07704,D11970,P,177,unclassified,d0051
D07704,D12049,P,178,unclassified,d0051
D07704,D12050,P,179,Enzyme: CYP3A4 / Transporter inhibition: ABCB1,d0051
D07704,D12055,P,180,unclassified,d0051
D07704,D12217,P,181,Enzyme: CYP3A4,d0051
D07704,D12245,P,182,Enzyme: CYP3A4,d0051
D07704,D12252,P,183,CYP induction: CYP3A4,d0051
D07704,D12265,P,184,CYP inhibition: CYP2C19,d0051
D07704,D12285,P,185,Enzyme: CYP3A4,d0051
D07704,D12364,P,186,unclassified,d0051
D07704,D12442,P,187,unclassified,d0051
D07704,D12444,P,188,Enzyme: CYP3A4,d0051
D07704,D12586,P,189,unclassified,d0051
D07704,D12837,P,190,unclassified,d0051
D07704,D12879,P,191,unclassified,d0051
D07705,D00076,P,1,unclassified,d0053
D07705,D00095,P,2,unclassified,d0053
D07705,D00109,P,3,unclassified,d0053
D07705,D00126,P,4,unclassified,d0053
D07705,D00132,P,5,unclassified,d0053
D07705,D00211,P,6,CYP induction: CYP3A4 / Transporter induction: ABCB1,d0053
D07705,D00228,P,7,Enzyme: CYP2D6 / Target: SLC6A4,d0053
D07705,D00252,P,8,Enzyme: CYP3A4 / CYP induction: CYP3A4 / Transporter induction: ABCB1,d0053
D07705,D00255,P,9,Enzyme: CYP2D6 CYP3A4 / Transporter inhibition: ABCB1,d0053
D07705,D00276,P,10,Enzyme: CYP3A4 / CYP inhibition: CYP3A4 / Transporter inhibition: ABCB1,d0053
D07705,D00292,P,11,Enzyme: CYP3A4 / CYP induction: CYP3A4,d0053
D07705,D00293,P,12,Enzyme: CYP3A4 / CYP inhibition: CYP2C19,d0053
D07705,D00295,P,13,CYP inhibition: CYP2D6 CYP3A4,d0053
D07705,D00311,P,14,unclassified,d0053
D07705,D00320,P,15,Enzyme: CYP3A4,d0053
D07705,D00415,P,16,unclassified,d0053
D07705,D00420,P,17,unclassified,d0053
D07705,D00435,P,18,Enzyme: CYP3A4 CYP2D6,d0053
D07705,D00451,P,19,unclassified,d0053
D07705,D00506,P,20,unclassified,d0053
D07705,D00512,P,21,Transporter induction: ABCB1,d0053
D07705,D00550,P,22,Enzyme: CYP3A4,d0053
D07705,D00563,P,23,Enzyme: CYP2D6 CYP3A4,d0053
D07705,D00601,P,24,Enzyme: CYP2D6,d0053
D07705,D00603,P,25,Enzyme: CYP2D6,d0053
D07705,D00605,P,26,unclassified,d0053
D07705,D00619,P,27,Enzyme: CYP3A4 / CYP inhibition: CYP3A4 / Transporter inhibition: ABCB1,d0053
D07705,D00636,P,28,Enzyme: CYP3A4,d0053
D07705,D00674,P,29,Enzyme: CYP2D6 CYP3A4,d0053
D07705,D00675,P,30,unclassified,d0053
D07705,D00676,P,31,unclassified,d0053
D07705,D00677,P,32,Enzyme: CYP3A4,d0053
D07705,D00678,P,33,Enzyme: CYP2D6 CYP3A4,d0053
D07705,D00701,P,34,unclassified,d0053
D07705,D00754,P,35,unclassified,d0053
D07705,D00769,P,36,CYP inhibition: CYP2C19,d0053
D07705,D00785,CI,37,Enzyme: CYP2D6 CYP3A4,d0053
D07705,D00801,P,38,unclassified,d0053
D07705,D00809,P,39,Enzyme: CYP2D6 CYP3A4 / Target: SLC6A4 / CYP inhibition: CYP2C19,d0053
D07705,D00811,P,40,Enzyme: CYP2D6 CYP3A4 / Target: SLC6A4 / CYP inhibition: CYP2C19,d0053
D07705,D00815,P,41,Enzyme: CYP2D6 CYP3A4 / Target: SLC6A4 / CYP inhibition: CYP2C19,d0053
D07705,D00818,P,42,Enzyme: CYP2D6,d0053
D07705,D00820,P,43,Enzyme: CYP3A4 CYP2D6 / Target: SLC6A4,d0053
D07705,D00821,P,44,Enzyme: CYP2D6 / Target: SLC6A4,d0053
D07705,D00824,P,45,Enzyme: CYP2D6 / Target: SLC6A4 / CYP inhibition: CYP2D6 CYP3A4,d0053
D07705,D00831,P,46,unclassified,d0053
D07705,D00848,P,47,Enzyme: CYP2D6,d0053
D07705,D00904,P,48,unclassified,d0053
D07705,D00947,P,49,unclassified,d0053
D07705,D00961,P,50,CYP inhibition: CYP3A4,d0053
D07705,D00966,P,51,Enzyme: CYP2D6 CYP3A4,d0053
D07705,D00969,P,52,unclassified,d0053
D07705,D01028,P,53,CYP inhibition: CYP2D6,d0053
D07705,D01179,P,54,Target: SLC6A4 / CYP inhibition: CYP2D6,d0053
D07705,D01253,P,55,Enzyme: CYP3A4 / CYP inhibition: CYP2C19,d0053
D07705,D01280,P,56,unclassified,d0053
D07705,D01296,P,57,unclassified,d0053
D07705,D01355,P,58,Enzyme: CYP2D6 CYP3A4,d0053
D07705,D01383,P,59,unclassified,d0053
D07705,D01399,P,60,Enzyme: CYP3A4,d0053
D07705,D01896,P,61,Enzyme: CYP3A4 / CYP inhibition: CYP2C19,d0053
D07705,D01973,P,62,Enzyme: CYP3A4,d0053
D07705,D01992,P,63,unclassified,d0053
D07705,D02102,P,64,Enzyme: CYP3A4 CYP2D6 / CYP inhibition: CYP2C19 / CYP induction: CYP3A4,d0053
D07705,D02103,P,65,Transporter induction: ABCB1,d0053
D07705,D02106,P,66,unclassified,d0053
D07705,D02234,P,67,unclassified,d0053
D07705,D02235,P,68,unclassified,d0053
D07705,D02260,P,69,Enzyme: CYP2D6 / Target: SLC6A4 / CYP inhibition: CYP2D6,d0053
D07705,D02372,P,70,unclassified,d0053
D07705,D02484,P,71,unclassified,d0053
D07705,D02562,CI,72,unclassified,d0053
D07705,D02567,P,73,Enzyme: CYP3A4 CYP2D6 / Target: SLC6A4 / CYP inhibition: CYP2D6 CYP2C19,d0053
D07705,D02691,P,74,unclassified,d0053
D07705,D02732,P,75,Enzyme: CYP3A4,d0053
D07705,D02968,P,76,Enzyme: CYP3A4 / CYP inhibition: CYP3A4 / CYP induction: CYP3A4,d0053
D07705,D03106,P,77,unclassified,d0053
D07705,D03658,P,78,Enzyme: CYP3A4,d0053
D07705,D03669,P,79,CYP induction: CYP3A4,d0053
D07705,D03855,P,80,unclassified,d0053
D07705,D03960,P,81,unclassified,d0053
D07705,D04024,P,82,Enzyme: CYP3A4,d0053
D07705,D04052,P,83,Enzyme: CYP3A4,d0053
D07705,D04148,P,84,Enzyme: CYP2D6 CYP3A4 / Target: SLC6A4 / CYP inhibition: CYP2C19,d0053
D07705,D04340,P,85,Enzyme: CYP2D6 CYP3A4,d0053
D07705,D04641,P,86,Enzyme: CYP3A4 / CYP inhibition: CYP3A4 / Transporter inhibition: ABCB1,d0053
D07705,D04666,P,87,unclassified,d0053
D07705,D04747,P,88,unclassified,d0053
D07705,D04768,P,89,Transporter inhibition: ABCB1,d0053
D07705,D05775,P,90,unclassified,d0053
D07705,D05928,P,91,Enzyme: CYP3A4 / CYP inhibition: CYP3A4 CYP2D6 CYP2C19,d0053
D07705,D06405,P,92,Enzyme: CYP3A4,d0053
D07705,D06407,P,93,Enzyme: CYP3A4 / Transporter inhibition: ABCB1,d0053
D07705,D06413,P,94,Enzyme: CYP3A4,d0053
D07705,D06414,P,95,Enzyme: CYP3A4,d0053
D07705,D06597,P,96,Enzyme: CYP3A4 / CYP inhibition: CYP3A4 / CYP induction: CYP3A4,d0053
D07705,D07082,P,97,unclassified,d0053
D07705,D07086,P,98,Enzyme: CYP3A4,d0053
D07705,D07505,P,99,unclassified,d0053
D07705,D07583,P,100,Transporter induction: ABCB1,d0053
D07705,D07595,P,101,CYP induction: CYP3A4 / Transporter induction: ABCB1,d0053
D07705,D08493,P,102,Enzyme: CYP3A4 CYP2D6 / CYP inhibition: CYP2C19,d0053
D07705,D09535,P,103,Enzyme: CYP3A4 / CYP inhibition: CYP2D6 / Transporter inhibition: ABCB1,d0053
D07705,D09546,P,104,unclassified,d0053
D07705,D09638,P,105,Enzyme: CYP3A4,d0053
D07705,D09686,P,106,unclassified,d0053
D07705,D09701,P,107,Enzyme: CYP3A4,d0053
D07705,D09731,P,108,Enzyme: CYP3A4 / Transporter inhibition: ABCB1,d0053
D07705,D09799,P,109,CYP inhibition: CYP3A4,d0053
D07705,D09815,P,110,unclassified,d0053
D07705,D09894,P,111,Enzyme: CYP2D6,d0053
D07705,D09996,P,112,CYP induction: CYP3A4 / Transporter inhibition: ABCB1,d0053
D07705,D09999,P,113,Enzyme: CYP3A4 CYP2D6,d0053
D07705,D10003,P,114,CYP induction: CYP3A4 CYP2D6,d0053
D07705,D10014,P,115,unclassified,d0053
D07705,D10104,P,116,Enzyme: CYP3A4 / CYP induction: CYP3A4,d0053
D07705,D10127,P,117,unclassified,d0053
D07705,D10161,P,118,unclassified,d0053
D07705,D10185,P,119,Enzyme: CYP2D6 / Target: SLC6A4 / CYP inhibition: CYP2C19,d0053
D07705,D10191,CI,120,unclassified,d0053
D07705,D10218,P,121,unclassified,d0053
D07705,D10298,P,122,unclassified,d0053
D07705,D10372,P,123,unclassified,d0053
D07705,D10424,P,124,unclassified,d0053
D07705,D10466,P,125,Enzyme: CYP3A4 CYP2D6 / CYP inhibition: CYP2C19,d0053
D07705,D10512,P,126,Enzyme: CYP3A4 CYP2D6,d0053
D07705,D10513,P,127,Enzyme: CYP3A4 / CYP inhibition: CYP2C19,d0053
D07705,D10527,P,128,Enzyme: CYP3A4 / CYP inhibition: CYP2C19,d0053
D07705,D10537,P,129,unclassified,d0053
D07705,D10551,P,130,unclassified,d0053
D07705,D10564,P,131,unclassified,d0053
D07705,D10566,P,132,unclassified,d0053
D07705,D10569,P,133,unclassified,d0053
D07705,D10633,P,134,Enzyme: CYP3A4,d0053
D07705,D10643,P,135,Transporter inhibition: ABCB1,d0053
D07705,D10679,P,136,unclassified,d0053
D07705,D10762,P,137,unclassified,d0053
D07705,D10766,P,138,unclassified,d0053
D07705,D10774,P,139,Enzyme: CYP3A4 CYP2D6 / CYP inhibition: CYP2C19,d0053
D07705,D10775,P,140,Enzyme: CYP3A4 CYP2D6 / CYP inhibition: CYP2C19 CYP3A4 / Transporter inhibition: ABCB1,d0053
D07705,D10793,P,141,unclassified,d0053
D07705,D10801,P,142,unclassified,d0053
D07705,D10891,P,143,Enzyme: CYP3A4,d0053
D07705,D10926,P,144,Enzyme: CYP3A4,d0053
D07705,D10927,P,145,Enzyme: CYP3A4 / Transporter inhibition: ABCB1,d0053
D07705,D10990,P,146,unclassified,d0053
D07705,D10999,P,147,Enzyme: CYP3A4,d0053
D07705,D11012,P,148,Transporter induction: ABCB1,d0053
D07705,D11027,P,149,unclassified,d0053
D07705,D11040,P,150,Enzyme: CYP3A4 / CYP induction: CYP3A4 / Transporter induction: ABCB1,d0053
D07705,D11053,P,151,Enzyme: CYP3A4,d0053
D07705,D11073,P,152,Enzyme: CYP3A4,d0053
D07705,D11090,P,153,unclassified,d0053
D07705,D11138,P,154,unclassified,d0053
D07705,D11194,P,155,unclassified,d0053
D07705,D11296,P,156,Enzyme: CYP3A4 / CYP inhibition: CYP2C19,d0053
D07705,D11370,P,157,unclassified,d0053
D07705,D11371,P,158,unclassified,d0053
D07705,D11400,P,159,CYP inhibition: CYP2C19,d0053
D07705,D11404,P,160,Enzyme: CYP3A4,d0053
D07705,D11422,P,161,unclassified,d0053
D07705,D11454,P,162,Enzyme: CYP3A4,d0053
D07705,D11485,P,163,unclassified,d0053
D07705,D11557,P,164,CYP induction: CYP3A4,d0053
D07705,D11641,P,165,unclassified,d0053
D07705,D11662,P,166,unclassified,d0053
D07705,D11674,P,167,CYP inhibition: CYP2D6 CYP3A4,d0053
D07705,D11708,P,168,unclassified,d0053
D07705,D11713,P,169,Enzyme: CYP3A4,d0053
D07705,D11804,P,170,unclassified,d0053
D07705,D11816,P,171,Enzyme: CYP3A4 / Transporter inhibition: ABCB1,d0053
D07705,D11835,P,172,Enzyme: CYP2D6 / CYP inhibition: CYP2C19,d0053
D07705,D11873,P,173,unclassified,d0053
D07705,D11887,P,174,unclassified,d0053
D07705,D11920,P,175,unclassified,d0053
D07705,D11954,P,176,CYP inhibition: CYP2C19,d0053
D07705,D11970,P,177,unclassified,d0053
D07705,D12049,P,178,unclassified,d0053
D07705,D12050,P,179,Enzyme: CYP3A4 / Transporter inhibition: ABCB1,d0053
D07705,D12055,P,180,unclassified,d0053
D07705,D12217,P,181,Enzyme: CYP3A4,d0053
D07705,D12245,P,182,Enzyme: CYP3A4,d0053
D07705,D12252,P,183,CYP induction: CYP3A4,d0053
D07705,D12265,P,184,CYP inhibition: CYP2C19,d0053
D07705,D12285,P,185,Enzyme: CYP3A4,d0053
D07705,D12364,P,186,unclassified,d0053
D07705,D12442,P,187,unclassified,d0053
D07705,D12444,P,188,Enzyme: CYP3A4,d0053
D07705,D12586,P,189,unclassified,d0053
D07705,D12837,P,190,unclassified,d0053
D07705,D12879,P,191,unclassified,d0053
D07913,D00076,P,1,unclassified,d0064
D07913,D00095,P,2,unclassified,d0064
D07913,D00109,P,3,unclassified,d0064
D07913,D00126,P,4,unclassified,d0064
D07913,D00132,P,5,unclassified,d0064
D07913,D00136,P,6,Enzyme: CYP2D6 CYP3A4 / CYP inhibition: CYP2D6,d0064
D07913,D00211,P,7,CYP induction: CYP3A4,d0064
D07913,D00228,P,8,Enzyme: CYP2D6 / Target: SLC6A4 / CYP inhibition: CYP2D6,d0064
D07913,D00252,P,9,Enzyme: CYP3A4 / CYP induction: CYP3A4,d0064
D07913,D00255,P,10,Enzyme: CYP2D6 CYP3A4 / CYP inhibition: CYP2D6,d0064
D07913,D00292,P,11,Enzyme: CYP3A4 / CYP induction: CYP3A4,d0064
D07913,D00293,P,12,Enzyme: CYP2C19 CYP3A4,d0064
D07913,D00295,P,13,CYP inhibition: CYP2D6 CYP3A4,d0064
D07913,D00311,P,14,unclassified,d0064
D07913,D00320,P,15,Enzyme: CYP3A4,d0064
D07913,D00415,P,16,unclassified,d0064
D07913,D00420,P,17,unclassified,d0064
D07913,D00426,P,18,Enzyme: CYP2D6 CYP3A4 / CYP inhibition: CYP2D6,d0064
D07913,D00435,P,19,Enzyme: CYP3A4 CYP2D6 / CYP inhibition: CYP2D6,d0064
D07913,D00451,P,20,unclassified,d0064
D07913,D00506,P,21,unclassified,d0064
D07913,D00512,P,22,unclassified,d0064
D07913,D00550,P,23,Enzyme: CYP3A4,d0064
D07913,D00563,P,24,Enzyme: CYP2D6 CYP3A4 / CYP inhibition: CYP2D6,d0064
D07913,D00601,P,25,Enzyme: CYP2D6 / CYP inhibition: CYP2D6,d0064
D07913,D00603,P,26,Enzyme: CYP2D6 / CYP inhibition: CYP2D6,d0064
D07913,D00605,P,27,unclassified,d0064
D07913,D00619,P,28,Enzyme: CYP3A4 / CYP inhibition: CYP3A4,d0064
D07913,D00636,P,29,Enzyme: CYP3A4,d0064
D07913,D00661,P,30,Enzyme: CYP2D6 CYP3A4 / CYP inhibition: CYP2D6,d0064
D07913,D00674,P,31,Enzyme: CYP2D6 CYP3A4 / CYP inhibition: CYP2D6,d0064
D07913,D00675,P,32,unclassified,d0064
D07913,D00676,P,33,unclassified,d0064
D07913,D00677,P,34,Enzyme: CYP3A4,d0064
D07913,D00678,P,35,Enzyme: CYP2D6 CYP3A4 / CYP inhibition: CYP2D6,d0064
D07913,D00701,P,36,unclassified,d0064
D07913,D00754,P,37,unclassified,d0064
D07913,D00769,P,38,Enzyme: CYP2C19,d0064
D07913,D00785,CI,39,Enzyme: CYP2D6 CYP3A4 / CYP inhibition: CYP2D6,d0064
D07913,D00801,P,40,unclassified,d0064
D07913,D00809,P,41,Enzyme: CYP2D6 CYP3A4 CYP2C19 / Target: SLC6A4 / CYP inhibition: CYP2D6,d0064
D07913,D00811,P,42,Enzyme: CYP2D6 CYP3A4 CYP2C19 / Target: SLC6A4 / CYP inhibition: CYP2D6,d0064
D07913,D00815,P,43,Enzyme: CYP2D6 CYP3A4 CYP2C19 / Target: SLC6A4 / CYP inhibition: CYP2D6,d0064
D07913,D00818,P,44,Enzyme: CYP2D6 / CYP inhibition: CYP2D6,d0064
D07913,D00820,P,45,Enzyme: CYP3A4 CYP2D6 / Target: SLC6A4 / CYP inhibition: CYP2D6,d0064
D07913,D00821,P,46,Enzyme: CYP2D6 / Target: SLC6A4 / CYP inhibition: CYP2D6,d0064
D07913,D00824,P,47,Enzyme: CYP2D6 / Target: SLC6A4 / CYP inhibition: CYP2C19 CYP2D6 CYP3A4,d0064
D07913,D00831,P,48,unclassified,d0064
D07913,D00848,P,49,Enzyme: CYP2D6 / CYP inhibition: CYP2D6,d0064
D07913,D00904,P,50,unclassified,d0064
D07913,D00947,P,51,unclassified,d0064
D07913,D00961,P,52,CYP inhibition: CYP3A4,d0064
D07913,D00966,P,53,Enzyme: CYP2D6 CYP3A4 / CYP inhibition: CYP2D6,d0064
D07913,D00969,P,54,unclassified,d0064
D07913,D01028,P,55,CYP inhibition: CYP2C19 CYP2D6,d0064
D07913,D01164,P,56,Enzyme: CYP3A4 CYP2D6 / CYP inhibition: CYP2D6,d0064
D07913,D01179,P,57,Target: SLC6A4 / CYP inhibition: CYP2D6,d0064
D07913,D01253,P,58,Enzyme: CYP3A4 CYP2C19,d0064
D07913,D01280,P,59,unclassified,d0064
D07913,D01296,P,60,unclassified,d0064
D07913,D01355,P,61,Enzyme: CYP2D6 CYP3A4 / CYP inhibition: CYP2D6,d0064
D07913,D01383,P,62,unclassified,d0064
D07913,D01399,P,63,Enzyme: CYP3A4,d0064
D07913,D01832,P,64,Enzyme: CYP3A4 / CYP inhibition: CYP2C19 / CYP induction: CYP3A4,d0064
D07913,D01898,P,65,Enzyme: CYP2D6 CYP3A4 / CYP inhibition: CYP2D6,d0064
D07913,D01973,P,66,Enzyme: CYP3A4,d0064
D07913,D01992,P,67,unclassified,d0064
D07913,D02102,P,68,Enzyme: CYP3A4 CYP2C19 CYP2D6 / CYP inhibition: CYP2D6 / CYP induction: CYP3A4,d0064
D07913,D02103,P,69,unclassified,d0064
D07913,D02106,P,70,unclassified,d0064
D07913,D02234,P,71,unclassified,d0064
D07913,D02235,P,72,unclassified,d0064
D07913,D02260,P,73,Enzyme: CYP2D6 / Target: SLC6A4 / CYP inhibition: CYP2D6,d0064
D07913,D02372,P,74,unclassified,d0064
D07913,D02484,P,75,unclassified,d0064
D07913,D02562,CI,76,unclassified,d0064
D07913,D02567,P,77,Enzyme: CYP3A4 CYP2C19 CYP2D6 AOX1 / Target: SLC6A4 / CYP inhibition: CYP2D6,d0064
D07913,D02574,P,78,Enzyme: CYP2D6 / CYP inhibition: CYP2D6,d0064
D07913,D02691,P,79,CYP inhibition: CYP2C19,d0064
D07913,D02732,P,80,Enzyme: CYP3A4,d0064
D07913,D02968,P,81,Enzyme: CYP3A4 / CYP inhibition: CYP3A4 / CYP induction: CYP3A4,d0064
D07913,D03106,P,82,unclassified,d0064
D07913,D03658,P,83,Enzyme: CYP3A4,d0064
D07913,D03669,P,84,CYP induction: CYP3A4,d0064
D07913,D03855,P,85,unclassified,d0064
D07913,D03960,P,86,unclassified,d0064
D07913,D04024,P,87,Enzyme: CYP3A4,d0064
D07913,D04052,P,88,Enzyme: CYP3A4,d0064
D07913,D04148,P,89,Enzyme: CYP2D6 CYP2C19 CYP3A4 / Target: SLC6A4 / CYP inhibition: CYP2D6,d0064
D07913,D04340,P,90,Enzyme: CYP2D6 CYP3A4 / CYP inhibition: CYP2D6,d0064
D07913,D04641,P,91,Enzyme: CYP3A4 / CYP inhibition: CYP3A4,d0064
D07913,D04666,P,92,unclassified,d0064
D07913,D04747,P,93,unclassified,d0064
D07913,D04768,P,94,CYP inhibition: CYP2C19,d0064
D07913,D05775,P,95,unclassified,d0064
D07913,D05928,P,96,Enzyme: CYP2C19 CYP3A4 / CYP inhibition: CYP3A4 CYP2D6 CYP2C19,d0064
D07913,D06405,P,97,Enzyme: CYP3A4,d0064
D07913,D06413,P,98,Enzyme: CYP3A4,d0064
D07913,D06414,P,99,Enzyme: CYP3A4,d0064
D07913,D06597,P,100,Enzyme: CYP3A4 / CYP inhibition: CYP3A4 / CYP induction: CYP3A4,d0064
D07913,D07082,P,101,unclassified,d0064
D07913,D07086,P,102,Enzyme: CYP3A4,d0064
D07913,D07505,P,103,unclassified,d0064
D07913,D07583,P,104,unclassified,d0064
D07913,D07595,P,105,CYP induction: CYP3A4,d0064
D07913,D08493,P,106,Enzyme: CYP3A4 CYP2C19 CYP2D6 / CYP inhibition: CYP2D6,d0064
D07913,D08575,P,107,Enzyme: CYP2D6 / CYP inhibition: CYP2D6,d0064
D07913,D08923,P,108,Enzyme: CYP3A4 CYP2D6 / CYP inhibition: CYP2D6,d0064
D07913,D09535,P,109,Enzyme: CYP3A4 / CYP inhibition: CYP2D6,d0064
D07913,D09546,P,110,unclassified,d0064
D07913,D09638,P,111,Enzyme: CYP3A4,d0064
D07913,D09686,P,112,unclassified,d0064
D07913,D09701,P,113,Enzyme: CYP3A4,d0064
D07913,D09731,P,114,Enzyme: CYP3A4,d0064
D07913,D09799,P,115,CYP inhibition: CYP3A4,d0064
D07913,D09815,P,116,unclassified,d0064
D07913,D09894,"CI,P",117,Enzyme: CYP2D6 / CYP inhibition: CYP2D6,d0064
D07913,D09996,P,118,CYP induction: CYP3A4,d0064
D07913,D09999,P,119,Enzyme: CYP3A4 CYP2D6 / CYP inhibition: CYP2D6,d0064
D07913,D10003,P,120,CYP induction: CYP3A4 CYP2D6,d0064
D07913,D10014,P,121,unclassified,d0064
D07913,D10104,P,122,Enzyme: CYP3A4 / CYP induction: CYP3A4,d0064
D07913,D10127,P,123,unclassified,d0064
D07913,D10161,P,124,unclassified,d0064
D07913,D10185,P,125,Enzyme: CYP2C19 CYP2D6 / Target: SLC6A4 / CYP inhibition: CYP2D6,d0064
D07913,D10191,CI,126,unclassified,d0064
D07913,D10218,P,127,unclassified,d0064
D07913,D10298,P,128,unclassified,d0064
D07913,D10309,P,129,Enzyme: CYP3A4 CYP2D6 / CYP inhibition: CYP2D6,d0064
D07913,D10372,P,130,unclassified,d0064
D07913,D10424,P,131,unclassified,d0064
D07913,D10466,P,132,Enzyme: CYP3A4 CYP2C19 CYP2D6 / CYP inhibition: CYP2D6,d0064
D07913,D10512,P,133,Enzyme: CYP3A4 CYP2D6 / CYP inhibition: CYP2D6,d0064
D07913,D10513,P,134,Enzyme: CYP3A4 CYP2C19,d0064
D07913,D10516,P,135,Enzyme: CYP3A4 CYP2D6 / CYP inhibition: CYP2D6,d0064
D07913,D10527,P,136,Enzyme: CYP3A4 CYP2C19,d0064
D07913,D10537,P,137,CYP inhibition: CYP2C19,d0064
D07913,D10551,P,138,unclassified,d0064
D07913,D10564,P,139,unclassified,d0064
D07913,D10566,P,140,unclassified,d0064
D07913,D10569,P,141,unclassified,d0064
D07913,D10633,P,142,Enzyme: CYP3A4,d0064
D07913,D10643,P,143,unclassified,d0064
D07913,D10762,P,144,unclassified,d0064
D07913,D10774,P,145,Enzyme: CYP3A4 CYP2C19 CYP2D6 / CYP inhibition: CYP2D6,d0064
D07913,D10775,P,146,Enzyme: CYP3A4 CYP2C19 CYP2D6 / CYP inhibition: CYP2D6 CYP3A4,d0064
D07913,D10793,P,147,unclassified,d0064
D07913,D10801,P,148,CYP induction: CYP2C19,d0064
D07913,D10926,P,149,Enzyme: CYP3A4,d0064
D07913,D10990,P,150,unclassified,d0064
D07913,D10999,P,151,Enzyme: CYP3A4,d0064
D07913,D11012,P,152,unclassified,d0064
D07913,D11027,P,153,unclassified,d0064
D07913,D11040,P,154,Enzyme: CYP3A4 / CYP induction: CYP3A4 CYP2C19,d0064
D07913,D11053,P,155,Enzyme: CYP3A4,d0064
D07913,D11062,P,156,Enzyme: CYP3A4 CYP2D6 / CYP inhibition: CYP2D6,d0064
D07913,D11090,P,157,unclassified,d0064
D07913,D11138,P,158,unclassified,d0064
D07913,D11194,P,159,unclassified,d0064
D07913,D11296,P,160,Enzyme: CYP3A4 CYP2C19,d0064
D07913,D11370,P,161,unclassified,d0064
D07913,D11371,P,162,unclassified,d0064
D07913,D11422,P,163,unclassified,d0064
D07913,D11454,P,164,Enzyme: CYP3A4,d0064
D07913,D11485,P,165,unclassified,d0064
D07913,D11557,P,166,CYP inhibition: CYP2C19 / CYP induction: CYP3A4,d0064
D07913,D11674,P,167,CYP inhibition: CYP2D6 CYP3A4,d0064
D07913,D11708,P,168,unclassified,d0064
D07913,D11713,P,169,Enzyme: CYP3A4,d0064
D07913,D11804,P,170,unclassified,d0064
D07913,D11816,P,171,Enzyme: CYP3A4,d0064
D07913,D11835,P,172,Enzyme: CYP2C19 CYP2D6 / CYP inhibition: CYP2D6,d0064
D07913,D11873,P,173,unclassified,d0064
D07913,D11887,P,174,unclassified,d0064
D07913,D11920,P,175,unclassified,d0064
D07913,D11954,P,176,Enzyme: CYP2C19,d0064
D07913,D11970,P,177,unclassified,d0064
D07913,D12049,P,178,CYP inhibition: CYP2C19,d0064
D07913,D12050,P,179,Enzyme: CYP3A4 / CYP inhibition: CYP2C19,d0064
D07913,D12055,P,180,unclassified,d0064
D07913,D12217,P,181,Enzyme: CYP3A4,d0064
D07913,D12245,P,182,Enzyme: CYP3A4,d0064
D07913,D12252,P,183,CYP induction: CYP3A4,d0064
D07913,D12364,P,184,unclassified,d0064
D07913,D12442,P,185,unclassified,d0064
D07913,D12444,P,186,Enzyme: CYP3A4,d0064
D07913,D12586,P,187,unclassified,d0064
D07913,D12837,P,188,CYP induction: CYP2C19,d0064
D07984,D00076,P,1,unclassified,d0061
D07984,D00095,P,2,unclassified,d0061
D07984,D00109,P,3,unclassified,d0061
D07984,D00126,P,4,unclassified,d0061
D07984,D00132,P,5,unclassified,d0061
D07984,D00136,P,6,Enzyme: CYP2D6 / CYP inhibition: CYP2D6 CYP3A4,d0061
D07984,D00184,P,7,CYP inhibition: CYP3A4,d0061
D07984,D00228,P,8,Enzyme: CYP2D6 / Target: SLC6A4 / CYP inhibition: CYP2D6,d0061
D07984,D00246,P,9,CYP inhibition: CYP3A4,d0061
D07984,D00252,P,10,CYP inhibition: CYP3A4,d0061
D07984,D00255,P,11,Enzyme: CYP2D6 / CYP inhibition: CYP1A2 CYP2D6 CYP3A4,d0061
D07984,D00283,P,12,CYP inhibition: CYP1A2 CYP3A4,d0061
D07984,D00293,P,13,CYP inhibition: CYP2C19 CYP3A4,d0061
D07984,D00295,P,14,CYP inhibition: CYP2D6,d0061
D07984,D00311,P,15,unclassified,d0061
D07984,D00320,P,16,CYP inhibition: CYP3A4,d0061
D07984,D00330,P,17,unclassified,d0061
D07984,D00348,P,18,unclassified,d0061
D07984,D00415,P,19,CYP inhibition: CYP1A2,d0061
D07984,D00426,P,20,Enzyme: CYP2D6 / CYP inhibition: CYP2D6 CYP3A4,d0061
D07984,D00435,P,21,Enzyme: CYP2D6 / CYP inhibition: CYP2D6 CYP3A4,d0061
D07984,D00451,P,22,unclassified,d0061
D07984,D00454,P,23,CYP inhibition: CYP1A2,d0061
D07984,D00458,P,24,CYP inhibition: CYP3A4,d0061
D07984,D00472,P,25,unclassified,d0061
D07984,D00512,P,26,unclassified,d0061
D07984,D00550,P,27,CYP inhibition: CYP3A4,d0061
D07984,D00563,P,28,Enzyme: CYP2D6 / CYP inhibition: CYP1A2 CYP2D6 CYP3A4,d0061
D07984,D00570,"CI,P",29,CYP inhibition: CYP3A4,d0061
D07984,D00601,P,30,Enzyme: CYP2D6 / CYP inhibition: CYP2D6,d0061
D07984,D00603,P,31,Enzyme: CYP2D6 / CYP inhibition: CYP2D6,d0061
D07984,D00605,P,32,unclassified,d0061
D07984,D00606,P,33,CYP inhibition: CYP3A4,d0061
D07984,D00615,P,34,CYP inhibition: CYP3A4,d0061
D07984,D00619,P,35,CYP inhibition: CYP3A4,d0061
D07984,D00661,P,36,Enzyme: CYP2D6 / CYP inhibition: CYP2D6 CYP3A4,d0061
D07984,D00670,P,37,CYP inhibition: CYP3A4,d0061
D07984,D00674,P,38,Enzyme: CYP2D6 / CYP inhibition: CYP1A2 CYP2D6 CYP3A4,d0061
D07984,D00675,P,39,unclassified,d0061
D07984,D00676,P,40,unclassified,d0061
D07984,D00677,P,41,CYP inhibition: CYP3A4,d0061
D07984,D00678,P,42,Enzyme: CYP2D6 / CYP inhibition: CYP1A2 CYP2D6 CYP3A4,d0061
D07984,D00687,P,43,CYP inhibition: CYP3A4,d0061
D07984,D00722,P,44,CYP inhibition: CYP3A4,d0061
D07984,D00754,P,45,unclassified,d0061
D07984,D00769,P,46,CYP inhibition: CYP1A2 CYP2C19,d0061
D07984,D00775,P,47,CYP inhibition: CYP1A2,d0061
D07984,D00776,CI,48,CYP inhibition: CYP1A2,d0061
D07984,D00784,P,49,CYP inhibition: CYP1A2,d0061
D07984,D00785,CI,50,Enzyme: CYP2D6 / CYP inhibition: CYP2D6 CYP3A4,d0061
D07984,D00801,P,51,unclassified,d0061
D07984,D00809,P,52,Enzyme: CYP2D6 / Target: SLC6A4 / CYP inhibition: CYP2C19 CYP2D6 CYP3A4,d0061
D07984,D00811,P,53,Enzyme: CYP2D6 / Target: SLC6A4 / CYP inhibition: CYP2C19 CYP2D6 CYP3A4,d0061
D07984,D00815,P,54,Enzyme: CYP2D6 / Target: SLC6A4 / CYP inhibition: CYP2C19 CYP2D6 CYP3A4,d0061
D07984,D00818,P,55,Enzyme: CYP2D6 / CYP inhibition: CYP2D6,d0061
D07984,D00820,P,56,Enzyme: CYP2D6 / Target: SLC6A4 / CYP inhibition: CYP2D6 CYP3A4,d0061
D07984,D00821,P,57,Enzyme: CYP2D6 / Target: SLC6A4 / CYP inhibition: CYP2D6,d0061
D07984,D00824,P,58,Enzyme: CYP2D6 / Target: SLC6A4 / CYP inhibition: CYP2D6,d0061
D07984,D00831,P,59,unclassified,d0061
D07984,D00836,P,60,CYP inhibition: CYP3A4,d0061
D07984,D00848,P,61,Enzyme: CYP2D6 / CYP inhibition: CYP2D6,d0061
D07984,D00904,P,62,unclassified,d0061
D07984,D00947,P,63,unclassified,d0061
D07984,D00964,P,64,CYP inhibition: CYP3A4,d0061
D07984,D00966,P,65,Enzyme: CYP2D6 / CYP inhibition: CYP2D6 CYP3A4,d0061
D07984,D00969,P,66,unclassified,d0061
D07984,D01028,P,67,CYP inhibition: CYP2D6,d0061
D07984,D01061,P,68,unclassified,d0061
D07984,D01115,P,69,CYP inhibition: CYP3A4,d0061
D07984,D01164,P,70,Enzyme: CYP2D6 / CYP inhibition: CYP2D6 CYP3A4,d0061
D07984,D01176,"CI,P",71,CYP inhibition: CYP3A4,d0061
D07984,D01179,P,72,Target: SLC6A4 / CYP inhibition: CYP2D6 CYP1A2,d0061
D07984,D01213,P,73,CYP inhibition: CYP3A4,d0061
D07984,D01239,P,74,unclassified,d0061
D07984,D01253,P,75,CYP inhibition: CYP2C19 CYP3A4,d0061
D07984,D01280,P,76,unclassified,d0061
D07984,D01287,P,77,CYP inhibition: CYP1A2 CYP3A4,d0061
D07984,D01296,P,78,unclassified,d0061
D07984,D01355,P,79,Enzyme: CYP2D6 / CYP inhibition: CYP2D6 CYP3A4,d0061
D07984,D01372,P,80,CYP inhibition: CYP3A4,d0061
D07984,D01383,P,81,unclassified,d0061
D07984,D01399,P,82,CYP inhibition: CYP3A4,d0061
D07984,D01418,P,83,CYP inhibition: CYP3A4,d0061
D07984,D01475,P,84,unclassified,d0061
D07984,D01703,P,85,CYP inhibition: CYP3A4,d0061
D07984,D01708,P,86,CYP inhibition: CYP3A4,d0061
D07984,D01744,P,87,CYP inhibition: CYP3A4,d0061
D07984,D01745,P,88,CYP inhibition: CYP3A4,d0061
D07984,D01896,P,89,CYP inhibition: CYP2C19 CYP3A4,d0061
D07984,D01898,P,90,Enzyme: CYP2D6 / CYP inhibition: CYP2D6 CYP3A4,d0061
D07984,D01973,P,91,CYP inhibition: CYP3A4,d0061
D07984,D01977,P,92,unclassified,d0061
D07984,D01992,P,93,unclassified,d0061
D07984,D02008,"CI,P",94,CYP inhibition: CYP3A4,d0061
D07984,D02016,P,95,Enzyme: CYP2D6 / CYP inhibition: CYP1A2 CYP2D6,d0061
D07984,D02102,P,96,Enzyme: CYP2D6 / CYP inhibition: CYP2C19 CYP2D6 CYP3A4,d0061
D07984,D02103,P,97,unclassified,d0061
D07984,D02106,P,98,unclassified,d0061
D07984,D02173,P,99,Enzyme: CYP2D6 / CYP inhibition: CYP2D6 CYP3A4,d0061
D07984,D02229,P,100,CYP inhibition: CYP3A4,d0061
D07984,D02234,P,101,unclassified,d0061
D07984,D02235,P,102,unclassified,d0061
D07984,D02260,P,103,Enzyme: CYP2D6 / Target: SLC6A4 / CYP inhibition: CYP2D6,d0061
D07984,D02372,P,104,unclassified,d0061
D07984,D02484,P,105,unclassified,d0061
D07984,D02562,"CI,P",106,CYP inhibition: CYP1A2,d0061
D07984,D02567,P,107,Enzyme: CYP2D6 / Target: SLC6A4 / CYP inhibition: CYP2D6 CYP2C19 CYP3A4,d0061
D07984,D02574,P,108,Enzyme: CYP2D6 / CYP inhibition: CYP2D6,d0061
D07984,D02624,P,109,CYP inhibition: CYP3A4,d0061
D07984,D02689,P,110,CYP inhibition: CYP1A2,d0061
D07984,D02732,P,111,CYP inhibition: CYP3A4,d0061
D07984,D02968,P,112,CYP inhibition: CYP3A4,d0061
D07984,D02995,P,113,CYP inhibition: CYP2D6 CYP1A2,d0061
D07984,D03150,P,114,unclassified,d0061
D07984,D03218,P,115,CYP inhibition: CYP3A4,d0061
D07984,D03260,"CI,P",116,CYP inhibition: CYP3A4,d0061
D07984,D03658,P,117,CYP inhibition: CYP3A4,d0061
D07984,D03799,P,118,CYP inhibition: CYP3A4,d0061
D07984,D03820,P,119,CYP inhibition: CYP3A4,d0061
D07984,D03855,P,120,unclassified,d0061
D07984,D03960,P,121,unclassified,d0061
D07984,D04023,P,122,CYP inhibition: CYP1A2 CYP3A4,d0061
D07984,D04024,P,123,CYP inhibition: CYP3A4,d0061
D07984,D04048,P,124,CYP inhibition: CYP1A2 CYP3A4,d0061
D07984,D04052,P,125,CYP inhibition: CYP1A2 CYP3A4,d0061
D07984,D04148,P,126,Enzyme: CYP2D6 / Target: SLC6A4 / CYP inhibition: CYP1A2 CYP2C19 CYP2D6 CYP3A4,d0061
D07984,D04340,P,127,Enzyme: CYP2D6 / CYP inhibition: CYP2D6 CYP3A4,d0061
D07984,D04641,P,128,CYP inhibition: CYP3A4,d0061
D07984,D04747,P,129,unclassified,d0061
D07984,D04768,"CI,P",130,unclassified,d0061
D07984,D04820,"CI,P",131,CYP inhibition: CYP3A4,d0061
D07984,D05380,P,132,unclassified,d0061
D07984,D05462,P,133,CYP inhibition: CYP3A4,d0061
D07984,D05928,P,134,CYP inhibition: CYP2D6 CYP1A2 CYP2C19 CYP3A4,d0061
D07984,D06068,P,135,CYP inhibition: CYP3A4,d0061
D07984,D06199,P,136,CYP inhibition: CYP3A4,d0061
D07984,D06273,P,137,CYP inhibition: CYP3A4,d0061
D07984,D06315,P,138,CYP inhibition: CYP3A4,d0061
D07984,D06402,P,139,CYP inhibition: CYP3A4,d0061
D07984,D06405,P,140,CYP inhibition: CYP3A4,d0061
D07984,D06413,P,141,CYP inhibition: CYP3A4,d0061
D07984,D06414,P,142,CYP inhibition: CYP3A4,d0061
D07984,D06597,P,143,CYP inhibition: CYP3A4,d0061
D07984,D06637,P,144,unclassified,d0061
D07984,D07082,P,145,unclassified,d0061
D07984,D07086,P,146,CYP inhibition: CYP3A4,d0061
D07984,D07505,P,147,unclassified,d0061
D07984,D07569,P,148,CYP inhibition: CYP3A4,d0061
D07984,D07583,P,149,unclassified,d0061
D07984,D07595,P,150,unclassified,d0061
D07984,D07869,P,151,CYP inhibition: CYP3A4,d0061
D07984,D08095,P,152,CYP inhibition: CYP3A4,d0061
D07984,D08170,P,153,CYP inhibition: CYP1A2,d0061
D07984,D08488,P,154,CYP inhibition: CYP3A4,d0061
D07984,D08493,P,155,Enzyme: CYP2D6 / CYP inhibition: CYP2C19 CYP2D6 CYP3A4,d0061
D07984,D08497,P,156,CYP inhibition: CYP3A4,d0061
D07984,D08575,P,157,Enzyme: CYP2D6 / CYP inhibition: CYP1A2 CYP2D6,d0061
D07984,D08699,P,158,CYP inhibition: CYP3A4,d0061
D07984,D08856,P,159,CYP inhibition: CYP3A4,d0061
D07984,D08923,P,160,Enzyme: CYP2D6 / CYP inhibition: CYP2D6 CYP3A4,d0061
D07984,D08964,P,161,unclassified,d0061
D07984,D08976,P,162,CYP inhibition: CYP1A2 CYP3A4,d0061
D07984,D09017,"CI,P",163,unclassified,d0061
D07984,D09033,"CI,P",164,CYP inhibition: CYP3A4,d0061
D07984,D09319,P,165,CYP inhibition: CYP3A4,d0061
D07984,D09348,P,166,CYP inhibition: CYP3A4,d0061
D07984,D09365,"CI,P",167,CYP inhibition: CYP2C19 CYP3A4,d0061
D07984,D09535,P,168,CYP inhibition: CYP3A4 CYP2D6,d0061
D07984,D09546,P,169,unclassified,d0061
D07984,D09572,P,170,unclassified,d0061
D07984,D09587,P,171,unclassified,d0061
D07984,D09595,P,172,CYP inhibition: CYP3A4,d0061
D07984,D09638,"CI,P",173,CYP inhibition: CYP3A4,d0061
D07984,D09686,P,174,unclassified,d0061
D07984,D09701,P,175,CYP inhibition: CYP3A4,d0061
D07984,D09728,P,176,CYP inhibition: CYP3A4,d0061
D07984,D09730,P,177,unclassified,d0061
D07984,D09731,P,178,CYP inhibition: CYP3A4,d0061
D07984,D09743,P,179,CYP inhibition: CYP3A4,d0061
D07984,D09745,P,180,CYP inhibition: CYP3A4,d0061
D07984,D09753,P,181,CYP inhibition: CYP3A4,d0061
D07984,D09783,P,182,CYP inhibition: CYP3A4,d0061
D07984,D09815,P,183,unclassified,d0061
D07984,D09894,"CI,P",184,Enzyme: CYP2D6 / CYP inhibition: CYP2D6,d0061
D07984,D09951,P,185,unclassified,d0061
D07984,D09956,P,186,unclassified,d0061
D07984,D09960,P,187,CYP inhibition: CYP3A4,d0061
D07984,D09996,P,188,unclassified,d0061
D07984,D09999,P,189,Enzyme: CYP2D6 / CYP inhibition: CYP2D6 CYP3A4,d0061
D07984,D10003,P,190,CYP induction: CYP2D6,d0061
D07984,D10014,P,191,unclassified,d0061
D07984,D10024,P,192,CYP inhibition: CYP1A2 CYP3A4,d0061
D07984,D10082,P,193,unclassified,d0061
D07984,D10095,P,194,unclassified,d0061
D07984,D10104,P,195,CYP inhibition: CYP3A4,d0061
D07984,D10135,P,196,CYP inhibition: CYP3A4,d0061
D07984,D10137,P,197,CYP inhibition: CYP3A4,d0061
D07984,D10185,P,198,Enzyme: CYP2D6 / Target: SLC6A4 / CYP inhibition: CYP2C19 CYP2D6,d0061
D07984,D10191,CI,199,unclassified,d0061
D07984,D10223,P,200,unclassified,d0061
D07984,D10243,P,201,CYP inhibition: CYP3A4,d0061
D07984,D10298,P,202,unclassified,d0061
D07984,D10307,P,203,CYP inhibition: CYP3A4,d0061
D07984,D10309,P,204,Enzyme: CYP2D6 / CYP inhibition: CYP2D6 CYP3A4,d0061
D07984,D10372,P,205,unclassified,d0061
D07984,D10424,P,206,unclassified,d0061
D07984,D10450,P,207,CYP inhibition: CYP3A4,d0061
D07984,D10452,P,208,unclassified,d0061
D07984,D10466,P,209,Enzyme: CYP2D6 / CYP inhibition: CYP2C19 CYP2D6 CYP3A4,d0061
D07984,D10478,P,210,CYP inhibition: CYP3A4,d0061
D07984,D10501,P,211,CYP inhibition: CYP3A4,d0061
D07984,D10505,P,212,CYP inhibition: CYP3A4,d0061
D07984,D10506,P,213,CYP inhibition: CYP3A4,d0061
D07984,D10512,P,214,Enzyme: CYP2D6 / CYP inhibition: CYP2D6 CYP3A4,d0061
D07984,D10513,P,215,CYP inhibition: CYP2C19 CYP3A4,d0061
D07984,D10516,P,216,Enzyme: CYP2D6 / CYP inhibition: CYP2D6 CYP3A4,d0061
D07984,D10524,P,217,CYP inhibition: CYP3A4,d0061
D07984,D10527,P,218,CYP inhibition: CYP2C19 CYP3A4,d0061
D07984,D10533,P,219,Enzyme: CYP2D6 / CYP inhibition: CYP2D6 CYP3A4,d0061
D07984,D10537,P,220,unclassified,d0061
D07984,D10551,P,221,unclassified,d0061
D07984,D10564,P,222,unclassified,d0061
D07984,D10569,P,223,unclassified,d0061
D07984,D10633,P,224,CYP inhibition: CYP3A4,d0061
D07984,D10643,P,225,unclassified,d0061
D07984,D10663,P,226,CYP inhibition: CYP3A4,d0061
D07984,D10679,"CI,P",227,unclassified,d0061
D07984,D10688,P,228,unclassified,d0061
D07984,D10746,P,229,unclassified,d0061
D07984,D10761,P,230,unclassified,d0061
D07984,D10774,P,231,Enzyme: CYP2D6 / CYP inhibition: CYP2C19 CYP2D6 CYP3A4,d0061
D07984,D10775,P,232,Enzyme: CYP2D6 / CYP inhibition: CYP2C19 CYP2D6 CYP3A4,d0061
D07984,D10780,P,233,unclassified,d0061
D07984,D10793,P,234,unclassified,d0061
D07984,D10800,P,235,CYP inhibition: CYP3A4,d0061
D07984,D10805,P,236,CYP inhibition: CYP3A4,d0061
D07984,D10866,P,237,CYP inhibition: CYP3A4,d0061
D07984,D10891,P,238,CYP inhibition: CYP3A4,d0061
D07984,D10892,P,239,unclassified,d0061
D07984,D10893,P,240,unclassified,d0061
D07984,D10926,P,241,CYP inhibition: CYP3A4,d0061
D07984,D10927,P,242,CYP inhibition: CYP3A4,d0061
D07984,D10931,P,243,CYP inhibition: CYP3A4,d0061
D07984,D10993,P,244,unclassified,d0061
D07984,D10999,P,245,CYP inhibition: CYP3A4,d0061
D07984,D11012,P,246,unclassified,d0061
D07984,D11022,P,247,CYP inhibition: CYP3A4,d0061
D07984,D11027,P,248,unclassified,d0061
D07984,D11035,P,249,unclassified,d0061
D07984,D11040,P,250,CYP inhibition: CYP3A4,d0061
D07984,D11048,P,251,CYP inhibition: CYP3A4,d0061
D07984,D11053,P,252,CYP inhibition: CYP3A4,d0061
D07984,D11070,P,253,unclassified,d0061
D07984,D11072,P,254,unclassified,d0061
D07984,D11090,P,255,unclassified,d0061
D07984,D11093,P,256,CYP inhibition: CYP3A4,d0061
D07984,D11138,P,257,unclassified,d0061
D07984,D11159,P,258,CYP inhibition: CYP3A4,d0061
D07984,D11296,P,259,CYP inhibition: CYP2C19 CYP3A4,d0061
D07984,D11370,P,260,unclassified,d0061
D07984,D11371,P,261,unclassified,d0061
D07984,D11400,P,262,CYP inhibition: CYP2C19,d0061
D07984,D11417,P,263,CYP inhibition: CYP3A4,d0061
D07984,D11422,P,264,unclassified,d0061
D07984,D11454,P,265,CYP inhibition: CYP3A4,d0061
D07984,D11485,P,266,unclassified,d0061
D07984,D11525,P,267,unclassified,d0061
D07984,D11584,P,268,unclassified,d0061
D07984,D11659,P,269,unclassified,d0061
D07984,D11662,P,270,unclassified,d0061
D07984,D11674,P,271,CYP inhibition: CYP2D6,d0061
D07984,D11708,P,272,unclassified,d0061
D07984,D11713,P,273,CYP inhibition: CYP3A4,d0061
D07984,D11725,P,274,unclassified,d0061
D07984,D11793,P,275,CYP inhibition: CYP3A4,d0061
D07984,D11804,P,276,unclassified,d0061
D07984,D11814,P,277,unclassified,d0061
D07984,D11835,P,278,Enzyme: CYP2D6 / CYP inhibition: CYP1A2 CYP2C19 CYP2D6,d0061
D07984,D11861,P,279,unclassified,d0061
D07984,D11862,P,280,unclassified,d0061
D07984,D11873,P,281,unclassified,d0061
D07984,D11887,P,282,unclassified,d0061
D07984,D11954,P,283,CYP inhibition: CYP2C19,d0061
D07984,D12217,P,284,CYP inhibition: CYP3A4,d0061
D07984,D12245,P,285,CYP inhibition: CYP3A4,d0061
D07984,D12265,P,286,CYP inhibition: CYP2C19,d0061
D07984,D12285,P,287,CYP inhibition: CYP3A4,d0061
D07984,D12311,P,288,unclassified,d0061
D07984,D12364,P,289,unclassified,d0061
D07984,D12396,P,290,CYP inhibition: CYP3A4,d0061
D07984,D12442,P,291,unclassified,d0061
D07984,D12444,P,292,CYP inhibition: CYP3A4,d0061
D07984,D12586,P,293,unclassified,d0061
D07984,D12611,P,294,CYP inhibition: CYP3A4,d0061
D07984,D12704,P,295,unclassified,d0061
D07984,D12963,"CI,P",296,CYP inhibition: CYP2C19,d0061
D07984,D12975,P,297,unclassified,d0061
D07984,D13026,P,298,CYP inhibition: CYP3A4,d0061
D08085,D00076,P,1,unclassified,d0113
D08085,D00095,P,2,unclassified,d0113
D08085,D00216,P,3,unclassified,d0113
D08085,D00225,P,4,unclassified,d0113
D08085,D00228,CI,5,unclassified,d0113
D08085,D00252,P,6,unclassified,d0113
D08085,D00265,P,7,unclassified,d0113
D08085,D00267,P,8,unclassified,d0113
D08085,D00280,P,9,unclassified,d0113
D08085,D00283,P,10,unclassified,d0113
D08085,D00293,P,11,unclassified,d0113
D08085,D00295,P,12,unclassified,d0113
D08085,D00308,P,13,unclassified,d0113
D08085,D00311,P,14,unclassified,d0113
D08085,D00320,P,15,unclassified,d0113
D08085,D00336,P,16,unclassified,d0113
D08085,D00365,P,17,unclassified,d0113
D08085,D00367,CI,18,unclassified,d0113
D08085,D00387,P,19,unclassified,d0113
D08085,D00388,P,20,unclassified,d0113
D08085,D00402,P,21,unclassified,d0113
D08085,D00415,CI,22,Enzyme-Target: MAOA,d0113
D08085,D00451,CI,23,Enzyme-Target: MAOA,d0113
D08085,D00457,P,24,unclassified,d0113
D08085,D00474,P,25,unclassified,d0113
D08085,D00481,P,26,unclassified,d0113
D08085,D00506,P,27,unclassified,d0113
D08085,D00511,P,28,unclassified,d0113
D08085,D00520,CI,29,unclassified,d0113
D08085,D00531,P,30,unclassified,d0113
D08085,D00550,P,31,unclassified,d0113
D08085,D00563,CI,32,unclassified,d0113
D08085,D00593,P,33,unclassified,d0113
D08085,D00594,P,34,unclassified,d0113
D08085,D00605,P,35,unclassified,d0113
D08085,D00625,P,36,unclassified,d0113
D08085,D00633,P,37,Enzyme-Target: MAOB,d0113
D08085,D00665,P,38,unclassified,d0113
D08085,D00666,P,39,unclassified,d0113
D08085,D00668,P,40,unclassified,d0113
D08085,D00669,P,41,unclassified,d0113
D08085,D00672,P,42,unclassified,d0113
D08085,D00675,CI,43,unclassified,d0113
D08085,D00676,CI,44,Enzyme-Target: MAOA,d0113
D08085,D00677,P,45,unclassified,d0113
D08085,D00678,P,46,unclassified,d0113
D08085,D00694,P,47,unclassified,d0113
D08085,D00701,P,48,unclassified,d0113
D08085,D00713,P,49,unclassified,d0113
D08085,D00714,P,50,unclassified,d0113
D08085,D00720,P,51,unclassified,d0113
D08085,D00722,P,52,unclassified,d0113
D08085,D00744,P,53,unclassified,d0113
D08085,D00754,P,54,unclassified,d0113
D08085,D00765,P,55,unclassified,d0113
D08085,D00770,P,56,unclassified,d0113
D08085,D00785,CI,57,Target: MAOB,d0113
D08085,D00787,P,58,unclassified,d0113
D08085,D00809,CI,59,unclassified,d0113
D08085,D00811,CI,60,unclassified,d0113
D08085,D00815,CI,61,unclassified,d0113
D08085,D00816,CI,62,unclassified,d0113
D08085,D00818,CI,63,unclassified,d0113
D08085,D00820,P,64,unclassified,d0113
D08085,D00821,CI,65,unclassified,d0113
D08085,D00824,CI,66,unclassified,d0113
D08085,D00825,CI,67,unclassified,d0113
D08085,D00836,P,68,unclassified,d0113
D08085,D00839,P,69,unclassified,d0113
D08085,D00842,P,70,unclassified,d0113
D08085,D00944,P,71,unclassified,d0113
D08085,D00945,P,72,unclassified,d0113
D08085,D00947,P,73,unclassified,d0113
D08085,D01007,P,74,unclassified,d0113
D08085,D01008,CI,75,unclassified,d0113
D08085,D01021,CI,76,unclassified,d0113
D08085,D01022,P,77,unclassified,d0113
D08085,D01096,P,78,unclassified,d0113
D08085,D01107,CI,79,unclassified,d0113
D08085,D01111,P,80,unclassified,d0113
D08085,D01165,P,81,unclassified,d0113
D08085,D01179,CI,82,unclassified,d0113
D08085,D01226,P,83,unclassified,d0113
D08085,D01230,P,84,unclassified,d0113
D08085,D01245,P,85,unclassified,d0113
D08085,D01253,P,86,unclassified,d0113
D08085,D01268,P,87,unclassified,d0113
D08085,D01269,P,88,unclassified,d0113
D08085,D01277,P,89,unclassified,d0113
D08085,D01278,P,90,unclassified,d0113
D08085,D01280,P,91,unclassified,d0113
D08085,D01292,P,92,unclassified,d0113
D08085,D01293,P,93,unclassified,d0113
D08085,D01296,CI,94,unclassified,d0113
D08085,D01302,P,95,unclassified,d0113
D08085,D01324,P,96,unclassified,d0113
D08085,D01328,P,97,unclassified,d0113
D08085,D01347,CI,98,unclassified,d0113
D08085,D01355,CI,99,unclassified,d0113
D08085,D01358,CI,100,unclassified,d0113
D08085,D01383,CI,101,unclassified,d0113
D08085,D01386,P,102,unclassified,d0113
D08085,D01389,P,103,unclassified,d0113
D08085,D01399,P,104,unclassified,d0113
D08085,D01408,P,105,unclassified,d0113
D08085,D01451,P,106,unclassified,d0113
D08085,D01453,P,107,unclassified,d0113
D08085,D01481,P,108,unclassified,d0113
D08085,D01514,P,109,unclassified,d0113
D08085,D01564,P,110,unclassified,d0113
D08085,D01599,P,111,unclassified,d0113
D08085,D01657,P,112,unclassified,d0113
D08085,D01665,P,113,unclassified,d0113
D08085,D01744,P,114,unclassified,d0113
D08085,D01832,P,115,unclassified,d0113
D08085,D01854,P,116,unclassified,d0113
D08085,D01872,P,117,unclassified,d0113
D08085,D01875,P,118,unclassified,d0113
D08085,D01898,P,119,unclassified,d0113
D08085,D01903,P,120,unclassified,d0113
D08085,D02016,P,121,unclassified,d0113
D08085,D02034,CI,122,unclassified,d0113
D08085,D02064,P,123,unclassified,d0113
D08085,D02069,P,124,unclassified,d0113
D08085,D02076,P,125,unclassified,d0113
D08085,D02101,P,126,unclassified,d0113
D08085,D02102,P,127,unclassified,d0113
D08085,D02106,P,128,unclassified,d0113
D08085,D02109,P,129,unclassified,d0113
D08085,D02234,P,130,unclassified,d0113
D08085,D02242,CI,131,unclassified,d0113
D08085,D02246,P,132,unclassified,d0113
D08085,D02247,P,133,unclassified,d0113
D08085,D02260,CI,134,unclassified,d0113
D08085,D02271,P,135,unclassified,d0113
D08085,D02408,CI,136,unclassified,d0113
D08085,D02409,P,137,unclassified,d0113
D08085,D02484,P,138,unclassified,d0113
D08085,D02535,P,139,unclassified,d0113
D08085,D02562,CI,140,Target: MAOB,d0113
D08085,D02567,CI,141,unclassified,d0113
D08085,D02574,CI,142,unclassified,d0113
D08085,D03230,P,143,unclassified,d0113
D08085,D03250,P,144,unclassified,d0113
D08085,D03855,CI,145,unclassified,d0113
D08085,D04044,P,146,unclassified,d0113
D08085,D04052,P,147,unclassified,d0113
D08085,D04062,P,148,unclassified,d0113
D08085,D04081,P,149,unclassified,d0113
D08085,D04148,CI,150,unclassified,d0113
D08085,D04251,CI,151,unclassified,d0113
D08085,D04259,P,152,unclassified,d0113
D08085,D04261,P,153,unclassified,d0113
D08085,D04313,P,154,unclassified,d0113
D08085,D04342,P,155,unclassified,d0113
D08085,D04364,P,156,unclassified,d0113
D08085,D04447,P,157,unclassified,d0113
D08085,D04475,P,158,unclassified,d0113
D08085,D04477,P,159,unclassified,d0113
D08085,D04539,P,160,unclassified,d0113
D08085,D04540,P,161,unclassified,d0113
D08085,D04547,P,162,unclassified,d0113
D08085,D04747,CI,163,unclassified,d0113
D08085,D04813,P,164,unclassified,d0113
D08085,D05462,P,165,unclassified,d0113
D08085,D05928,P,166,unclassified,d0113
D08085,D06273,P,167,unclassified,d0113
D08085,D06405,P,168,unclassified,d0113
D08085,D06553,P,169,unclassified,d0113
D08085,D06645,P,170,unclassified,d0113
D08085,D06698,P,171,unclassified,d0113
D08085,D06921,P,172,unclassified,d0113
D08085,D06927,P,173,unclassified,d0113
D08085,D06928,P,174,unclassified,d0113
D08085,D06951,P,175,unclassified,d0113
D08085,D06953,P,176,unclassified,d0113
D08085,D06955,P,177,unclassified,d0113
D08085,D06956,P,178,unclassified,d0113
D08085,D06987,P,179,unclassified,d0113
D08085,D06994,P,180,unclassified,d0113
D08085,D07041,P,181,unclassified,d0113
D08085,D07042,P,182,unclassified,d0113
D08085,D07043,P,183,unclassified,d0113
D08085,D07044,P,184,unclassified,d0113
D08085,D07045,P,185,unclassified,d0113
D08085,D07048,P,186,unclassified,d0113
D08085,D07080,P,187,unclassified,d0113
D08085,D07132,P,188,unclassified,d0113
D08085,D07583,P,189,unclassified,d0113
D08085,D08080,P,190,unclassified,d0113
D08085,D08575,CI,191,unclassified,d0113
D08085,D08695,P,192,unclassified,d0113
D08085,D08769,P,193,unclassified,d0113
D08085,D08897,P,194,unclassified,d0113
D08085,D08923,P,195,unclassified,d0113
D08085,D09186,P,196,unclassified,d0113
D08085,D09319,P,197,unclassified,d0113
D08085,D09566,P,198,unclassified,d0113
D08085,D09592,P,199,unclassified,d0113
D08085,D09727,P,200,unclassified,d0113
D08085,D09744,P,201,unclassified,d0113
D08085,D09753,P,202,unclassified,d0113
D08085,D09756,P,203,unclassified,d0113
D08085,D09763,P,204,unclassified,d0113
D08085,D09780,P,205,unclassified,d0113
D08085,D09848,P,206,unclassified,d0113
D08085,D09889,P,207,unclassified,d0113
D08085,D09978,P,208,unclassified,d0113
D08085,D09999,CI,209,unclassified,d0113
D08085,D10159,P,210,unclassified,d0113
D08085,D10160,P,211,unclassified,d0113
D08085,D10179,P,212,unclassified,d0113
D08085,D10185,CI,213,unclassified,d0113
D08085,D10191,CI,214,Target: MAOB / Enzyme-Target: MAOA,d0113
D08085,D10195,P,215,unclassified,d0113
D08085,D10200,P,216,unclassified,d0113
D08085,D10253,P,217,unclassified,d0113
D08085,D10298,P,218,unclassified,d0113
D08085,D10317,P,219,unclassified,d0113
D08085,D10424,P,220,unclassified,d0113
D08085,D10459,P,221,unclassified,d0113
D08085,D10505,P,222,unclassified,d0113
D08085,D10570,P,223,unclassified,d0113
D08085,D10588,P,224,unclassified,d0113
D08085,D10743,P,225,unclassified,d0113
D08085,D10744,P,226,unclassified,d0113
D08085,D10854,P,227,unclassified,d0113
D08085,D10897,P,228,unclassified,d0113
D08085,D10967,P,229,unclassified,d0113
D08085,D10999,P,230,unclassified,d0113
D08085,D11034,P,231,unclassified,d0113
D08085,D11064,P,232,unclassified,d0113
D08085,D11109,P,233,unclassified,d0113
D08085,D11290,P,234,unclassified,d0113
D08085,D11567,P,235,unclassified,d0113
D08085,D11807,P,236,unclassified,d0113
D08085,D11861,P,237,unclassified,d0113
D08085,D11862,P,238,unclassified,d0113
D08085,D12358,P,239,unclassified,d0113
D08085,D12437,P,240,unclassified,d0113
D08085,D13245,P,241,unclassified,d0113
D08349,D00076,P,1,unclassified,d0108
D08349,D00095,P,2,unclassified,d0108
D08349,D00216,P,3,unclassified,d0108
D08349,D00225,P,4,unclassified,d0108
D08349,D00228,CI,5,unclassified,d0108
D08349,D00252,P,6,unclassified,d0108
D08349,D00265,P,7,unclassified,d0108
D08349,D00267,P,8,unclassified,d0108
D08349,D00280,P,9,unclassified,d0108
D08349,D00283,P,10,unclassified,d0108
D08349,D00293,P,11,unclassified,d0108
D08349,D00295,P,12,unclassified,d0108
D08349,D00308,P,13,unclassified,d0108
D08349,D00311,P,14,unclassified,d0108
D08349,D00320,P,15,unclassified,d0108
D08349,D00336,P,16,unclassified,d0108
D08349,D00365,P,17,unclassified,d0108
D08349,D00367,CI,18,unclassified,d0108
D08349,D00387,P,19,unclassified,d0108
D08349,D00388,P,20,unclassified,d0108
D08349,D00402,P,21,unclassified,d0108
D08349,D00415,CI,22,Enzyme-Target: MAOA,d0108
D08349,D00451,CI,23,Enzyme-Target: MAOA,d0108
D08349,D00457,P,24,unclassified,d0108
D08349,D00474,P,25,unclassified,d0108
D08349,D00481,P,26,unclassified,d0108
D08349,D00506,P,27,unclassified,d0108
D08349,D00511,P,28,unclassified,d0108
D08349,D00520,CI,29,unclassified,d0108
D08349,D00531,P,30,unclassified,d0108
D08349,D00550,P,31,unclassified,d0108
D08349,D00563,CI,32,unclassified,d0108
D08349,D00593,P,33,unclassified,d0108
D08349,D00594,P,34,unclassified,d0108
D08349,D00605,P,35,unclassified,d0108
D08349,D00625,P,36,unclassified,d0108
D08349,D00633,P,37,Enzyme-Target: MAOB,d0108
D08349,D00665,P,38,unclassified,d0108
D08349,D00666,P,39,unclassified,d0108
D08349,D00668,P,40,unclassified,d0108
D08349,D00669,P,41,unclassified,d0108
D08349,D00672,P,42,unclassified,d0108
D08349,D00675,CI,43,unclassified,d0108
D08349,D00676,CI,44,Enzyme-Target: MAOA,d0108
D08349,D00677,P,45,unclassified,d0108
D08349,D00678,P,46,unclassified,d0108
D08349,D00694,P,47,unclassified,d0108
D08349,D00701,P,48,unclassified,d0108
D08349,D00713,P,49,unclassified,d0108
D08349,D00714,P,50,unclassified,d0108
D08349,D00720,P,51,unclassified,d0108
D08349,D00722,P,52,unclassified,d0108
D08349,D00744,P,53,unclassified,d0108
D08349,D00754,P,54,unclassified,d0108
D08349,D00765,P,55,unclassified,d0108
D08349,D00770,P,56,unclassified,d0108
D08349,D00785,CI,57,Target: MAOB,d0108
D08349,D00787,P,58,unclassified,d0108
D08349,D00809,CI,59,unclassified,d0108
D08349,D00811,CI,60,unclassified,d0108
D08349,D00815,CI,61,unclassified,d0108
D08349,D00816,CI,62,unclassified,d0108
D08349,D00818,CI,63,unclassified,d0108
D08349,D00820,P,64,unclassified,d0108
D08349,D00821,CI,65,unclassified,d0108
D08349,D00824,CI,66,unclassified,d0108
D08349,D00825,CI,67,unclassified,d0108
D08349,D00836,P,68,unclassified,d0108
D08349,D00839,P,69,unclassified,d0108
D08349,D00842,P,70,unclassified,d0108
D08349,D00944,P,71,unclassified,d0108
D08349,D00945,P,72,unclassified,d0108
D08349,D00947,P,73,unclassified,d0108
D08349,D01007,P,74,unclassified,d0108
D08349,D01008,CI,75,unclassified,d0108
D08349,D01021,CI,76,unclassified,d0108
D08349,D01022,P,77,unclassified,d0108
D08349,D01096,P,78,unclassified,d0108
D08349,D01107,CI,79,unclassified,d0108
D08349,D01111,P,80,unclassified,d0108
D08349,D01165,P,81,unclassified,d0108
D08349,D01179,CI,82,unclassified,d0108
D08349,D01226,P,83,unclassified,d0108
D08349,D01230,P,84,unclassified,d0108
D08349,D01245,P,85,unclassified,d0108
D08349,D01253,P,86,unclassified,d0108
D08349,D01268,P,87,unclassified,d0108
D08349,D01269,P,88,unclassified,d0108
D08349,D01277,P,89,unclassified,d0108
D08349,D01278,P,90,unclassified,d0108
D08349,D01280,P,91,unclassified,d0108
D08349,D01292,P,92,unclassified,d0108
D08349,D01293,P,93,unclassified,d0108
D08349,D01296,CI,94,unclassified,d0108
D08349,D01302,P,95,unclassified,d0108
D08349,D01324,P,96,unclassified,d0108
D08349,D01328,P,97,unclassified,d0108
D08349,D01347,CI,98,unclassified,d0108
D08349,D01355,CI,99,unclassified,d0108
D08349,D01358,CI,100,unclassified,d0108
D08349,D01383,CI,101,unclassified,d0108
D08349,D01386,P,102,unclassified,d0108
D08349,D01389,P,103,unclassified,d0108
D08349,D01399,P,104,unclassified,d0108
D08349,D01408,P,105,unclassified,d0108
D08349,D01451,P,106,unclassified,d0108
D08349,D01453,P,107,unclassified,d0108
D08349,D01481,P,108,unclassified,d0108
D08349,D01514,P,109,unclassified,d0108
D08349,D01564,P,110,unclassified,d0108
D08349,D01599,P,111,unclassified,d0108
D08349,D01657,P,112,unclassified,d0108
D08349,D01665,P,113,unclassified,d0108
D08349,D01744,P,114,unclassified,d0108
D08349,D01832,P,115,unclassified,d0108
D08349,D01854,P,116,unclassified,d0108
D08349,D01872,P,117,unclassified,d0108
D08349,D01875,P,118,unclassified,d0108
D08349,D01898,P,119,unclassified,d0108
D08349,D01903,P,120,unclassified,d0108
D08349,D02016,P,121,unclassified,d0108
D08349,D02034,CI,122,unclassified,d0108
D08349,D02064,P,123,unclassified,d0108
D08349,D02069,P,124,unclassified,d0108
D08349,D02076,P,125,unclassified,d0108
D08349,D02101,P,126,unclassified,d0108
D08349,D02102,P,127,unclassified,d0108
D08349,D02106,P,128,unclassified,d0108
D08349,D02109,P,129,unclassified,d0108
D08349,D02234,P,130,unclassified,d0108
D08349,D02242,CI,131,unclassified,d0108
D08349,D02246,P,132,unclassified,d0108
D08349,D02247,P,133,unclassified,d0108
D08349,D02260,CI,134,unclassified,d0108
D08349,D02271,P,135,unclassified,d0108
D08349,D02408,CI,136,unclassified,d0108
D08349,D02409,P,137,unclassified,d0108
D08349,D02484,P,138,unclassified,d0108
D08349,D02535,P,139,unclassified,d0108
D08349,D02562,CI,140,Target: MAOB,d0108
D08349,D02567,CI,141,unclassified,d0108
D08349,D02574,CI,142,unclassified,d0108
D08349,D03230,P,143,unclassified,d0108
D08349,D03250,P,144,unclassified,d0108
D08349,D03855,CI,145,unclassified,d0108
D08349,D04044,P,146,unclassified,d0108
D08349,D04052,P,147,unclassified,d0108
D08349,D04062,P,148,unclassified,d0108
D08349,D04081,P,149,unclassified,d0108
D08349,D04148,CI,150,unclassified,d0108
D08349,D04251,CI,151,unclassified,d0108
D08349,D04259,P,152,unclassified,d0108
D08349,D04261,P,153,unclassified,d0108
D08349,D04313,P,154,unclassified,d0108
D08349,D04342,P,155,unclassified,d0108
D08349,D04364,P,156,unclassified,d0108
D08349,D04447,P,157,unclassified,d0108
D08349,D04475,P,158,unclassified,d0108
D08349,D04477,P,159,unclassified,d0108
D08349,D04539,P,160,unclassified,d0108
D08349,D04540,P,161,unclassified,d0108
D08349,D04547,P,162,unclassified,d0108
D08349,D04747,CI,163,unclassified,d0108
D08349,D04813,P,164,unclassified,d0108
D08349,D05462,P,165,unclassified,d0108
D08349,D05928,P,166,unclassified,d0108
D08349,D06273,P,167,unclassified,d0108
D08349,D06405,P,168,unclassified,d0108
D08349,D06553,P,169,unclassified,d0108
D08349,D06645,P,170,unclassified,d0108
D08349,D06698,P,171,unclassified,d0108
D08349,D06921,P,172,unclassified,d0108
D08349,D06927,P,173,unclassified,d0108
D08349,D06928,P,174,unclassified,d0108
D08349,D06951,P,175,unclassified,d0108
D08349,D06953,P,176,unclassified,d0108
D08349,D06955,P,177,unclassified,d0108
D08349,D06956,P,178,unclassified,d0108
D08349,D06987,P,179,unclassified,d0108
D08349,D06994,P,180,unclassified,d0108
D08349,D07041,P,181,unclassified,d0108
D08349,D07042,P,182,unclassified,d0108
D08349,D07043,P,183,unclassified,d0108
D08349,D07044,P,184,unclassified,d0108
D08349,D07045,P,185,unclassified,d0108
D08349,D07048,P,186,unclassified,d0108
D08349,D07080,P,187,unclassified,d0108
D08349,D07132,P,188,unclassified,d0108
D08349,D07583,P,189,unclassified,d0108
D08349,D08080,P,190,unclassified,d0108
D08349,D08575,CI,191,unclassified,d0108
D08349,D08695,P,192,unclassified,d0108
D08349,D08769,P,193,unclassified,d0108
D08349,D08897,P,194,unclassified,d0108
D08349,D08923,P,195,unclassified,d0108
D08349,D09186,P,196,unclassified,d0108
D08349,D09319,P,197,unclassified,d0108
D08349,D09566,P,198,unclassified,d0108
D08349,D09592,P,199,unclassified,d0108
D08349,D09727,P,200,unclassified,d0108
D08349,D09744,P,201,unclassified,d0108
D08349,D09753,P,202,unclassified,d0108
D08349,D09756,P,203,unclassified,d0108
D08349,D09763,P,204,unclassified,d0108
D08349,D09780,P,205,unclassified,d0108
D08349,D09848,P,206,unclassified,d0108
D08349,D09889,P,207,unclassified,d0108
D08349,D09978,P,208,unclassified,d0108
D08349,D09999,CI,209,unclassified,d0108
D08349,D10159,P,210,unclassified,d0108
D08349,D10160,P,211,unclassified,d0108
D08349,D10179,P,212,unclassified,d0108
D08349,D10185,CI,213,unclassified,d0108
D08349,D10191,CI,214,Target: MAOB / Enzyme-Target: MAOA,d0108
D08349,D10195,P,215,unclassified,d0108
D08349,D10200,P,216,unclassified,d0108
D08349,D10253,P,217,unclassified,d0108
D08349,D10298,P,218,unclassified,d0108
D08349,D10317,P,219,unclassified,d0108
D08349,D10424,P,220,unclassified,d0108
D08349,D10459,P,221,unclassified,d0108
D08349,D10505,P,222,unclassified,d0108
D08349,D10570,P,223,unclassified,d0108
D08349,D10588,P,224,unclassified,d0108
D08349,D10743,P,225,unclassified,d0108
D08349,D10744,P,226,unclassified,d0108
D08349,D10854,P,227,unclassified,d0108
D08349,D10897,P,228,unclassified,d0108
D08349,D10967,P,229,unclassified,d0108
D08349,D10999,P,230,unclassified,d0108
D08349,D11034,P,231,unclassified,d0108
D08349,D11064,P,232,unclassified,d0108
D08349,D11109,P,233,unclassified,d0108
D08349,D11290,P,234,unclassified,d0108
D08349,D11567,P,235,unclassified,d0108
D08349,D11807,P,236,unclassified,d0108
D08349,D11861,P,237,unclassified,d0108
D08349,D11862,P,238,unclassified,d0108
D08349,D12358,P,239,unclassified,d0108
D08349,D12437,P,240,unclassified,d0108
D08349,D13245,P,241,unclassified,d0108
D08392,D00076,P,1,unclassified,d0129
D08392,D00095,P,2,unclassified,d0129
D08392,D00216,P,3,unclassified,d0129
D08392,D00225,P,4,unclassified,d0129
D08392,D00228,CI,5,unclassified,d0129
D08392,D00265,P,6,unclassified,d0129
D08392,D00267,P,7,unclassified,d0129
D08392,D00280,P,8,unclassified,d0129
D08392,D00283,P,9,unclassified,d0129
D08392,D00293,P,10,unclassified,d0129
D08392,D00308,P,11,unclassified,d0129
D08392,D00311,P,12,unclassified,d0129
D08392,D00320,P,13,unclassified,d0129
D08392,D00336,P,14,unclassified,d0129
D08392,D00365,P,15,unclassified,d0129
D08392,D00367,CI,16,unclassified,d0129
D08392,D00387,P,17,unclassified,d0129
D08392,D00388,P,18,unclassified,d0129
D08392,D00402,P,19,unclassified,d0129
D08392,D00415,CI,20,Enzyme-Target: MAOA,d0129
D08392,D00451,CI,21,Enzyme-Target: MAOA,d0129
D08392,D00457,P,22,unclassified,d0129
D08392,D00474,P,23,unclassified,d0129
D08392,D00481,P,24,unclassified,d0129
D08392,D00506,P,25,unclassified,d0129
D08392,D00511,P,26,unclassified,d0129
D08392,D00520,CI,27,unclassified,d0129
D08392,D00531,P,28,unclassified,d0129
D08392,D00550,P,29,unclassified,d0129
D08392,D00563,CI,30,unclassified,d0129
D08392,D00593,P,31,unclassified,d0129
D08392,D00594,P,32,unclassified,d0129
D08392,D00625,P,33,unclassified,d0129
D08392,D00633,P,34,unclassified,d0129
D08392,D00665,P,35,unclassified,d0129
D08392,D00666,P,36,unclassified,d0129
D08392,D00668,P,37,unclassified,d0129
D08392,D00669,P,38,unclassified,d0129
D08392,D00672,P,39,unclassified,d0129
D08392,D00675,CI,40,unclassified,d0129
D08392,D00676,CI,41,Enzyme-Target: MAOA,d0129
D08392,D00677,P,42,unclassified,d0129
D08392,D00678,P,43,unclassified,d0129
D08392,D00694,P,44,unclassified,d0129
D08392,D00701,P,45,unclassified,d0129
D08392,D00713,P,46,unclassified,d0129
D08392,D00714,P,47,unclassified,d0129
D08392,D00720,P,48,unclassified,d0129
D08392,D00722,P,49,unclassified,d0129
D08392,D00744,P,50,unclassified,d0129
D08392,D00765,P,51,unclassified,d0129
D08392,D00770,P,52,unclassified,d0129
D08392,D00785,CI,53,unclassified,d0129
D08392,D00787,P,54,unclassified,d0129
D08392,D00809,CI,55,unclassified,d0129
D08392,D00811,CI,56,unclassified,d0129
D08392,D00815,CI,57,unclassified,d0129
D08392,D00816,CI,58,unclassified,d0129
D08392,D00818,CI,59,unclassified,d0129
D08392,D00820,P,60,unclassified,d0129
D08392,D00821,CI,61,unclassified,d0129
D08392,D00824,CI,62,unclassified,d0129
D08392,D00825,CI,63,unclassified,d0129
D08392,D00836,P,64,unclassified,d0129
D08392,D00839,P,65,unclassified,d0129
D08392,D00842,P,66,unclassified,d0129
D08392,D00944,P,67,unclassified,d0129
D08392,D00945,P,68,unclassified,d0129
D08392,D00947,P,69,unclassified,d0129
D08392,D01007,P,70,unclassified,d0129
D08392,D01008,CI,71,unclassified,d0129
D08392,D01021,CI,72,unclassified,d0129
D08392,D01022,P,73,unclassified,d0129
D08392,D01096,P,74,unclassified,d0129
D08392,D01107,CI,75,unclassified,d0129
D08392,D01111,P,76,unclassified,d0129
D08392,D01165,P,77,unclassified,d0129
D08392,D01179,CI,78,unclassified,d0129
D08392,D01226,P,79,unclassified,d0129
D08392,D01230,P,80,unclassified,d0129
D08392,D01245,P,81,unclassified,d0129
D08392,D01253,P,82,unclassified,d0129
D08392,D01268,P,83,unclassified,d0129
D08392,D01269,P,84,unclassified,d0129
D08392,D01277,P,85,unclassified,d0129
D08392,D01278,P,86,unclassified,d0129
D08392,D01280,P,87,unclassified,d0129
D08392,D01292,P,88,unclassified,d0129
D08392,D01293,P,89,unclassified,d0129
D08392,D01296,CI,90,unclassified,d0129
D08392,D01302,P,91,unclassified,d0129
D08392,D01324,P,92,unclassified,d0129
D08392,D01328,P,93,unclassified,d0129
D08392,D01347,CI,94,unclassified,d0129
D08392,D01355,CI,95,unclassified,d0129
D08392,D01358,CI,96,unclassified,d0129
D08392,D01383,CI,97,unclassified,d0129
D08392,D01386,P,98,unclassified,d0129
D08392,D01389,P,99,unclassified,d0129
D08392,D01399,P,100,unclassified,d0129
D08392,D01408,P,101,unclassified,d0129
D08392,D01451,P,102,unclassified,d0129
D08392,D01453,P,103,unclassified,d0129
D08392,D01481,P,104,unclassified,d0129
D08392,D01514,P,105,unclassified,d0129
D08392,D01564,P,106,unclassified,d0129
D08392,D01599,P,107,unclassified,d0129
D08392,D01657,P,108,unclassified,d0129
D08392,D01665,P,109,unclassified,d0129
D08392,D01744,P,110,unclassified,d0129
D08392,D01832,P,111,unclassified,d0129
D08392,D01854,P,112,unclassified,d0129
D08392,D01872,P,113,unclassified,d0129
D08392,D01875,P,114,unclassified,d0129
D08392,D01898,P,115,unclassified,d0129
D08392,D01903,P,116,unclassified,d0129
D08392,D02016,P,117,unclassified,d0129
D08392,D02034,CI,118,unclassified,d0129
D08392,D02064,P,119,unclassified,d0129
D08392,D02069,P,120,unclassified,d0129
D08392,D02076,P,121,unclassified,d0129
D08392,D02101,P,122,unclassified,d0129
D08392,D02102,P,123,unclassified,d0129
D08392,D02109,P,124,unclassified,d0129
D08392,D02234,P,125,unclassified,d0129
D08392,D02242,CI,126,unclassified,d0129
D08392,D02246,P,127,unclassified,d0129
D08392,D02247,P,128,unclassified,d0129
D08392,D02260,CI,129,unclassified,d0129
D08392,D02271,P,130,unclassified,d0129
D08392,D02408,CI,131,unclassified,d0129
D08392,D02409,P,132,unclassified,d0129
D08392,D02535,P,133,unclassified,d0129
D08392,D02562,CI,134,unclassified,d0129
D08392,D02567,CI,135,unclassified,d0129
D08392,D02574,CI,136,unclassified,d0129
D08392,D03230,P,137,unclassified,d0129
D08392,D03250,P,138,unclassified,d0129
D08392,D03855,CI,139,unclassified,d0129
D08392,D04044,P,140,unclassified,d0129
D08392,D04052,P,141,unclassified,d0129
D08392,D04062,P,142,unclassified,d0129
D08392,D04081,P,143,unclassified,d0129
D08392,D04148,CI,144,unclassified,d0129
D08392,D04251,CI,145,unclassified,d0129
D08392,D04259,P,146,unclassified,d0129
D08392,D04261,P,147,unclassified,d0129
D08392,D04313,P,148,unclassified,d0129
D08392,D04342,P,149,unclassified,d0129
D08392,D04364,P,150,unclassified,d0129
D08392,D04447,P,151,unclassified,d0129
D08392,D04475,P,152,unclassified,d0129
D08392,D04477,P,153,unclassified,d0129
D08392,D04539,P,154,unclassified,d0129
D08392,D04540,P,155,unclassified,d0129
D08392,D04547,P,156,unclassified,d0129
D08392,D04747,CI,157,unclassified,d0129
D08392,D04813,P,158,unclassified,d0129
D08392,D05462,P,159,unclassified,d0129
D08392,D06273,P,160,unclassified,d0129
D08392,D06553,P,161,unclassified,d0129
D08392,D06645,P,162,unclassified,d0129
D08392,D06698,P,163,unclassified,d0129
D08392,D06921,P,164,unclassified,d0129
D08392,D06927,P,165,unclassified,d0129
D08392,D06928,P,166,unclassified,d0129
D08392,D06951,P,167,unclassified,d0129
D08392,D06953,P,168,unclassified,d0129
D08392,D06955,P,169,unclassified,d0129
D08392,D06956,P,170,unclassified,d0129
D08392,D06987,P,171,unclassified,d0129
D08392,D06994,P,172,unclassified,d0129
D08392,D07041,P,173,unclassified,d0129
D08392,D07042,P,174,unclassified,d0129
D08392,D07043,P,175,unclassified,d0129
D08392,D07044,P,176,unclassified,d0129
D08392,D07045,P,177,unclassified,d0129
D08392,D07048,P,178,unclassified,d0129
D08392,D07080,P,179,unclassified,d0129
D08392,D07132,P,180,unclassified,d0129
D08392,D07583,P,181,unclassified,d0129
D08392,D08080,P,182,unclassified,d0129
D08392,D08575,CI,183,unclassified,d0129
D08392,D08695,P,184,unclassified,d0129
D08392,D08769,P,185,unclassified,d0129
D08392,D08897,P,186,unclassified,d0129
D08392,D08923,P,187,unclassified,d0129
D08392,D09186,P,188,unclassified,d0129
D08392,D09319,P,189,unclassified,d0129
D08392,D09566,P,190,unclassified,d0129
D08392,D09592,P,191,unclassified,d0129
D08392,D09727,P,192,unclassified,d0129
D08392,D09744,P,193,unclassified,d0129
D08392,D09753,P,194,unclassified,d0129
D08392,D09756,P,195,unclassified,d0129
D08392,D09763,P,196,unclassified,d0129
D08392,D09780,P,197,unclassified,d0129
D08392,D09848,P,198,unclassified,d0129
D08392,D09889,P,199,unclassified,d0129
D08392,D09978,P,200,unclassified,d0129
D08392,D09999,CI,201,unclassified,d0129
D08392,D10159,P,202,unclassified,d0129
D08392,D10160,P,203,unclassified,d0129
D08392,D10179,P,204,unclassified,d0129
D08392,D10185,CI,205,unclassified,d0129
D08392,D10191,CI,206,Enzyme-Target: MAOA,d0129
D08392,D10195,P,207,unclassified,d0129
D08392,D10200,P,208,unclassified,d0129
D08392,D10253,P,209,unclassified,d0129
D08392,D10298,P,210,unclassified,d0129
D08392,D10317,P,211,unclassified,d0129
D08392,D10424,P,212,unclassified,d0129
D08392,D10459,P,213,unclassified,d0129
D08392,D10505,P,214,unclassified,d0129
D08392,D10570,P,215,unclassified,d0129
D08392,D10588,P,216,unclassified,d0129
D08392,D10743,P,217,unclassified,d0129
D08392,D10744,P,218,unclassified,d0129
D08392,D10854,P,219,unclassified,d0129
D08392,D10897,P,220,unclassified,d0129
D08392,D10967,P,221,unclassified,d0129
D08392,D10999,P,222,unclassified,d0129
D08392,D11034,P,223,unclassified,d0129
D08392,D11064,P,224,unclassified,d0129
D08392,D11109,P,225,unclassified,d0129
D08392,D11290,P,226,unclassified,d0129
D08392,D11567,P,227,unclassified,d0129
D08392,D11807,P,228,unclassified,d0129
D08392,D11861,P,229,unclassified,d0129
D08392,D11862,P,230,unclassified,d0129
D08392,D12358,P,231,unclassified,d0129
D08392,D12437,P,232,unclassified,d0129
D08392,D13245,P,233,unclassified,d0129
D08393,D00076,P,1,unclassified,d0130
D08393,D00095,P,2,unclassified,d0130
D08393,D00216,P,3,unclassified,d0130
D08393,D00225,P,4,unclassified,d0130
D08393,D00228,CI,5,unclassified,d0130
D08393,D00265,P,6,unclassified,d0130
D08393,D00267,P,7,unclassified,d0130
D08393,D00280,P,8,unclassified,d0130
D08393,D00283,P,9,unclassified,d0130
D08393,D00293,P,10,unclassified,d0130
D08393,D00308,P,11,unclassified,d0130
D08393,D00311,P,12,unclassified,d0130
D08393,D00320,P,13,unclassified,d0130
D08393,D00336,P,14,unclassified,d0130
D08393,D00365,P,15,unclassified,d0130
D08393,D00367,CI,16,unclassified,d0130
D08393,D00387,P,17,unclassified,d0130
D08393,D00388,P,18,unclassified,d0130
D08393,D00402,P,19,unclassified,d0130
D08393,D00415,CI,20,Enzyme-Target: MAOA,d0130
D08393,D00451,CI,21,Enzyme-Target: MAOA,d0130
D08393,D00457,P,22,unclassified,d0130
D08393,D00474,P,23,unclassified,d0130
D08393,D00481,P,24,unclassified,d0130
D08393,D00506,P,25,unclassified,d0130
D08393,D00511,P,26,unclassified,d0130
D08393,D00520,CI,27,unclassified,d0130
D08393,D00531,P,28,unclassified,d0130
D08393,D00550,P,29,unclassified,d0130
D08393,D00563,CI,30,unclassified,d0130
D08393,D00593,P,31,unclassified,d0130
D08393,D00594,P,32,unclassified,d0130
D08393,D00625,P,33,unclassified,d0130
D08393,D00633,P,34,unclassified,d0130
D08393,D00665,P,35,unclassified,d0130
D08393,D00666,P,36,unclassified,d0130
D08393,D00668,P,37,unclassified,d0130
D08393,D00669,P,38,unclassified,d0130
D08393,D00672,P,39,unclassified,d0130
D08393,D00675,CI,40,unclassified,d0130
D08393,D00676,CI,41,Enzyme-Target: MAOA,d0130
D08393,D00677,P,42,unclassified,d0130
D08393,D00678,P,43,unclassified,d0130
D08393,D00694,P,44,unclassified,d0130
D08393,D00701,P,45,unclassified,d0130
D08393,D00713,P,46,unclassified,d0130
D08393,D00714,P,47,unclassified,d0130
D08393,D00720,P,48,unclassified,d0130
D08393,D00722,P,49,unclassified,d0130
D08393,D00744,P,50,unclassified,d0130
D08393,D00765,P,51,unclassified,d0130
D08393,D00770,P,52,unclassified,d0130
D08393,D00785,CI,53,unclassified,d0130
D08393,D00787,P,54,unclassified,d0130
D08393,D00809,CI,55,unclassified,d0130
D08393,D00811,CI,56,unclassified,d0130
D08393,D00815,CI,57,unclassified,d0130
D08393,D00816,CI,58,unclassified,d0130
D08393,D00818,CI,59,unclassified,d0130
D08393,D00820,P,60,unclassified,d0130
D08393,D00821,CI,61,unclassified,d0130
D08393,D00824,CI,62,unclassified,d0130
D08393,D00825,CI,63,unclassified,d0130
D08393,D00836,P,64,unclassified,d0130
D08393,D00839,P,65,unclassified,d0130
D08393,D00842,P,66,unclassified,d0130
D08393,D00944,P,67,unclassified,d0130
D08393,D00945,P,68,unclassified,d0130
D08393,D00947,P,69,unclassified,d0130
D08393,D01007,P,70,unclassified,d0130
D08393,D01008,CI,71,unclassified,d0130
D08393,D01021,CI,72,unclassified,d0130
D08393,D01022,P,73,unclassified,d0130
D08393,D01096,P,74,unclassified,d0130
D08393,D01107,CI,75,unclassified,d0130
D08393,D01111,P,76,unclassified,d0130
D08393,D01165,P,77,unclassified,d0130
D08393,D01179,CI,78,unclassified,d0130
D08393,D01226,P,79,unclassified,d0130
D08393,D01230,P,80,unclassified,d0130
D08393,D01245,P,81,unclassified,d0130
D08393,D01253,P,82,unclassified,d0130
D08393,D01268,P,83,unclassified,d0130
D08393,D01269,P,84,unclassified,d0130
D08393,D01277,P,85,unclassified,d0130
D08393,D01278,P,86,unclassified,d0130
D08393,D01280,P,87,unclassified,d0130
D08393,D01292,P,88,unclassified,d0130
D08393,D01293,P,89,unclassified,d0130
D08393,D01296,CI,90,unclassified,d0130
D08393,D01302,P,91,unclassified,d0130
D08393,D01324,P,92,unclassified,d0130
D08393,D01328,P,93,unclassified,d0130
D08393,D01347,CI,94,unclassified,d0130
D08393,D01355,CI,95,unclassified,d0130
D08393,D01358,CI,96,unclassified,d0130
D08393,D01383,CI,97,unclassified,d0130
D08393,D01386,P,98,unclassified,d0130
D08393,D01389,P,99,unclassified,d0130
D08393,D01399,P,100,unclassified,d0130
D08393,D01408,P,101,unclassified,d0130
D08393,D01451,P,102,unclassified,d0130
D08393,D01453,P,103,unclassified,d0130
D08393,D01481,P,104,unclassified,d0130
D08393,D01514,P,105,unclassified,d0130
D08393,D01564,P,106,unclassified,d0130
D08393,D01599,P,107,unclassified,d0130
D08393,D01657,P,108,unclassified,d0130
D08393,D01665,P,109,unclassified,d0130
D08393,D01744,P,110,unclassified,d0130
D08393,D01832,P,111,unclassified,d0130
D08393,D01854,P,112,unclassified,d0130
D08393,D01872,P,113,unclassified,d0130
D08393,D01875,P,114,unclassified,d0130
D08393,D01898,P,115,unclassified,d0130
D08393,D01903,P,116,unclassified,d0130
D08393,D02016,P,117,unclassified,d0130
D08393,D02034,CI,118,unclassified,d0130
D08393,D02064,P,119,unclassified,d0130
D08393,D02069,P,120,unclassified,d0130
D08393,D02076,P,121,unclassified,d0130
D08393,D02101,P,122,unclassified,d0130
D08393,D02102,P,123,unclassified,d0130
D08393,D02109,P,124,unclassified,d0130
D08393,D02234,P,125,unclassified,d0130
D08393,D02242,CI,126,unclassified,d0130
D08393,D02246,P,127,unclassified,d0130
D08393,D02247,P,128,unclassified,d0130
D08393,D02260,CI,129,unclassified,d0130
D08393,D02271,P,130,unclassified,d0130
D08393,D02408,CI,131,unclassified,d0130
D08393,D02409,P,132,unclassified,d0130
D08393,D02535,P,133,unclassified,d0130
D08393,D02562,CI,134,unclassified,d0130
D08393,D02567,CI,135,unclassified,d0130
D08393,D02574,CI,136,unclassified,d0130
D08393,D03230,P,137,unclassified,d0130
D08393,D03250,P,138,unclassified,d0130
D08393,D03855,CI,139,unclassified,d0130
D08393,D04044,P,140,unclassified,d0130
D08393,D04052,P,141,unclassified,d0130
D08393,D04062,P,142,unclassified,d0130
D08393,D04081,P,143,unclassified,d0130
D08393,D04148,CI,144,unclassified,d0130
D08393,D04251,CI,145,unclassified,d0130
D08393,D04259,P,146,unclassified,d0130
D08393,D04261,P,147,unclassified,d0130
D08393,D04313,P,148,unclassified,d0130
D08393,D04342,P,149,unclassified,d0130
D08393,D04364,P,150,unclassified,d0130
D08393,D04447,P,151,unclassified,d0130
D08393,D04475,P,152,unclassified,d0130
D08393,D04477,P,153,unclassified,d0130
D08393,D04539,P,154,unclassified,d0130
D08393,D04540,P,155,unclassified,d0130
D08393,D04547,P,156,unclassified,d0130
D08393,D04747,CI,157,unclassified,d0130
D08393,D04813,P,158,unclassified,d0130
D08393,D05462,P,159,unclassified,d0130
D08393,D06273,P,160,unclassified,d0130
D08393,D06553,P,161,unclassified,d0130
D08393,D06645,P,162,unclassified,d0130
D08393,D06698,P,163,unclassified,d0130
D08393,D06921,P,164,unclassified,d0130
D08393,D06927,P,165,unclassified,d0130
D08393,D06928,P,166,unclassified,d0130
D08393,D06951,P,167,unclassified,d0130
D08393,D06953,P,168,unclassified,d0130
D08393,D06955,P,169,unclassified,d0130
D08393,D06956,P,170,unclassified,d0130
D08393,D06987,P,171,unclassified,d0130
D08393,D06994,P,172,unclassified,d0130
D08393,D07041,P,173,unclassified,d0130
D08393,D07042,P,174,unclassified,d0130
D08393,D07043,P,175,unclassified,d0130
D08393,D07044,P,176,unclassified,d0130
D08393,D07045,P,177,unclassified,d0130
D08393,D07048,P,178,unclassified,d0130
D08393,D07080,P,179,unclassified,d0130
D08393,D07132,P,180,unclassified,d0130
D08393,D07583,P,181,unclassified,d0130
D08393,D08080,P,182,unclassified,d0130
D08393,D08575,CI,183,unclassified,d0130
D08393,D08695,P,184,unclassified,d0130
D08393,D08769,P,185,unclassified,d0130
D08393,D08897,P,186,unclassified,d0130
D08393,D08923,P,187,unclassified,d0130
D08393,D09186,P,188,unclassified,d0130
D08393,D09319,P,189,unclassified,d0130
D08393,D09566,P,190,unclassified,d0130
D08393,D09592,P,191,unclassified,d0130
D08393,D09727,P,192,unclassified,d0130
D08393,D09744,P,193,unclassified,d0130
D08393,D09753,P,194,unclassified,d0130
D08393,D09756,P,195,unclassified,d0130
D08393,D09763,P,196,unclassified,d0130
D08393,D09780,P,197,unclassified,d0130
D08393,D09848,P,198,unclassified,d0130
D08393,D09889,P,199,unclassified,d0130
D08393,D09978,P,200,unclassified,d0130
D08393,D09999,CI,201,unclassified,d0130
D08393,D10159,P,202,unclassified,d0130
D08393,D10160,P,203,unclassified,d0130
D08393,D10179,P,204,unclassified,d0130
D08393,D10185,CI,205,unclassified,d0130
D08393,D10191,CI,206,Enzyme-Target: MAOA,d0130
D08393,D10195,P,207,unclassified,d0130
D08393,D10200,P,208,unclassified,d0130
D08393,D10253,P,209,unclassified,d0130
D08393,D10298,P,210,unclassified,d0130
D08393,D10317,P,211,unclassified,d0130
D08393,D10424,P,212,unclassified,d0130
D08393,D10459,P,213,unclassified,d0130
D08393,D10505,P,214,unclassified,d0130
D08393,D10570,P,215,unclassified,d0130
D08393,D10588,P,216,unclassified,d0130
D08393,D10743,P,217,unclassified,d0130
D08393,D10744,P,218,unclassified,d0130
D08393,D10854,P,219,unclassified,d0130
D08393,D10897,P,220,unclassified,d0130
D08393,D10967,P,221,unclassified,d0130
D08393,D10999,P,222,unclassified,d0130
D08393,D11034,P,223,unclassified,d0130
D08393,D11064,P,224,unclassified,d0130
D08393,D11109,P,225,unclassified,d0130
D08393,D11290,P,226,unclassified,d0130
D08393,D11567,P,227,unclassified,d0130
D08393,D11807,P,228,unclassified,d0130
D08393,D11861,P,229,unclassified,d0130
D08393,D11862,P,230,unclassified,d0130
D08393,D12358,P,231,unclassified,d0130
D08393,D12437,P,232,unclassified,d0130
D08393,D13245,P,233,unclassified,d0130
D08453,D00059,P,1,unclassified,d0115
D08453,D00076,P,2,unclassified,d0115
D08453,D00095,P,3,unclassified,d0115
D08453,D00118,P,4,unclassified,d0115
D08453,D00151,P,5,unclassified,d0115
D08453,D00211,P,6,unclassified,d0115
D08453,D00216,P,7,unclassified,d0115
D08453,D00218,P,8,unclassified,d0115
D08453,D00225,P,9,unclassified,d0115
D08453,D00228,"CI,P",10,unclassified,d0115
D08453,D00241,P,11,unclassified,d0115
D08453,D00253,P,12,unclassified,d0115
D08453,D00265,P,13,unclassified,d0115
D08453,D00267,P,14,unclassified,d0115
D08453,D00280,P,15,unclassified,d0115
D08453,D00283,P,16,unclassified,d0115
D08453,D00292,P,17,unclassified,d0115
D08453,D00293,P,18,unclassified,d0115
D08453,D00294,P,19,unclassified,d0115
D08453,D00302,P,20,unclassified,d0115
D08453,D00308,P,21,unclassified,d0115
D08453,D00311,P,22,unclassified,d0115
D08453,D00319,P,23,unclassified,d0115
D08453,D00320,P,24,unclassified,d0115
D08453,D00331,P,25,unclassified,d0115
D08453,D00336,P,26,unclassified,d0115
D08453,D00346,P,27,unclassified,d0115
D08453,D00365,P,28,unclassified,d0115
D08453,D00367,CI,29,unclassified,d0115
D08453,D00382,P,30,unclassified,d0115
D08453,D00383,P,31,unclassified,d0115
D08453,D00387,P,32,unclassified,d0115
D08453,D00388,P,33,unclassified,d0115
D08453,D00402,P,34,unclassified,d0115
D08453,D00405,P,35,unclassified,d0115
D08453,D00415,CI,36,Enzyme-Target: MAOA,d0115
D08453,D00426,P,37,unclassified,d0115
D08453,D00432,P,38,unclassified,d0115
D08453,D00437,P,39,unclassified,d0115
D08453,D00443,P,40,unclassified,d0115
D08453,D00451,CI,41,Enzyme-Target: MAOA,d0115
D08453,D00457,P,42,unclassified,d0115
D08453,D00474,P,43,unclassified,d0115
D08453,D00479,P,44,unclassified,d0115
D08453,D00480,P,45,unclassified,d0115
D08453,D00481,P,46,unclassified,d0115
D08453,D00503,P,47,unclassified,d0115
D08453,D00506,P,48,unclassified,d0115
D08453,D00511,P,49,unclassified,d0115
D08453,D00515,P,50,unclassified,d0115
D08453,D00520,CI,51,unclassified,d0115
D08453,D00531,P,52,unclassified,d0115
D08453,D00547,P,53,unclassified,d0115
D08453,D00549,P,54,unclassified,d0115
D08453,D00550,P,55,unclassified,d0115
D08453,D00563,CI,56,unclassified,d0115
D08453,D00593,P,57,unclassified,d0115
D08453,D00594,P,58,unclassified,d0115
D08453,D00599,P,59,unclassified,d0115
D08453,D00608,P,60,unclassified,d0115
D08453,D00609,P,61,unclassified,d0115
D08453,D00616,P,62,unclassified,d0115
D08453,D00617,P,63,unclassified,d0115
D08453,D00619,P,64,unclassified,d0115
D08453,D00625,P,65,unclassified,d0115
D08453,D00629,P,66,unclassified,d0115
D08453,D00633,P,67,Enzyme-Target: MAOB,d0115
D08453,D00634,P,68,unclassified,d0115
D08453,D00658,P,69,unclassified,d0115
D08453,D00665,P,70,unclassified,d0115
D08453,D00666,P,71,unclassified,d0115
D08453,D00668,P,72,unclassified,d0115
D08453,D00669,P,73,unclassified,d0115
D08453,D00672,P,74,unclassified,d0115
D08453,D00675,CI,75,unclassified,d0115
D08453,D00676,CI,76,Enzyme-Target: MAOA,d0115
D08453,D00677,P,77,unclassified,d0115
D08453,D00678,P,78,unclassified,d0115
D08453,D00694,P,79,unclassified,d0115
D08453,D00701,P,80,unclassified,d0115
D08453,D00713,P,81,unclassified,d0115
D08453,D00714,P,82,unclassified,d0115
D08453,D00720,P,83,unclassified,d0115
D08453,D00722,P,84,unclassified,d0115
D08453,D00744,P,85,unclassified,d0115
D08453,D00762,P,86,unclassified,d0115
D08453,D00765,P,87,unclassified,d0115
D08453,D00770,P,88,unclassified,d0115
D08453,D00776,P,89,unclassified,d0115
D08453,D00785,CI,90,Target: MAOB,d0115
D08453,D00787,P,91,unclassified,d0115
D08453,D00789,P,92,unclassified,d0115
D08453,D00793,P,93,unclassified,d0115
D08453,D00809,"CI,P",94,unclassified,d0115
D08453,D00811,"CI,P",95,unclassified,d0115
D08453,D00815,"CI,P",96,unclassified,d0115
D08453,D00816,CI,97,unclassified,d0115
D08453,D00818,CI,98,unclassified,d0115
D08453,D00820,P,99,unclassified,d0115
D08453,D00821,CI,100,unclassified,d0115
D08453,D00824,CI,101,unclassified,d0115
D08453,D00825,CI,102,unclassified,d0115
D08453,D00836,P,103,unclassified,d0115
D08453,D00839,P,104,unclassified,d0115
D08453,D00842,P,105,unclassified,d0115
D08453,D00904,P,106,unclassified,d0115
D08453,D00944,P,107,unclassified,d0115
D08453,D00945,P,108,unclassified,d0115
D08453,D00947,P,109,unclassified,d0115
D08453,D00969,P,110,unclassified,d0115
D08453,D00975,P,111,unclassified,d0115
D08453,D00987,P,112,unclassified,d0115
D08453,D01007,P,113,unclassified,d0115
D08453,D01008,CI,114,unclassified,d0115
D08453,D01021,CI,115,unclassified,d0115
D08453,D01022,P,116,unclassified,d0115
D08453,D01024,P,117,unclassified,d0115
D08453,D01096,P,118,unclassified,d0115
D08453,D01104,P,119,unclassified,d0115
D08453,D01107,"CI,P",120,unclassified,d0115
D08453,D01111,P,121,unclassified,d0115
D08453,D01145,P,122,unclassified,d0115
D08453,D01164,P,123,unclassified,d0115
D08453,D01165,P,124,unclassified,d0115
D08453,D01176,P,125,unclassified,d0115
D08453,D01179,"CI,P",126,unclassified,d0115
D08453,D01196,P,127,unclassified,d0115
D08453,D01226,P,128,unclassified,d0115
D08453,D01230,P,129,unclassified,d0115
D08453,D01240,P,130,unclassified,d0115
D08453,D01245,P,131,unclassified,d0115
D08453,D01253,P,132,unclassified,d0115
D08453,D01268,P,133,unclassified,d0115
D08453,D01269,P,134,unclassified,d0115
D08453,D01277,P,135,unclassified,d0115
D08453,D01278,P,136,unclassified,d0115
D08453,D01280,P,137,unclassified,d0115
D08453,D01292,P,138,unclassified,d0115
D08453,D01293,P,139,unclassified,d0115
D08453,D01296,CI,140,unclassified,d0115
D08453,D01302,P,141,unclassified,d0115
D08453,D01321,P,142,unclassified,d0115
D08453,D01323,P,143,unclassified,d0115
D08453,D01324,P,144,unclassified,d0115
D08453,D01328,P,145,unclassified,d0115
D08453,D01333,P,146,unclassified,d0115
D08453,D01347,CI,147,unclassified,d0115
D08453,D01355,CI,148,unclassified,d0115
D08453,D01358,"CI,P",149,unclassified,d0115
D08453,D01383,CI,150,unclassified,d0115
D08453,D01386,P,151,unclassified,d0115
D08453,D01389,P,152,unclassified,d0115
D08453,D01399,P,153,unclassified,d0115
D08453,D01408,P,154,unclassified,d0115
D08453,D01451,P,155,unclassified,d0115
D08453,D01453,P,156,unclassified,d0115
D08453,D01469,P,157,unclassified,d0115
D08453,D01481,P,158,unclassified,d0115
D08453,D01485,P,159,unclassified,d0115
D08453,D01514,P,160,unclassified,d0115
D08453,D01549,P,161,unclassified,d0115
D08453,D01553,P,162,unclassified,d0115
D08453,D01564,P,163,unclassified,d0115
D08453,D01599,P,164,unclassified,d0115
D08453,D01604,P,165,unclassified,d0115
D08453,D01657,P,166,unclassified,d0115
D08453,D01665,P,167,unclassified,d0115
D08453,D01674,P,168,unclassified,d0115
D08453,D01709,P,169,unclassified,d0115
D08453,D01741,P,170,unclassified,d0115
D08453,D01744,P,171,unclassified,d0115
D08453,D01832,P,172,unclassified,d0115
D08453,D01854,P,173,unclassified,d0115
D08453,D01872,P,174,unclassified,d0115
D08453,D01875,P,175,unclassified,d0115
D08453,D01877,P,176,unclassified,d0115
D08453,D01887,P,177,unclassified,d0115
D08453,D01898,P,178,unclassified,d0115
D08453,D01902,P,179,unclassified,d0115
D08453,D01903,P,180,unclassified,d0115
D08453,D01908,P,181,unclassified,d0115
D08453,D01943,P,182,unclassified,d0115
D08453,D01965,P,183,unclassified,d0115
D08453,D02008,P,184,unclassified,d0115
D08453,D02016,P,185,unclassified,d0115
D08453,D02022,P,186,unclassified,d0115
D08453,D02034,"CI,P",187,unclassified,d0115
D08453,D02037,P,188,unclassified,d0115
D08453,D02064,P,189,unclassified,d0115
D08453,D02069,P,190,unclassified,d0115
D08453,D02076,P,191,unclassified,d0115
D08453,D02101,P,192,unclassified,d0115
D08453,D02102,P,193,unclassified,d0115
D08453,D02109,P,194,unclassified,d0115
D08453,D02135,P,195,unclassified,d0115
D08453,D02163,P,196,unclassified,d0115
D08453,D02229,P,197,unclassified,d0115
D08453,D02234,P,198,unclassified,d0115
D08453,D02242,CI,199,unclassified,d0115
D08453,D02245,P,200,unclassified,d0115
D08453,D02246,P,201,unclassified,d0115
D08453,D02247,P,202,unclassified,d0115
D08453,D02248,P,203,unclassified,d0115
D08453,D02260,CI,204,unclassified,d0115
D08453,D02271,P,205,unclassified,d0115
D08453,D02342,P,206,unclassified,d0115
D08453,D02372,P,207,unclassified,d0115
D08453,D02408,"CI,P",208,unclassified,d0115
D08453,D02409,P,209,unclassified,d0115
D08453,D02535,P,210,unclassified,d0115
D08453,D02540,P,211,unclassified,d0115
D08453,D02562,CI,212,Target: MAOB,d0115
D08453,D02567,CI,213,unclassified,d0115
D08453,D02574,CI,214,unclassified,d0115
D08453,D02587,P,215,unclassified,d0115
D08453,D02633,P,216,unclassified,d0115
D08453,D02802,P,217,unclassified,d0115
D08453,D02994,P,218,unclassified,d0115
D08453,D02995,P,219,unclassified,d0115
D08453,D03230,P,220,unclassified,d0115
D08453,D03250,P,221,unclassified,d0115
D08453,D03290,P,222,unclassified,d0115
D08453,D03855,CI,223,unclassified,d0115
D08453,D04034,P,224,unclassified,d0115
D08453,D04038,P,225,unclassified,d0115
D08453,D04044,P,226,unclassified,d0115
D08453,D04046,P,227,unclassified,d0115
D08453,D04052,P,228,unclassified,d0115
D08453,D04062,P,229,unclassified,d0115
D08453,D04081,P,230,unclassified,d0115
D08453,D04148,CI,231,unclassified,d0115
D08453,D04251,CI,232,unclassified,d0115
D08453,D04259,P,233,unclassified,d0115
D08453,D04261,P,234,unclassified,d0115
D08453,D04313,P,235,unclassified,d0115
D08453,D04342,P,236,unclassified,d0115
D08453,D04364,P,237,unclassified,d0115
D08453,D04447,P,238,unclassified,d0115
D08453,D04475,P,239,unclassified,d0115
D08453,D04477,P,240,unclassified,d0115
D08453,D04539,P,241,unclassified,d0115
D08453,D04540,P,242,unclassified,d0115
D08453,D04547,P,243,unclassified,d0115
D08453,D04747,CI,244,unclassified,d0115
D08453,D04813,P,245,unclassified,d0115
D08453,D04965,P,246,unclassified,d0115
D08453,D05339,P,247,unclassified,d0115
D08453,D05340,P,248,unclassified,d0115
D08453,D05462,P,249,unclassified,d0115
D08453,D06273,P,250,unclassified,d0115
D08453,D06553,P,251,unclassified,d0115
D08453,D06645,P,252,unclassified,d0115
D08453,D06698,P,253,unclassified,d0115
D08453,D06921,P,254,unclassified,d0115
D08453,D06927,P,255,unclassified,d0115
D08453,D06928,P,256,unclassified,d0115
D08453,D06951,P,257,unclassified,d0115
D08453,D06953,P,258,unclassified,d0115
D08453,D06955,P,259,unclassified,d0115
D08453,D06956,P,260,unclassified,d0115
D08453,D06987,P,261,unclassified,d0115
D08453,D06994,P,262,unclassified,d0115
D08453,D07041,P,263,unclassified,d0115
D08453,D07042,P,264,unclassified,d0115
D08453,D07043,P,265,unclassified,d0115
D08453,D07044,P,266,unclassified,d0115
D08453,D07045,P,267,unclassified,d0115
D08453,D07048,P,268,unclassified,d0115
D08453,D07080,P,269,unclassified,d0115
D08453,D07132,P,270,unclassified,d0115
D08453,D07583,P,271,unclassified,d0115
D08453,D08080,P,272,unclassified,d0115
D08453,D08575,"CI,P",273,unclassified,d0115
D08453,D08695,P,274,unclassified,d0115
D08453,D08768,P,275,unclassified,d0115
D08453,D08769,P,276,unclassified,d0115
D08453,D08897,P,277,unclassified,d0115
D08453,D08923,P,278,unclassified,d0115
D08453,D09186,P,279,unclassified,d0115
D08453,D09319,P,280,unclassified,d0115
D08453,D09321,P,281,unclassified,d0115
D08453,D09566,P,282,unclassified,d0115
D08453,D09592,P,283,unclassified,d0115
D08453,D09594,P,284,unclassified,d0115
D08453,D09727,P,285,unclassified,d0115
D08453,D09744,P,286,unclassified,d0115
D08453,D09753,P,287,unclassified,d0115
D08453,D09756,P,288,unclassified,d0115
D08453,D09763,P,289,unclassified,d0115
D08453,D09780,P,290,unclassified,d0115
D08453,D09848,P,291,unclassified,d0115
D08453,D09889,P,292,unclassified,d0115
D08453,D09978,P,293,unclassified,d0115
D08453,D09999,CI,294,unclassified,d0115
D08453,D10159,P,295,unclassified,d0115
D08453,D10160,P,296,unclassified,d0115
D08453,D10179,P,297,unclassified,d0115
D08453,D10185,CI,298,unclassified,d0115
D08453,D10191,CI,299,Target: MAOB / Enzyme-Target: MAOA,d0115
D08453,D10195,P,300,unclassified,d0115
D08453,D10200,P,301,unclassified,d0115
D08453,D10253,P,302,unclassified,d0115
D08453,D10293,P,303,unclassified,d0115
D08453,D10298,P,304,unclassified,d0115
D08453,D10309,P,305,unclassified,d0115
D08453,D10317,P,306,unclassified,d0115
D08453,D10424,P,307,unclassified,d0115
D08453,D10459,P,308,unclassified,d0115
D08453,D10480,P,309,unclassified,d0115
D08453,D10505,P,310,unclassified,d0115
D08453,D10516,P,311,unclassified,d0115
D08453,D10570,P,312,unclassified,d0115
D08453,D10588,P,313,unclassified,d0115
D08453,D10743,P,314,unclassified,d0115
D08453,D10744,P,315,unclassified,d0115
D08453,D10854,P,316,unclassified,d0115
D08453,D10897,P,317,unclassified,d0115
D08453,D10967,P,318,unclassified,d0115
D08453,D10999,P,319,unclassified,d0115
D08453,D11034,P,320,unclassified,d0115
D08453,D11064,P,321,unclassified,d0115
D08453,D11109,P,322,unclassified,d0115
D08453,D11190,P,323,unclassified,d0115
D08453,D11290,P,324,unclassified,d0115
D08453,D11567,P,325,unclassified,d0115
D08453,D11807,P,326,unclassified,d0115
D08453,D11861,P,327,unclassified,d0115
D08453,D11862,P,328,unclassified,d0115
D08453,D12358,P,329,unclassified,d0115
D08453,D12437,P,330,unclassified,d0115
D08453,D12494,P,331,unclassified,d0115
D08453,D12963,P,332,unclassified,d0115
D08453,D13245,P,333,unclassified,d0115
D08469,D00059,P,1,unclassified,d0097
D08469,D00076,P,2,unclassified,d0097
D08469,D00095,P,3,unclassified,d0097
D08469,D00211,P,4,unclassified,d0097
D08469,D00216,P,5,unclassified,d0097
D08469,D00225,P,6,unclassified,d0097
D08469,D00228,CI,7,unclassified,d0097
D08469,D00252,P,8,unclassified,d0097
D08469,D00253,P,9,unclassified,d0097
D08469,D00265,P,10,unclassified,d0097
D08469,D00267,P,11,unclassified,d0097
D08469,D00280,P,12,unclassified,d0097
D08469,D00283,P,13,Enzyme: CYP1A2,d0097
D08469,D00293,P,14,unclassified,d0097
D08469,D00308,P,15,unclassified,d0097
D08469,D00311,P,16,unclassified,d0097
D08469,D00320,P,17,unclassified,d0097
D08469,D00336,P,18,unclassified,d0097
D08469,D00365,P,19,unclassified,d0097
D08469,D00367,CI,20,unclassified,d0097
D08469,D00387,P,21,unclassified,d0097
D08469,D00388,P,22,unclassified,d0097
D08469,D00402,P,23,unclassified,d0097
D08469,D00405,P,24,unclassified,d0097
D08469,D00415,CI,25,Enzyme: CYP1A2,d0097
D08469,D00451,CI,26,unclassified,d0097
D08469,D00457,P,27,unclassified,d0097
D08469,D00474,P,28,unclassified,d0097
D08469,D00481,P,29,unclassified,d0097
D08469,D00506,P,30,unclassified,d0097
D08469,D00511,P,31,unclassified,d0097
D08469,D00520,CI,32,unclassified,d0097
D08469,D00531,P,33,unclassified,d0097
D08469,D00550,P,34,unclassified,d0097
D08469,D00559,P,35,unclassified,d0097
D08469,D00563,CI,36,Enzyme: CYP1A2,d0097
D08469,D00593,P,37,unclassified,d0097
D08469,D00594,P,38,unclassified,d0097
D08469,D00625,P,39,unclassified,d0097
D08469,D00633,P,40,Enzyme-Target: MAOB,d0097
D08469,D00665,P,41,unclassified,d0097
D08469,D00666,P,42,unclassified,d0097
D08469,D00668,P,43,unclassified,d0097
D08469,D00669,P,44,unclassified,d0097
D08469,D00672,P,45,unclassified,d0097
D08469,D00675,CI,46,unclassified,d0097
D08469,D00676,CI,47,unclassified,d0097
D08469,D00677,P,48,unclassified,d0097
D08469,D00678,P,49,Enzyme: CYP1A2,d0097
D08469,D00694,P,50,unclassified,d0097
D08469,D00701,P,51,unclassified,d0097
D08469,D00713,P,52,unclassified,d0097
D08469,D00714,P,53,unclassified,d0097
D08469,D00720,P,54,unclassified,d0097
D08469,D00722,P,55,unclassified,d0097
D08469,D00744,P,56,unclassified,d0097
D08469,D00765,P,57,unclassified,d0097
D08469,D00770,P,58,unclassified,d0097
D08469,D00777,P,59,unclassified,d0097
D08469,D00780,P,60,unclassified,d0097
D08469,D00781,P,61,unclassified,d0097
D08469,D00784,P,62,Enzyme: CYP1A2,d0097
D08469,D00785,CI,63,Target: MAOB,d0097
D08469,D00787,P,64,unclassified,d0097
D08469,D00809,CI,65,unclassified,d0097
D08469,D00811,CI,66,unclassified,d0097
D08469,D00815,CI,67,unclassified,d0097
D08469,D00816,CI,68,unclassified,d0097
D08469,D00818,CI,69,unclassified,d0097
D08469,D00820,P,70,unclassified,d0097
D08469,D00821,CI,71,unclassified,d0097
D08469,D00824,CI,72,CYP inhibition: CYP1A2,d0097
D08469,D00825,CI,73,unclassified,d0097
D08469,D00836,P,74,unclassified,d0097
D08469,D00839,P,75,unclassified,d0097
D08469,D00842,P,76,unclassified,d0097
D08469,D00848,P,77,unclassified,d0097
D08469,D00944,P,78,unclassified,d0097
D08469,D00945,P,79,unclassified,d0097
D08469,D00947,P,80,unclassified,d0097
D08469,D01007,P,81,unclassified,d0097
D08469,D01008,CI,82,unclassified,d0097
D08469,D01021,CI,83,unclassified,d0097
D08469,D01022,P,84,unclassified,d0097
D08469,D01096,P,85,unclassified,d0097
D08469,D01107,CI,86,unclassified,d0097
D08469,D01111,P,87,unclassified,d0097
D08469,D01165,P,88,unclassified,d0097
D08469,D01179,CI,89,Enzyme: CYP1A2,d0097
D08469,D01226,P,90,unclassified,d0097
D08469,D01230,P,91,unclassified,d0097
D08469,D01245,P,92,unclassified,d0097
D08469,D01253,P,93,unclassified,d0097
D08469,D01268,P,94,unclassified,d0097
D08469,D01269,P,95,unclassified,d0097
D08469,D01277,P,96,unclassified,d0097
D08469,D01278,P,97,unclassified,d0097
D08469,D01280,P,98,unclassified,d0097
D08469,D01292,P,99,unclassified,d0097
D08469,D01293,P,100,unclassified,d0097
D08469,D01296,CI,101,unclassified,d0097
D08469,D01302,P,102,unclassified,d0097
D08469,D01324,P,103,unclassified,d0097
D08469,D01328,P,104,unclassified,d0097
D08469,D01347,CI,105,unclassified,d0097
D08469,D01355,CI,106,unclassified,d0097
D08469,D01358,CI,107,Enzyme: CYP1A2,d0097
D08469,D01383,CI,108,unclassified,d0097
D08469,D01386,P,109,unclassified,d0097
D08469,D01389,P,110,unclassified,d0097
D08469,D01399,P,111,unclassified,d0097
D08469,D01408,P,112,unclassified,d0097
D08469,D01451,P,113,unclassified,d0097
D08469,D01453,P,114,Enzyme: CYP1A2,d0097
D08469,D01481,P,115,unclassified,d0097
D08469,D01514,P,116,unclassified,d0097
D08469,D01564,P,117,unclassified,d0097
D08469,D01599,P,118,unclassified,d0097
D08469,D01657,P,119,unclassified,d0097
D08469,D01665,P,120,unclassified,d0097
D08469,D01744,P,121,unclassified,d0097
D08469,D01832,P,122,CYP induction: CYP1A2,d0097
D08469,D01854,P,123,unclassified,d0097
D08469,D01872,P,124,unclassified,d0097
D08469,D01875,P,125,unclassified,d0097
D08469,D01898,P,126,unclassified,d0097
D08469,D01903,P,127,unclassified,d0097
D08469,D02016,P,128,Enzyme: CYP1A2,d0097
D08469,D02034,CI,129,unclassified,d0097
D08469,D02064,P,130,unclassified,d0097
D08469,D02069,P,131,unclassified,d0097
D08469,D02076,P,132,unclassified,d0097
D08469,D02101,P,133,unclassified,d0097
D08469,D02102,P,134,unclassified,d0097
D08469,D02109,P,135,unclassified,d0097
D08469,D02135,P,136,unclassified,d0097
D08469,D02234,P,137,unclassified,d0097
D08469,D02242,CI,138,unclassified,d0097
D08469,D02246,P,139,unclassified,d0097
D08469,D02247,P,140,unclassified,d0097
D08469,D02260,CI,141,unclassified,d0097
D08469,D02271,P,142,unclassified,d0097
D08469,D02408,CI,143,unclassified,d0097
D08469,D02409,P,144,unclassified,d0097
D08469,D02535,P,145,unclassified,d0097
D08469,D02562,CI,146,Enzyme: CYP1A2 / Target: MAOB,d0097
D08469,D02567,CI,147,unclassified,d0097
D08469,D02574,CI,148,unclassified,d0097
D08469,D03230,P,149,CYP induction: CYP1A2,d0097
D08469,D03250,P,150,CYP induction: CYP1A2,d0097
D08469,D03855,CI,151,unclassified,d0097
D08469,D04044,P,152,unclassified,d0097
D08469,D04052,P,153,Enzyme: CYP1A2,d0097
D08469,D04062,P,154,unclassified,d0097
D08469,D04081,P,155,unclassified,d0097
D08469,D04148,CI,156,Enzyme: CYP1A2,d0097
D08469,D04251,CI,157,unclassified,d0097
D08469,D04259,P,158,unclassified,d0097
D08469,D04261,P,159,unclassified,d0097
D08469,D04313,P,160,unclassified,d0097
D08469,D04340,P,161,unclassified,d0097
D08469,D04342,P,162,unclassified,d0097
D08469,D04364,P,163,unclassified,d0097
D08469,D04447,P,164,unclassified,d0097
D08469,D04475,P,165,CYP induction: CYP1A2,d0097
D08469,D04477,P,166,CYP induction: CYP1A2,d0097
D08469,D04539,P,167,CYP induction: CYP1A2,d0097
D08469,D04540,P,168,CYP induction: CYP1A2,d0097
D08469,D04547,P,169,CYP induction: CYP1A2,d0097
D08469,D04616,P,170,unclassified,d0097
D08469,D04747,CI,171,unclassified,d0097
D08469,D04813,P,172,Enzyme: CYP1A2,d0097
D08469,D04911,P,173,unclassified,d0097
D08469,D04935,P,174,unclassified,d0097
D08469,D05462,P,175,unclassified,d0097
D08469,D05768,P,176,unclassified,d0097
D08469,D06273,P,177,unclassified,d0097
D08469,D06553,P,178,unclassified,d0097
D08469,D06645,P,179,unclassified,d0097
D08469,D06698,P,180,unclassified,d0097
D08469,D06921,P,181,unclassified,d0097
D08469,D06927,P,182,unclassified,d0097
D08469,D06928,P,183,unclassified,d0097
D08469,D06951,P,184,unclassified,d0097
D08469,D06953,P,185,unclassified,d0097
D08469,D06955,P,186,unclassified,d0097
D08469,D06956,P,187,unclassified,d0097
D08469,D06987,P,188,unclassified,d0097
D08469,D06994,P,189,unclassified,d0097
D08469,D07041,P,190,unclassified,d0097
D08469,D07042,P,191,unclassified,d0097
D08469,D07043,P,192,unclassified,d0097
D08469,D07044,P,193,unclassified,d0097
D08469,D07045,P,194,unclassified,d0097
D08469,D07048,P,195,unclassified,d0097
D08469,D07080,P,196,unclassified,d0097
D08469,D07132,P,197,unclassified,d0097
D08469,D07583,P,198,unclassified,d0097
D08469,D08080,P,199,CYP induction: CYP1A2,d0097
D08469,D08575,CI,200,Enzyme: CYP1A2,d0097
D08469,D08695,P,201,unclassified,d0097
D08469,D08769,P,202,unclassified,d0097
D08469,D08897,P,203,unclassified,d0097
D08469,D08923,P,204,unclassified,d0097
D08469,D09186,P,205,unclassified,d0097
D08469,D09319,P,206,unclassified,d0097
D08469,D09566,P,207,unclassified,d0097
D08469,D09592,P,208,unclassified,d0097
D08469,D09727,P,209,unclassified,d0097
D08469,D09744,P,210,unclassified,d0097
D08469,D09753,P,211,unclassified,d0097
D08469,D09756,P,212,unclassified,d0097
D08469,D09763,P,213,unclassified,d0097
D08469,D09780,P,214,unclassified,d0097
D08469,D09848,P,215,unclassified,d0097
D08469,D09889,P,216,unclassified,d0097
D08469,D09978,P,217,unclassified,d0097
D08469,D09993,P,218,unclassified,d0097
D08469,D09996,P,219,CYP inhibition: CYP1A2,d0097
D08469,D09999,CI,220,unclassified,d0097
D08469,D10159,P,221,unclassified,d0097
D08469,D10160,P,222,unclassified,d0097
D08469,D10179,P,223,unclassified,d0097
D08469,D10185,CI,224,unclassified,d0097
D08469,D10191,CI,225,Target: MAOB,d0097
D08469,D10195,P,226,unclassified,d0097
D08469,D10200,P,227,unclassified,d0097
D08469,D10252,P,228,unclassified,d0097
D08469,D10253,P,229,unclassified,d0097
D08469,D10293,P,230,unclassified,d0097
D08469,D10298,P,231,unclassified,d0097
D08469,D10317,P,232,unclassified,d0097
D08469,D10424,P,233,unclassified,d0097
D08469,D10459,P,234,unclassified,d0097
D08469,D10505,P,235,unclassified,d0097
D08469,D10570,P,236,unclassified,d0097
D08469,D10588,P,237,unclassified,d0097
D08469,D10743,P,238,unclassified,d0097
D08469,D10744,P,239,unclassified,d0097
D08469,D10825,P,240,unclassified,d0097
D08469,D10854,P,241,unclassified,d0097
D08469,D10891,P,242,unclassified,d0097
D08469,D10897,P,243,unclassified,d0097
D08469,D10967,P,244,unclassified,d0097
D08469,D10999,P,245,unclassified,d0097
D08469,D11027,P,246,unclassified,d0097
D08469,D11034,P,247,unclassified,d0097
D08469,D11062,P,248,unclassified,d0097
D08469,D11064,P,249,unclassified,d0097
D08469,D11109,P,250,unclassified,d0097
D08469,D11290,P,251,unclassified,d0097
D08469,D11567,P,252,unclassified,d0097
D08469,D11708,P,253,unclassified,d0097
D08469,D11807,P,254,unclassified,d0097
D08469,D11861,P,255,unclassified,d0097
D08469,D11862,P,256,unclassified,d0097
D08469,D11970,P,257,CYP inhibition: CYP1A2,d0097
D08469,D12358,P,258,unclassified,d0097
D08469,D12364,P,259,unclassified,d0097
D08469,D12437,P,260,unclassified,d0097
D08469,D12494,P,261,unclassified,d0097
D08469,D13245,P,262,unclassified,d0097
D08625,D00076,P,1,unclassified,d0110
D08625,D00095,P,2,unclassified,d0110
D08625,D00216,P,3,unclassified,d0110
D08625,D00225,P,4,unclassified,d0110
D08625,D00228,CI,5,unclassified,d0110
D08625,D00252,P,6,unclassified,d0110
D08625,D00265,P,7,unclassified,d0110
D08625,D00267,P,8,unclassified,d0110
D08625,D00280,P,9,unclassified,d0110
D08625,D00283,P,10,unclassified,d0110
D08625,D00293,P,11,unclassified,d0110
D08625,D00295,P,12,unclassified,d0110
D08625,D00308,P,13,unclassified,d0110
D08625,D00311,P,14,unclassified,d0110
D08625,D00320,P,15,unclassified,d0110
D08625,D00336,P,16,unclassified,d0110
D08625,D00365,P,17,unclassified,d0110
D08625,D00367,CI,18,unclassified,d0110
D08625,D00387,P,19,unclassified,d0110
D08625,D00388,P,20,unclassified,d0110
D08625,D00402,P,21,unclassified,d0110
D08625,D00415,CI,22,Enzyme-Target: MAOA,d0110
D08625,D00451,CI,23,Enzyme-Target: MAOA,d0110
D08625,D00457,P,24,unclassified,d0110
D08625,D00474,P,25,unclassified,d0110
D08625,D00481,P,26,unclassified,d0110
D08625,D00506,P,27,unclassified,d0110
D08625,D00511,P,28,unclassified,d0110
D08625,D00520,CI,29,unclassified,d0110
D08625,D00531,P,30,unclassified,d0110
D08625,D00550,P,31,unclassified,d0110
D08625,D00563,CI,32,unclassified,d0110
D08625,D00593,P,33,unclassified,d0110
D08625,D00594,P,34,unclassified,d0110
D08625,D00605,P,35,unclassified,d0110
D08625,D00625,P,36,unclassified,d0110
D08625,D00633,P,37,Enzyme-Target: MAOB,d0110
D08625,D00665,P,38,unclassified,d0110
D08625,D00666,P,39,unclassified,d0110
D08625,D00668,P,40,unclassified,d0110
D08625,D00669,P,41,unclassified,d0110
D08625,D00672,P,42,unclassified,d0110
D08625,D00675,CI,43,unclassified,d0110
D08625,D00676,CI,44,Enzyme-Target: MAOA,d0110
D08625,D00677,P,45,unclassified,d0110
D08625,D00678,P,46,unclassified,d0110
D08625,D00694,P,47,unclassified,d0110
D08625,D00701,P,48,unclassified,d0110
D08625,D00713,P,49,unclassified,d0110
D08625,D00714,P,50,unclassified,d0110
D08625,D00720,P,51,unclassified,d0110
D08625,D00722,P,52,unclassified,d0110
D08625,D00744,P,53,unclassified,d0110
D08625,D00754,P,54,unclassified,d0110
D08625,D00765,P,55,unclassified,d0110
D08625,D00770,P,56,unclassified,d0110
D08625,D00785,CI,57,Target: MAOB,d0110
D08625,D00787,P,58,unclassified,d0110
D08625,D00809,CI,59,unclassified,d0110
D08625,D00811,CI,60,unclassified,d0110
D08625,D00815,CI,61,unclassified,d0110
D08625,D00816,CI,62,unclassified,d0110
D08625,D00818,CI,63,unclassified,d0110
D08625,D00820,P,64,unclassified,d0110
D08625,D00821,CI,65,unclassified,d0110
D08625,D00824,CI,66,unclassified,d0110
D08625,D00825,CI,67,unclassified,d0110
D08625,D00836,P,68,unclassified,d0110
D08625,D00839,P,69,unclassified,d0110
D08625,D00842,P,70,unclassified,d0110
D08625,D00944,P,71,unclassified,d0110
D08625,D00945,P,72,unclassified,d0110
D08625,D00947,P,73,unclassified,d0110
D08625,D01007,P,74,unclassified,d0110
D08625,D01008,CI,75,unclassified,d0110
D08625,D01021,CI,76,unclassified,d0110
D08625,D01022,P,77,unclassified,d0110
D08625,D01096,P,78,unclassified,d0110
D08625,D01107,CI,79,unclassified,d0110
D08625,D01111,P,80,unclassified,d0110
D08625,D01165,P,81,unclassified,d0110
D08625,D01179,CI,82,unclassified,d0110
D08625,D01226,P,83,unclassified,d0110
D08625,D01230,P,84,unclassified,d0110
D08625,D01245,P,85,unclassified,d0110
D08625,D01253,P,86,unclassified,d0110
D08625,D01268,P,87,unclassified,d0110
D08625,D01269,P,88,unclassified,d0110
D08625,D01277,P,89,unclassified,d0110
D08625,D01278,P,90,unclassified,d0110
D08625,D01280,P,91,unclassified,d0110
D08625,D01292,P,92,unclassified,d0110
D08625,D01293,P,93,unclassified,d0110
D08625,D01296,CI,94,unclassified,d0110
D08625,D01302,P,95,unclassified,d0110
D08625,D01324,P,96,unclassified,d0110
D08625,D01328,P,97,unclassified,d0110
D08625,D01347,CI,98,unclassified,d0110
D08625,D01355,CI,99,unclassified,d0110
D08625,D01358,CI,100,unclassified,d0110
D08625,D01383,CI,101,unclassified,d0110
D08625,D01386,P,102,unclassified,d0110
D08625,D01389,P,103,unclassified,d0110
D08625,D01399,P,104,unclassified,d0110
D08625,D01408,P,105,unclassified,d0110
D08625,D01451,P,106,unclassified,d0110
D08625,D01453,P,107,unclassified,d0110
D08625,D01481,P,108,unclassified,d0110
D08625,D01514,P,109,unclassified,d0110
D08625,D01564,P,110,unclassified,d0110
D08625,D01599,P,111,unclassified,d0110
D08625,D01657,P,112,unclassified,d0110
D08625,D01665,P,113,unclassified,d0110
D08625,D01744,P,114,unclassified,d0110
D08625,D01832,P,115,unclassified,d0110
D08625,D01854,P,116,unclassified,d0110
D08625,D01872,P,117,unclassified,d0110
D08625,D01875,P,118,unclassified,d0110
D08625,D01898,P,119,unclassified,d0110
D08625,D01903,P,120,unclassified,d0110
D08625,D02016,P,121,unclassified,d0110
D08625,D02034,CI,122,unclassified,d0110
D08625,D02064,P,123,unclassified,d0110
D08625,D02069,P,124,unclassified,d0110
D08625,D02076,P,125,unclassified,d0110
D08625,D02101,P,126,unclassified,d0110
D08625,D02102,P,127,unclassified,d0110
D08625,D02106,P,128,unclassified,d0110
D08625,D02109,P,129,unclassified,d0110
D08625,D02234,P,130,unclassified,d0110
D08625,D02242,CI,131,unclassified,d0110
D08625,D02246,P,132,unclassified,d0110
D08625,D02247,P,133,unclassified,d0110
D08625,D02260,CI,134,unclassified,d0110
D08625,D02271,P,135,unclassified,d0110
D08625,D02408,CI,136,unclassified,d0110
D08625,D02409,P,137,unclassified,d0110
D08625,D02484,P,138,unclassified,d0110
D08625,D02535,P,139,unclassified,d0110
D08625,D02562,CI,140,Target: MAOB,d0110
D08625,D02567,CI,141,unclassified,d0110
D08625,D02574,CI,142,unclassified,d0110
D08625,D03230,P,143,unclassified,d0110
D08625,D03250,P,144,unclassified,d0110
D08625,D03855,CI,145,unclassified,d0110
D08625,D04044,P,146,unclassified,d0110
D08625,D04052,P,147,unclassified,d0110
D08625,D04062,P,148,unclassified,d0110
D08625,D04081,P,149,unclassified,d0110
D08625,D04148,CI,150,unclassified,d0110
D08625,D04251,CI,151,unclassified,d0110
D08625,D04259,P,152,unclassified,d0110
D08625,D04261,P,153,unclassified,d0110
D08625,D04313,P,154,unclassified,d0110
D08625,D04342,P,155,unclassified,d0110
D08625,D04364,P,156,unclassified,d0110
D08625,D04447,P,157,unclassified,d0110
D08625,D04475,P,158,unclassified,d0110
D08625,D04477,P,159,unclassified,d0110
D08625,D04539,P,160,unclassified,d0110
D08625,D04540,P,161,unclassified,d0110
D08625,D04547,P,162,unclassified,d0110
D08625,D04747,CI,163,unclassified,d0110
D08625,D04813,P,164,unclassified,d0110
D08625,D05462,P,165,unclassified,d0110
D08625,D05928,P,166,unclassified,d0110
D08625,D06273,P,167,unclassified,d0110
D08625,D06405,P,168,unclassified,d0110
D08625,D06553,P,169,unclassified,d0110
D08625,D06645,P,170,unclassified,d0110
D08625,D06698,P,171,unclassified,d0110
D08625,D06921,P,172,unclassified,d0110
D08625,D06927,P,173,unclassified,d0110
D08625,D06928,P,174,unclassified,d0110
D08625,D06951,P,175,unclassified,d0110
D08625,D06953,P,176,unclassified,d0110
D08625,D06955,P,177,unclassified,d0110
D08625,D06956,P,178,unclassified,d0110
D08625,D06987,P,179,unclassified,d0110
D08625,D06994,P,180,unclassified,d0110
D08625,D07041,P,181,unclassified,d0110
D08625,D07042,P,182,unclassified,d0110
D08625,D07043,P,183,unclassified,d0110
D08625,D07044,P,184,unclassified,d0110
D08625,D07045,P,185,unclassified,d0110
D08625,D07048,P,186,unclassified,d0110
D08625,D07080,P,187,unclassified,d0110
D08625,D07132,P,188,unclassified,d0110
D08625,D07583,P,189,unclassified,d0110
D08625,D08080,P,190,unclassified,d0110
D08625,D08575,CI,191,unclassified,d0110
D08625,D08695,P,192,unclassified,d0110
D08625,D08769,P,193,unclassified,d0110
D08625,D08897,P,194,unclassified,d0110
D08625,D08923,P,195,unclassified,d0110
D08625,D09186,P,196,unclassified,d0110
D08625,D09319,P,197,unclassified,d0110
D08625,D09566,P,198,unclassified,d0110
D08625,D09592,P,199,unclassified,d0110
D08625,D09727,P,200,unclassified,d0110
D08625,D09744,P,201,unclassified,d0110
D08625,D09753,P,202,unclassified,d0110
D08625,D09756,P,203,unclassified,d0110
D08625,D09763,P,204,unclassified,d0110
D08625,D09780,P,205,unclassified,d0110
D08625,D09848,P,206,unclassified,d0110
D08625,D09889,P,207,unclassified,d0110
D08625,D09978,P,208,unclassified,d0110
D08625,D09999,CI,209,unclassified,d0110
D08625,D10159,P,210,unclassified,d0110
D08625,D10160,P,211,unclassified,d0110
D08625,D10179,P,212,unclassified,d0110
D08625,D10185,CI,213,unclassified,d0110
D08625,D10191,CI,214,Target: MAOB / Enzyme-Target: MAOA,d0110
D08625,D10195,P,215,unclassified,d0110
D08625,D10200,P,216,unclassified,d0110
D08625,D10253,P,217,unclassified,d0110
D08625,D10298,P,218,unclassified,d0110
D08625,D10317,P,219,unclassified,d0110
D08625,D10424,P,220,unclassified,d0110
D08625,D10459,P,221,unclassified,d0110
D08625,D10505,P,222,unclassified,d0110
D08625,D10570,P,223,unclassified,d0110
D08625,D10588,P,224,unclassified,d0110
D08625,D10743,P,225,unclassified,d0110
D08625,D10744,P,226,unclassified,d0110
D08625,D10854,P,227,unclassified,d0110
D08625,D10897,P,228,unclassified,d0110
D08625,D10967,P,229,unclassified,d0110
D08625,D10999,P,230,unclassified,d0110
D08625,D11034,P,231,unclassified,d0110
D08625,D11064,P,232,unclassified,d0110
D08625,D11109,P,233,unclassified,d0110
D08625,D11290,P,234,unclassified,d0110
D08625,D11567,P,235,unclassified,d0110
D08625,D11807,P,236,unclassified,d0110
D08625,D11861,P,237,unclassified,d0110
D08625,D11862,P,238,unclassified,d0110
D08625,D12358,P,239,unclassified,d0110
D08625,D12437,P,240,unclassified,d0110
D08625,D13245,P,241,unclassified,d0110
D09773,D00059,P,1,unclassified,d0120
D09773,D00076,P,2,unclassified,d0120
D09773,D00095,P,3,unclassified,d0120
D09773,D00131,P,4,unclassified,d0120
D09773,D00211,P,5,unclassified,d0120
D09773,D00216,P,6,unclassified,d0120
D09773,D00217,P,7,unclassified,d0120
D09773,D00225,P,8,unclassified,d0120
D09773,D00228,CI,9,unclassified,d0120
D09773,D00252,P,10,unclassified,d0120
D09773,D00253,P,11,unclassified,d0120
D09773,D00265,P,12,unclassified,d0120
D09773,D00267,P,13,unclassified,d0120
D09773,D00280,P,14,unclassified,d0120
D09773,D00283,P,15,unclassified,d0120
D09773,D00293,P,16,unclassified,d0120
D09773,D00308,P,17,unclassified,d0120
D09773,D00311,P,18,unclassified,d0120
D09773,D00320,P,19,unclassified,d0120
D09773,D00336,P,20,unclassified,d0120
D09773,D00346,P,21,unclassified,d0120
D09773,D00350,P,22,unclassified,d0120
D09773,D00365,P,23,unclassified,d0120
D09773,D00367,CI,24,unclassified,d0120
D09773,D00387,P,25,unclassified,d0120
D09773,D00388,P,26,unclassified,d0120
D09773,D00402,P,27,unclassified,d0120
D09773,D00415,CI,28,unclassified,d0120
D09773,D00451,CI,29,unclassified,d0120
D09773,D00457,P,30,unclassified,d0120
D09773,D00474,P,31,unclassified,d0120
D09773,D00481,P,32,unclassified,d0120
D09773,D00506,P,33,unclassified,d0120
D09773,D00511,P,34,unclassified,d0120
D09773,D00512,P,35,unclassified,d0120
D09773,D00520,CI,36,unclassified,d0120
D09773,D00531,P,37,unclassified,d0120
D09773,D00550,P,38,unclassified,d0120
D09773,D00563,CI,39,unclassified,d0120
D09773,D00591,P,40,unclassified,d0120
D09773,D00593,P,41,unclassified,d0120
D09773,D00594,P,42,unclassified,d0120
D09773,D00625,P,43,unclassified,d0120
D09773,D00633,P,44,unclassified,d0120
D09773,D00665,P,45,unclassified,d0120
D09773,D00666,P,46,unclassified,d0120
D09773,D00668,P,47,unclassified,d0120
D09773,D00669,P,48,unclassified,d0120
D09773,D00672,P,49,unclassified,d0120
D09773,D00675,CI,50,unclassified,d0120
D09773,D00676,CI,51,unclassified,d0120
D09773,D00677,P,52,unclassified,d0120
D09773,D00678,P,53,unclassified,d0120
D09773,D00694,P,54,unclassified,d0120
D09773,D00701,P,55,unclassified,d0120
D09773,D00708,P,56,unclassified,d0120
D09773,D00713,P,57,unclassified,d0120
D09773,D00714,P,58,unclassified,d0120
D09773,D00720,P,59,unclassified,d0120
D09773,D00722,P,60,unclassified,d0120
D09773,D00744,P,61,unclassified,d0120
D09773,D00765,P,62,unclassified,d0120
D09773,D00770,P,63,unclassified,d0120
D09773,D00785,CI,64,unclassified,d0120
D09773,D00787,P,65,unclassified,d0120
D09773,D00809,CI,66,unclassified,d0120
D09773,D00811,CI,67,unclassified,d0120
D09773,D00815,CI,68,unclassified,d0120
D09773,D00816,CI,69,unclassified,d0120
D09773,D00818,CI,70,unclassified,d0120
D09773,D00820,P,71,unclassified,d0120
D09773,D00821,CI,72,unclassified,d0120
D09773,D00824,CI,73,unclassified,d0120
D09773,D00825,CI,74,unclassified,d0120
D09773,D00836,P,75,unclassified,d0120
D09773,D00839,P,76,unclassified,d0120
D09773,D00842,P,77,unclassified,d0120
D09773,D00877,P,78,unclassified,d0120
D09773,D00878,P,79,unclassified,d0120
D09773,D00944,P,80,unclassified,d0120
D09773,D00945,P,81,unclassified,d0120
D09773,D00947,P,82,unclassified,d0120
D09773,D01007,P,83,unclassified,d0120
D09773,D01008,CI,84,unclassified,d0120
D09773,D01021,CI,85,unclassified,d0120
D09773,D01022,P,86,unclassified,d0120
D09773,D01056,P,87,unclassified,d0120
D09773,D01096,P,88,unclassified,d0120
D09773,D01107,CI,89,unclassified,d0120
D09773,D01111,P,90,unclassified,d0120
D09773,D01165,P,91,unclassified,d0120
D09773,D01179,CI,92,unclassified,d0120
D09773,D01226,P,93,unclassified,d0120
D09773,D01230,P,94,unclassified,d0120
D09773,D01245,P,95,unclassified,d0120
D09773,D01253,P,96,unclassified,d0120
D09773,D01268,P,97,unclassified,d0120
D09773,D01269,P,98,unclassified,d0120
D09773,D01277,P,99,unclassified,d0120
D09773,D01278,P,100,unclassified,d0120
D09773,D01280,P,101,unclassified,d0120
D09773,D01292,P,102,unclassified,d0120
D09773,D01293,P,103,unclassified,d0120
D09773,D01296,CI,104,unclassified,d0120
D09773,D01302,P,105,unclassified,d0120
D09773,D01324,P,106,unclassified,d0120
D09773,D01328,P,107,unclassified,d0120
D09773,D01347,CI,108,unclassified,d0120
D09773,D01355,CI,109,unclassified,d0120
D09773,D01358,CI,110,unclassified,d0120
D09773,D01383,"CI,P",111,unclassified,d0120
D09773,D01386,P,112,unclassified,d0120
D09773,D01389,P,113,unclassified,d0120
D09773,D01399,P,114,unclassified,d0120
D09773,D01408,P,115,unclassified,d0120
D09773,D01451,P,116,unclassified,d0120
D09773,D01453,P,117,unclassified,d0120
D09773,D01481,P,118,unclassified,d0120
D09773,D01514,P,119,unclassified,d0120
D09773,D01564,P,120,unclassified,d0120
D09773,D01599,P,121,unclassified,d0120
D09773,D01657,P,122,unclassified,d0120
D09773,D01665,P,123,unclassified,d0120
D09773,D01744,P,124,unclassified,d0120
D09773,D01832,P,125,unclassified,d0120
D09773,D01854,P,126,unclassified,d0120
D09773,D01872,P,127,unclassified,d0120
D09773,D01875,P,128,unclassified,d0120
D09773,D01898,P,129,unclassified,d0120
D09773,D01903,P,130,unclassified,d0120
D09773,D01973,P,131,unclassified,d0120
D09773,D02016,P,132,unclassified,d0120
D09773,D02034,CI,133,unclassified,d0120
D09773,D02064,P,134,unclassified,d0120
D09773,D02069,P,135,unclassified,d0120
D09773,D02076,P,136,unclassified,d0120
D09773,D02101,P,137,unclassified,d0120
D09773,D02102,P,138,unclassified,d0120
D09773,D02103,P,139,unclassified,d0120
D09773,D02109,P,140,unclassified,d0120
D09773,D02135,P,141,unclassified,d0120
D09773,D02234,P,142,unclassified,d0120
D09773,D02242,CI,143,unclassified,d0120
D09773,D02246,P,144,unclassified,d0120
D09773,D02247,P,145,unclassified,d0120
D09773,D02260,CI,146,unclassified,d0120
D09773,D02271,P,147,unclassified,d0120
D09773,D02397,P,148,unclassified,d0120
D09773,D02408,CI,149,unclassified,d0120
D09773,D02409,P,150,unclassified,d0120
D09773,D02416,P,151,unclassified,d0120
D09773,D02535,P,152,unclassified,d0120
D09773,D02562,CI,153,unclassified,d0120
D09773,D02567,CI,154,unclassified,d0120
D09773,D02574,CI,155,unclassified,d0120
D09773,D02689,P,156,unclassified,d0120
D09773,D03230,P,157,unclassified,d0120
D09773,D03250,P,158,unclassified,d0120
D09773,D03855,"CI,P",159,unclassified,d0120
D09773,D04044,P,160,unclassified,d0120
D09773,D04052,P,161,unclassified,d0120
D09773,D04062,P,162,unclassified,d0120
D09773,D04081,P,163,unclassified,d0120
D09773,D04148,CI,164,unclassified,d0120
D09773,D04251,CI,165,unclassified,d0120
D09773,D04259,P,166,unclassified,d0120
D09773,D04261,P,167,unclassified,d0120
D09773,D04313,P,168,unclassified,d0120
D09773,D04342,P,169,unclassified,d0120
D09773,D04364,P,170,unclassified,d0120
D09773,D04447,P,171,unclassified,d0120
D09773,D04475,P,172,unclassified,d0120
D09773,D04477,P,173,unclassified,d0120
D09773,D04539,P,174,unclassified,d0120
D09773,D04540,P,175,unclassified,d0120
D09773,D04547,P,176,unclassified,d0120
D09773,D04747,CI,177,unclassified,d0120
D09773,D04813,P,178,unclassified,d0120
D09773,D05462,P,179,unclassified,d0120
D09773,D06273,P,180,unclassified,d0120
D09773,D06553,P,181,unclassified,d0120
D09773,D06645,P,182,unclassified,d0120
D09773,D06698,P,183,unclassified,d0120
D09773,D06921,P,184,unclassified,d0120
D09773,D06927,P,185,unclassified,d0120
D09773,D06928,P,186,unclassified,d0120
D09773,D06951,P,187,unclassified,d0120
D09773,D06953,P,188,unclassified,d0120
D09773,D06955,P,189,unclassified,d0120
D09773,D06956,P,190,unclassified,d0120
D09773,D06987,P,191,unclassified,d0120
D09773,D06994,P,192,unclassified,d0120
D09773,D07041,P,193,unclassified,d0120
D09773,D07042,P,194,unclassified,d0120
D09773,D07043,P,195,unclassified,d0120
D09773,D07044,P,196,unclassified,d0120
D09773,D07045,P,197,unclassified,d0120
D09773,D07048,P,198,unclassified,d0120
D09773,D07080,P,199,unclassified,d0120
D09773,D07132,P,200,unclassified,d0120
D09773,D07583,P,201,unclassified,d0120
D09773,D07595,P,202,unclassified,d0120
D09773,D08080,P,203,unclassified,d0120
D09773,D08575,CI,204,unclassified,d0120
D09773,D08695,P,205,unclassified,d0120
D09773,D08769,P,206,unclassified,d0120
D09773,D08897,P,207,unclassified,d0120
D09773,D08923,P,208,unclassified,d0120
D09773,D09186,P,209,unclassified,d0120
D09773,D09319,P,210,unclassified,d0120
D09773,D09566,P,211,unclassified,d0120
D09773,D09592,P,212,unclassified,d0120
D09773,D09727,P,213,unclassified,d0120
D09773,D09744,P,214,unclassified,d0120
D09773,D09753,P,215,unclassified,d0120
D09773,D09756,P,216,unclassified,d0120
D09773,D09763,P,217,unclassified,d0120
D09773,D09780,P,218,unclassified,d0120
D09773,D09848,P,219,unclassified,d0120
D09773,D09889,P,220,unclassified,d0120
D09773,D09978,P,221,unclassified,d0120
D09773,D09999,"CI,P",222,unclassified,d0120
D09773,D10159,P,223,unclassified,d0120
D09773,D10160,P,224,unclassified,d0120
D09773,D10179,P,225,unclassified,d0120
D09773,D10185,CI,226,unclassified,d0120
D09773,D10191,CI,227,unclassified,d0120
D09773,D10195,P,228,unclassified,d0120
D09773,D10200,P,229,unclassified,d0120
D09773,D10253,P,230,unclassified,d0120
D09773,D10293,P,231,unclassified,d0120
D09773,D10298,P,232,unclassified,d0120
D09773,D10317,P,233,unclassified,d0120
D09773,D10424,P,234,unclassified,d0120
D09773,D10459,P,235,unclassified,d0120
D09773,D10505,P,236,unclassified,d0120
D09773,D10570,P,237,unclassified,d0120
D09773,D10588,P,238,unclassified,d0120
D09773,D10743,P,239,unclassified,d0120
D09773,D10744,P,240,unclassified,d0120
D09773,D10854,P,241,unclassified,d0120
D09773,D10897,P,242,unclassified,d0120
D09773,D10967,P,243,unclassified,d0120
D09773,D10999,P,244,unclassified,d0120
D09773,D11034,P,245,unclassified,d0120
D09773,D11064,P,246,unclassified,d0120
D09773,D11109,P,247,unclassified,d0120
D09773,D11290,P,248,unclassified,d0120
D09773,D11567,P,249,unclassified,d0120
D09773,D11807,P,250,unclassified,d0120
D09773,D11861,P,251,unclassified,d0120
D09773,D11862,P,252,unclassified,d0120
D09773,D12358,P,253,unclassified,d0120
D09773,D12437,P,254,unclassified,d0120
D09773,D12494,P,255,unclassified,d0120
D09773,D13245,P,256,unclassified,d0120
D10158,D00059,P,1,unclassified,d0100
D10158,D00076,P,2,unclassified,d0100
D10158,D00095,P,3,unclassified,d0100
D10158,D00211,P,4,unclassified,d0100
D10158,D00216,P,5,unclassified,d0100
D10158,D00225,P,6,unclassified,d0100
D10158,D00228,CI,7,unclassified,d0100
D10158,D00252,P,8,unclassified,d0100
D10158,D00253,P,9,unclassified,d0100
D10158,D00265,P,10,unclassified,d0100
D10158,D00267,P,11,unclassified,d0100
D10158,D00280,P,12,unclassified,d0100
D10158,D00283,P,13,unclassified,d0100
D10158,D00292,P,14,unclassified,d0100
D10158,D00293,P,15,unclassified,d0100
D10158,D00308,P,16,unclassified,d0100
D10158,D00311,P,17,unclassified,d0100
D10158,D00320,P,18,unclassified,d0100
D10158,D00336,P,19,unclassified,d0100
D10158,D00365,P,20,unclassified,d0100
D10158,D00367,CI,21,unclassified,d0100
D10158,D00387,P,22,unclassified,d0100
D10158,D00388,P,23,unclassified,d0100
D10158,D00402,P,24,unclassified,d0100
D10158,D00405,P,25,unclassified,d0100
D10158,D00415,CI,26,Enzyme: MAOA,d0100
D10158,D00420,P,27,unclassified,d0100
D10158,D00435,P,28,unclassified,d0100
D10158,D00451,CI,29,Enzyme: MAOA,d0100
D10158,D00457,P,30,unclassified,d0100
D10158,D00474,P,31,unclassified,d0100
D10158,D00481,P,32,unclassified,d0100
D10158,D00506,P,33,unclassified,d0100
D10158,D00511,P,34,unclassified,d0100
D10158,D00512,P,35,unclassified,d0100
D10158,D00520,CI,36,unclassified,d0100
D10158,D00531,P,37,unclassified,d0100
D10158,D00550,P,38,unclassified,d0100
D10158,D00559,P,39,unclassified,d0100
D10158,D00563,CI,40,unclassified,d0100
D10158,D00593,P,41,unclassified,d0100
D10158,D00594,P,42,unclassified,d0100
D10158,D00619,P,43,unclassified,d0100
D10158,D00625,P,44,unclassified,d0100
D10158,D00633,P,45,Enzyme-Target: MAOB,d0100
D10158,D00636,P,46,unclassified,d0100
D10158,D00665,P,47,unclassified,d0100
D10158,D00666,P,48,unclassified,d0100
D10158,D00668,P,49,unclassified,d0100
D10158,D00669,P,50,unclassified,d0100
D10158,D00672,P,51,unclassified,d0100
D10158,D00675,CI,52,unclassified,d0100
D10158,D00676,CI,53,Enzyme: MAOA,d0100
D10158,D00677,P,54,unclassified,d0100
D10158,D00678,P,55,unclassified,d0100
D10158,D00694,P,56,unclassified,d0100
D10158,D00701,P,57,unclassified,d0100
D10158,D00713,P,58,unclassified,d0100
D10158,D00714,P,59,unclassified,d0100
D10158,D00720,P,60,unclassified,d0100
D10158,D00722,P,61,unclassified,d0100
D10158,D00744,P,62,unclassified,d0100
D10158,D00765,P,63,unclassified,d0100
D10158,D00770,P,64,unclassified,d0100
D10158,D00777,P,65,unclassified,d0100
D10158,D00780,P,66,unclassified,d0100
D10158,D00781,P,67,unclassified,d0100
D10158,D00784,P,68,unclassified,d0100
D10158,D00785,CI,69,Target: MAOB,d0100
D10158,D00787,P,70,unclassified,d0100
D10158,D00809,CI,71,unclassified,d0100
D10158,D00811,CI,72,unclassified,d0100
D10158,D00815,CI,73,unclassified,d0100
D10158,D00816,CI,74,unclassified,d0100
D10158,D00818,CI,75,unclassified,d0100
D10158,D00820,P,76,unclassified,d0100
D10158,D00821,CI,77,unclassified,d0100
D10158,D00824,CI,78,unclassified,d0100
D10158,D00825,CI,79,unclassified,d0100
D10158,D00831,P,80,unclassified,d0100
D10158,D00836,P,81,unclassified,d0100
D10158,D00839,P,82,unclassified,d0100
D10158,D00842,P,83,unclassified,d0100
D10158,D00848,P,84,unclassified,d0100
D10158,D00944,P,85,unclassified,d0100
D10158,D00945,P,86,unclassified,d0100
D10158,D00947,P,87,unclassified,d0100
D10158,D00961,P,88,unclassified,d0100
D10158,D01007,P,89,unclassified,d0100
D10158,D01008,CI,90,unclassified,d0100
D10158,D01021,CI,91,unclassified,d0100
D10158,D01022,P,92,unclassified,d0100
D10158,D01096,P,93,unclassified,d0100
D10158,D01107,CI,94,unclassified,d0100
D10158,D01111,P,95,unclassified,d0100
D10158,D01165,P,96,unclassified,d0100
D10158,D01179,CI,97,unclassified,d0100
D10158,D01226,P,98,unclassified,d0100
D10158,D01230,P,99,unclassified,d0100
D10158,D01245,P,100,unclassified,d0100
D10158,D01253,P,101,unclassified,d0100
D10158,D01268,P,102,unclassified,d0100
D10158,D01269,P,103,unclassified,d0100
D10158,D01277,P,104,unclassified,d0100
D10158,D01278,P,105,unclassified,d0100
D10158,D01280,P,106,unclassified,d0100
D10158,D01292,P,107,unclassified,d0100
D10158,D01293,P,108,unclassified,d0100
D10158,D01296,CI,109,unclassified,d0100
D10158,D01302,P,110,unclassified,d0100
D10158,D01324,P,111,unclassified,d0100
D10158,D01328,P,112,unclassified,d0100
D10158,D01347,CI,113,unclassified,d0100
D10158,D01355,CI,114,unclassified,d0100
D10158,D01358,CI,115,unclassified,d0100
D10158,D01383,CI,116,unclassified,d0100
D10158,D01386,P,117,unclassified,d0100
D10158,D01389,P,118,unclassified,d0100
D10158,D01399,P,119,unclassified,d0100
D10158,D01408,P,120,unclassified,d0100
D10158,D01451,P,121,unclassified,d0100
D10158,D01453,P,122,unclassified,d0100
D10158,D01481,P,123,unclassified,d0100
D10158,D01514,P,124,unclassified,d0100
D10158,D01564,P,125,unclassified,d0100
D10158,D01599,P,126,unclassified,d0100
D10158,D01657,P,127,unclassified,d0100
D10158,D01665,P,128,unclassified,d0100
D10158,D01744,P,129,unclassified,d0100
D10158,D01832,P,130,unclassified,d0100
D10158,D01854,P,131,unclassified,d0100
D10158,D01872,P,132,unclassified,d0100
D10158,D01875,P,133,unclassified,d0100
D10158,D01898,P,134,unclassified,d0100
D10158,D01903,P,135,unclassified,d0100
D10158,D02016,P,136,unclassified,d0100
D10158,D02034,CI,137,unclassified,d0100
D10158,D02064,P,138,unclassified,d0100
D10158,D02069,P,139,unclassified,d0100
D10158,D02076,P,140,unclassified,d0100
D10158,D02101,P,141,unclassified,d0100
D10158,D02102,P,142,unclassified,d0100
D10158,D02103,P,143,unclassified,d0100
D10158,D02109,P,144,unclassified,d0100
D10158,D02135,P,145,unclassified,d0100
D10158,D02234,P,146,unclassified,d0100
D10158,D02242,CI,147,unclassified,d0100
D10158,D02246,P,148,unclassified,d0100
D10158,D02247,P,149,unclassified,d0100
D10158,D02260,CI,150,unclassified,d0100
D10158,D02271,P,151,unclassified,d0100
D10158,D02372,P,152,unclassified,d0100
D10158,D02408,CI,153,unclassified,d0100
D10158,D02409,P,154,unclassified,d0100
D10158,D02484,P,155,unclassified,d0100
D10158,D02535,P,156,unclassified,d0100
D10158,D02562,CI,157,Target: MAOB,d0100
D10158,D02567,CI,158,unclassified,d0100
D10158,D02574,CI,159,unclassified,d0100
D10158,D02691,P,160,unclassified,d0100
D10158,D02732,P,161,unclassified,d0100
D10158,D02968,P,162,unclassified,d0100
D10158,D03106,P,163,unclassified,d0100
D10158,D03230,P,164,unclassified,d0100
D10158,D03250,P,165,unclassified,d0100
D10158,D03658,P,166,unclassified,d0100
D10158,D03669,P,167,unclassified,d0100
D10158,D03855,CI,168,unclassified,d0100
D10158,D04024,P,169,unclassified,d0100
D10158,D04044,P,170,unclassified,d0100
D10158,D04052,P,171,unclassified,d0100
D10158,D04062,P,172,unclassified,d0100
D10158,D04081,P,173,unclassified,d0100
D10158,D04148,CI,174,unclassified,d0100
D10158,D04251,CI,175,unclassified,d0100
D10158,D04259,P,176,unclassified,d0100
D10158,D04261,P,177,unclassified,d0100
D10158,D04313,P,178,unclassified,d0100
D10158,D04340,P,179,unclassified,d0100
D10158,D04342,P,180,unclassified,d0100
D10158,D04364,P,181,unclassified,d0100
D10158,D04447,P,182,unclassified,d0100
D10158,D04475,P,183,unclassified,d0100
D10158,D04477,P,184,unclassified,d0100
D10158,D04539,P,185,unclassified,d0100
D10158,D04540,P,186,unclassified,d0100
D10158,D04547,P,187,unclassified,d0100
D10158,D04616,P,188,unclassified,d0100
D10158,D04641,P,189,unclassified,d0100
D10158,D04666,P,190,unclassified,d0100
D10158,D04747,CI,191,unclassified,d0100
D10158,D04813,P,192,unclassified,d0100
D10158,D04911,P,193,unclassified,d0100
D10158,D04935,P,194,unclassified,d0100
D10158,D05462,P,195,unclassified,d0100
D10158,D05768,P,196,unclassified,d0100
D10158,D05775,P,197,unclassified,d0100
D10158,D06273,P,198,unclassified,d0100
D10158,D06413,P,199,unclassified,d0100
D10158,D06414,P,200,unclassified,d0100
D10158,D06553,P,201,unclassified,d0100
D10158,D06597,P,202,unclassified,d0100
D10158,D06645,P,203,unclassified,d0100
D10158,D06698,P,204,unclassified,d0100
D10158,D06921,P,205,unclassified,d0100
D10158,D06927,P,206,unclassified,d0100
D10158,D06928,P,207,unclassified,d0100
D10158,D06951,P,208,unclassified,d0100
D10158,D06953,P,209,unclassified,d0100
D10158,D06955,P,210,unclassified,d0100
D10158,D06956,P,211,unclassified,d0100
D10158,D06987,P,212,unclassified,d0100
D10158,D06994,P,213,unclassified,d0100
D10158,D07041,P,214,unclassified,d0100
D10158,D07042,P,215,unclassified,d0100
D10158,D07043,P,216,unclassified,d0100
D10158,D07044,P,217,unclassified,d0100
D10158,D07045,P,218,unclassified,d0100
D10158,D07048,P,219,unclassified,d0100
D10158,D07080,P,220,unclassified,d0100
D10158,D07132,P,221,unclassified,d0100
D10158,D07583,P,222,unclassified,d0100
D10158,D07595,P,223,unclassified,d0100
D10158,D08080,P,224,unclassified,d0100
D10158,D08575,CI,225,unclassified,d0100
D10158,D08695,P,226,unclassified,d0100
D10158,D08769,P,227,unclassified,d0100
D10158,D08897,P,228,unclassified,d0100
D10158,D08923,P,229,unclassified,d0100
D10158,D09186,P,230,unclassified,d0100
D10158,D09319,P,231,unclassified,d0100
D10158,D09566,P,232,unclassified,d0100
D10158,D09592,P,233,unclassified,d0100
D10158,D09638,P,234,unclassified,d0100
D10158,D09727,P,235,unclassified,d0100
D10158,D09731,P,236,unclassified,d0100
D10158,D09744,P,237,unclassified,d0100
D10158,D09753,P,238,unclassified,d0100
D10158,D09756,P,239,unclassified,d0100
D10158,D09763,P,240,unclassified,d0100
D10158,D09780,P,241,unclassified,d0100
D10158,D09799,P,242,unclassified,d0100
D10158,D09848,P,243,unclassified,d0100
D10158,D09889,P,244,unclassified,d0100
D10158,D09978,P,245,unclassified,d0100
D10158,D09993,P,246,unclassified,d0100
D10158,D09996,P,247,unclassified,d0100
D10158,D09999,CI,248,unclassified,d0100
D10158,D10003,P,249,unclassified,d0100
D10158,D10104,P,250,unclassified,d0100
D10158,D10127,P,251,unclassified,d0100
D10158,D10159,P,252,unclassified,d0100
D10158,D10160,P,253,unclassified,d0100
D10158,D10161,P,254,unclassified,d0100
D10158,D10179,P,255,unclassified,d0100
D10158,D10185,CI,256,unclassified,d0100
D10158,D10191,CI,257,Enzyme: MAOA / Target: MAOB,d0100
D10158,D10195,P,258,unclassified,d0100
D10158,D10200,P,259,unclassified,d0100
D10158,D10218,P,260,unclassified,d0100
D10158,D10252,P,261,unclassified,d0100
D10158,D10253,P,262,unclassified,d0100
D10158,D10293,P,263,unclassified,d0100
D10158,D10298,P,264,unclassified,d0100
D10158,D10317,P,265,unclassified,d0100
D10158,D10372,P,266,unclassified,d0100
D10158,D10424,P,267,unclassified,d0100
D10158,D10459,P,268,unclassified,d0100
D10158,D10466,P,269,unclassified,d0100
D10158,D10505,P,270,unclassified,d0100
D10158,D10551,P,271,unclassified,d0100
D10158,D10564,P,272,unclassified,d0100
D10158,D10566,P,273,unclassified,d0100
D10158,D10570,P,274,unclassified,d0100
D10158,D10588,P,275,unclassified,d0100
D10158,D10633,P,276,unclassified,d0100
D10158,D10643,P,277,unclassified,d0100
D10158,D10743,P,278,unclassified,d0100
D10158,D10744,P,279,unclassified,d0100
D10158,D10762,P,280,unclassified,d0100
D10158,D10774,P,281,unclassified,d0100
D10158,D10775,P,282,unclassified,d0100
D10158,D10801,P,283,unclassified,d0100
D10158,D10825,P,284,unclassified,d0100
D10158,D10854,P,285,unclassified,d0100
D10158,D10897,P,286,unclassified,d0100
D10158,D10926,P,287,unclassified,d0100
D10158,D10967,P,288,unclassified,d0100
D10158,D10990,P,289,unclassified,d0100
D10158,D10999,P,290,unclassified,d0100
D10158,D11012,P,291,unclassified,d0100
D10158,D11034,P,292,unclassified,d0100
D10158,D11040,P,293,unclassified,d0100
D10158,D11053,P,294,unclassified,d0100
D10158,D11064,P,295,unclassified,d0100
D10158,D11090,P,296,unclassified,d0100
D10158,D11109,P,297,unclassified,d0100
D10158,D11138,P,298,unclassified,d0100
D10158,D11194,P,299,unclassified,d0100
D10158,D11290,P,300,unclassified,d0100
D10158,D11296,P,301,unclassified,d0100
D10158,D11370,P,302,unclassified,d0100
D10158,D11371,P,303,unclassified,d0100
D10158,D11422,P,304,unclassified,d0100
D10158,D11454,P,305,unclassified,d0100
D10158,D11485,P,306,unclassified,d0100
D10158,D11557,P,307,unclassified,d0100
D10158,D11567,P,308,unclassified,d0100
D10158,D11674,P,309,unclassified,d0100
D10158,D11713,P,310,unclassified,d0100
D10158,D11804,P,311,unclassified,d0100
D10158,D11807,P,312,unclassified,d0100
D10158,D11816,P,313,unclassified,d0100
D10158,D11835,P,314,unclassified,d0100
D10158,D11861,P,315,unclassified,d0100
D10158,D11862,P,316,unclassified,d0100
D10158,D11873,P,317,unclassified,d0100
D10158,D11887,P,318,unclassified,d0100
D10158,D11920,P,319,unclassified,d0100
D10158,D11954,P,320,unclassified,d0100
D10158,D11970,P,321,unclassified,d0100
D10158,D12049,P,322,unclassified,d0100
D10158,D12050,P,323,unclassified,d0100
D10158,D12055,P,324,unclassified,d0100
D10158,D12245,P,325,unclassified,d0100
D10158,D12252,P,326,unclassified,d0100
D10158,D12358,P,327,unclassified,d0100
D10158,D12437,P,328,unclassified,d0100
D10158,D12442,P,329,unclassified,d0100
D10158,D12444,P,330,unclassified,d0100
D10158,D12494,P,331,unclassified,d0100
D10158,D12586,P,332,unclassified,d0100
D10158,D12837,P,333,unclassified,d0100
D10158,D13245,P,334,unclassified,d0100
D10191,cpd:C06807,P,1,unclassified,d0101
D10191,D00059,P,2,unclassified,d0101
D10191,D00076,P,3,unclassified,d0101
D10191,D00095,P,4,unclassified,d0101
D10191,D00124,P,5,unclassified,d0101
D10191,D00136,P,6,unclassified,d0101
D10191,D00197,P,7,unclassified,d0101
D10191,D00211,P,8,unclassified,d0101
D10191,D00216,P,9,unclassified,d0101
D10191,D00225,P,10,unclassified,d0101
D10191,D00228,CI,11,unclassified,d0101
D10191,D00252,P,12,unclassified,d0101
D10191,D00253,P,13,unclassified,d0101
D10191,D00265,P,14,unclassified,d0101
D10191,D00267,P,15,unclassified,d0101
D10191,D00270,P,16,unclassified,d0101
D10191,D00280,P,17,unclassified,d0101
D10191,D00281,P,18,unclassified,d0101
D10191,D00283,P,19,unclassified,d0101
D10191,D00292,P,20,unclassified,d0101
D10191,D00293,P,21,unclassified,d0101
D10191,D00308,P,22,unclassified,d0101
D10191,D00311,P,23,unclassified,d0101
D10191,D00320,P,24,unclassified,d0101
D10191,D00326,CI,25,unclassified,d0101
D10191,D00336,P,26,unclassified,d0101
D10191,D00346,CI,27,unclassified,d0101
D10191,D00365,P,28,unclassified,d0101
D10191,D00367,CI,29,unclassified,d0101
D10191,D00373,P,30,unclassified,d0101
D10191,D00387,P,31,unclassified,d0101
D10191,D00388,P,32,unclassified,d0101
D10191,D00390,P,33,unclassified,d0101
D10191,D00394,CI,34,unclassified,d0101
D10191,D00402,P,35,unclassified,d0101
D10191,D00403,P,36,unclassified,d0101
D10191,D00405,P,37,unclassified,d0101
D10191,D00415,CI,38,Enzyme: MAOA,d0101
D10191,D00420,P,39,unclassified,d0101
D10191,D00435,P,40,unclassified,d0101
D10191,D00451,CI,41,Enzyme: MAOA,d0101
D10191,D00457,P,42,unclassified,d0101
D10191,D00474,P,43,unclassified,d0101
D10191,D00479,P,44,unclassified,d0101
D10191,D00481,P,45,unclassified,d0101
D10191,D00484,CI,46,unclassified,d0101
D10191,D00485,P,47,unclassified,d0101
D10191,D00493,P,48,unclassified,d0101
D10191,D00503,P,49,unclassified,d0101
D10191,D00505,CI,50,Target: MAOB / Enzyme-Target: MAOA,d0101
D10191,D00506,P,51,unclassified,d0101
D10191,D00511,P,52,unclassified,d0101
D10191,D00512,P,53,unclassified,d0101
D10191,D00514,P,54,unclassified,d0101
D10191,D00520,CI,55,unclassified,d0101
D10191,D00531,P,56,unclassified,d0101
D10191,D00550,P,57,unclassified,d0101
D10191,D00559,P,58,unclassified,d0101
D10191,D00563,CI,59,unclassified,d0101
D10191,D00593,P,60,unclassified,d0101
D10191,D00594,P,61,unclassified,d0101
D10191,D00604,P,62,unclassified,d0101
D10191,D00606,P,63,unclassified,d0101
D10191,D00607,P,64,unclassified,d0101
D10191,D00619,P,65,unclassified,d0101
D10191,D00625,P,66,unclassified,d0101
D10191,D00632,P,67,unclassified,d0101
D10191,D00633,P,68,Enzyme-Target: MAOB,d0101
D10191,D00636,P,69,unclassified,d0101
D10191,D00665,P,70,unclassified,d0101
D10191,D00666,P,71,unclassified,d0101
D10191,D00668,P,72,unclassified,d0101
D10191,D00669,P,73,unclassified,d0101
D10191,D00672,P,74,unclassified,d0101
D10191,D00675,CI,75,unclassified,d0101
D10191,D00676,CI,76,Enzyme: MAOA,d0101
D10191,D00677,P,77,unclassified,d0101
D10191,D00678,P,78,unclassified,d0101
D10191,D00683,P,79,unclassified,d0101
D10191,D00684,P,80,unclassified,d0101
D10191,D00685,P,81,unclassified,d0101
D10191,D00686,P,82,unclassified,d0101
D10191,D00687,P,83,unclassified,d0101
D10191,D00688,P,84,unclassified,d0101
D10191,D00694,P,85,unclassified,d0101
D10191,D00701,P,86,unclassified,d0101
D10191,D00713,P,87,unclassified,d0101
D10191,D00714,P,88,unclassified,d0101
D10191,D00720,P,89,unclassified,d0101
D10191,D00722,P,90,unclassified,d0101
D10191,D00726,P,91,unclassified,d0101
D10191,D00743,P,92,unclassified,d0101
D10191,D00744,P,93,unclassified,d0101
D10191,D00756,P,94,unclassified,d0101
D10191,D00765,P,95,unclassified,d0101
D10191,D00770,P,96,unclassified,d0101
D10191,D00776,P,97,unclassified,d0101
D10191,D00777,P,98,unclassified,d0101
D10191,D00780,P,99,unclassified,d0101
D10191,D00781,P,100,unclassified,d0101
D10191,D00784,P,101,unclassified,d0101
D10191,D00785,CI,102,Target: MAOB,d0101
D10191,D00787,P,103,unclassified,d0101
D10191,D00788,P,104,unclassified,d0101
D10191,D00789,P,105,unclassified,d0101
D10191,D00791,P,106,unclassified,d0101
D10191,D00792,P,107,unclassified,d0101
D10191,D00793,P,108,unclassified,d0101
D10191,D00795,P,109,unclassified,d0101
D10191,D00797,P,110,unclassified,d0101
D10191,D00798,P,111,unclassified,d0101
D10191,D00799,P,112,unclassified,d0101
D10191,D00800,P,113,unclassified,d0101
D10191,D00809,CI,114,unclassified,d0101
D10191,D00811,CI,115,unclassified,d0101
D10191,D00812,CI,116,unclassified,d0101
D10191,D00814,CI,117,unclassified,d0101
D10191,D00815,CI,118,unclassified,d0101
D10191,D00816,CI,119,unclassified,d0101
D10191,D00818,CI,120,unclassified,d0101
D10191,D00820,P,121,unclassified,d0101
D10191,D00821,CI,122,unclassified,d0101
D10191,D00822,CI,123,unclassified,d0101
D10191,D00823,CI,124,unclassified,d0101
D10191,D00824,CI,125,unclassified,d0101
D10191,D00825,CI,126,unclassified,d0101
D10191,D00826,CI,127,Target: MAOB / Enzyme-Target: MAOA,d0101
D10191,D00831,P,128,unclassified,d0101
D10191,D00836,P,129,unclassified,d0101
D10191,D00839,P,130,unclassified,d0101
D10191,D00842,P,131,unclassified,d0101
D10191,D00848,P,132,unclassified,d0101
D10191,D00944,P,133,unclassified,d0101
D10191,D00945,P,134,unclassified,d0101
D10191,D00947,P,135,unclassified,d0101
D10191,D00961,P,136,unclassified,d0101
D10191,D00996,P,137,unclassified,d0101
D10191,D01007,P,138,unclassified,d0101
D10191,D01008,"CI,P",139,unclassified,d0101
D10191,D01017,P,140,unclassified,d0101
D10191,D01019,P,141,unclassified,d0101
D10191,D01020,P,142,unclassified,d0101
D10191,D01021,"CI,P",143,unclassified,d0101
D10191,D01022,P,144,unclassified,d0101
D10191,D01023,P,145,unclassified,d0101
D10191,D01051,P,146,unclassified,d0101
D10191,D01096,P,147,unclassified,d0101
D10191,D01097,CI,148,Target: MAOB,d0101
D10191,D01101,P,149,unclassified,d0101
D10191,D01105,P,150,unclassified,d0101
D10191,D01107,CI,151,unclassified,d0101
D10191,D01110,CI,152,unclassified,d0101
D10191,D01111,P,153,unclassified,d0101
D10191,D01130,P,154,unclassified,d0101
D10191,D01165,P,155,unclassified,d0101
D10191,D01179,CI,156,unclassified,d0101
D10191,D01205,P,157,unclassified,d0101
D10191,D01224,P,158,unclassified,d0101
D10191,D01226,P,159,unclassified,d0101
D10191,D01230,P,160,unclassified,d0101
D10191,D01245,P,161,unclassified,d0101
D10191,D01253,P,162,unclassified,d0101
D10191,D01263,P,163,unclassified,d0101
D10191,D01268,P,164,unclassified,d0101
D10191,D01269,P,165,unclassified,d0101
D10191,D01277,P,166,unclassified,d0101
D10191,D01278,P,167,unclassified,d0101
D10191,D01280,P,168,unclassified,d0101
D10191,D01285,CI,169,unclassified,d0101
D10191,D01292,P,170,unclassified,d0101
D10191,D01293,P,171,unclassified,d0101
D10191,D01296,CI,172,unclassified,d0101
D10191,D01302,P,173,unclassified,d0101
D10191,D01307,P,174,unclassified,d0101
D10191,D01314,CI,175,unclassified,d0101
D10191,D01324,P,176,unclassified,d0101
D10191,D01328,P,177,unclassified,d0101
D10191,D01347,CI,178,unclassified,d0101
D10191,D01349,P,179,unclassified,d0101
D10191,D01355,CI,180,unclassified,d0101
D10191,D01358,CI,181,unclassified,d0101
D10191,D01360,P,182,unclassified,d0101
D10191,D01362,P,183,unclassified,d0101
D10191,D01373,P,184,unclassified,d0101
D10191,D01383,CI,185,unclassified,d0101
D10191,D01386,P,186,unclassified,d0101
D10191,D01389,P,187,unclassified,d0101
D10191,D01390,P,188,unclassified,d0101
D10191,D01399,P,189,unclassified,d0101
D10191,D01405,P,190,unclassified,d0101
D10191,D01408,P,191,unclassified,d0101
D10191,D01412,P,192,unclassified,d0101
D10191,D01428,P,193,unclassified,d0101
D10191,D01447,P,194,unclassified,d0101
D10191,D01448,P,195,unclassified,d0101
D10191,D01451,P,196,unclassified,d0101
D10191,D01453,P,197,unclassified,d0101
D10191,D01477,CI,198,unclassified,d0101
D10191,D01481,P,199,unclassified,d0101
D10191,D01482,P,200,unclassified,d0101
D10191,D01485,P,201,unclassified,d0101
D10191,D01501,CI,202,unclassified,d0101
D10191,D01514,P,203,unclassified,d0101
D10191,D01520,P,204,unclassified,d0101
D10191,D01546,CI,205,unclassified,d0101
D10191,D01564,P,206,unclassified,d0101
D10191,D01589,P,207,unclassified,d0101
D10191,D01599,P,208,unclassified,d0101
D10191,D01635,P,209,unclassified,d0101
D10191,D01657,P,210,unclassified,d0101
D10191,D01665,P,211,unclassified,d0101
D10191,D01744,P,212,unclassified,d0101
D10191,D01748,P,213,unclassified,d0101
D10191,D01832,P,214,unclassified,d0101
D10191,D01835,P,215,unclassified,d0101
D10191,D01854,P,216,unclassified,d0101
D10191,D01860,P,217,unclassified,d0101
D10191,D01872,P,218,unclassified,d0101
D10191,D01875,P,219,unclassified,d0101
D10191,D01888,CI,220,Target: MAOB / Enzyme-Target: MAOA,d0101
D10191,D01898,P,221,unclassified,d0101
D10191,D01903,P,222,unclassified,d0101
D10191,D01952,P,223,unclassified,d0101
D10191,D01978,P,224,unclassified,d0101
D10191,D02002,CI,225,unclassified,d0101
D10191,D02016,P,226,unclassified,d0101
D10191,D02022,P,227,unclassified,d0101
D10191,D02034,CI,228,unclassified,d0101
D10191,D02035,P,229,unclassified,d0101
D10191,D02037,P,230,unclassified,d0101
D10191,D02064,P,231,unclassified,d0101
D10191,D02066,P,232,unclassified,d0101
D10191,D02069,P,233,unclassified,d0101
D10191,D02076,P,234,unclassified,d0101
D10191,D02078,CI,235,unclassified,d0101
D10191,D02080,CI,236,unclassified,d0101
D10191,D02093,P,237,unclassified,d0101
D10191,D02101,P,238,unclassified,d0101
D10191,D02102,P,239,unclassified,d0101
D10191,D02103,P,240,unclassified,d0101
D10191,D02109,P,241,unclassified,d0101
D10191,D02135,P,242,unclassified,d0101
D10191,D02147,P,243,unclassified,d0101
D10191,D02149,P,244,unclassified,d0101
D10191,D02150,P,245,unclassified,d0101
D10191,D02151,P,246,unclassified,d0101
D10191,D02163,P,247,unclassified,d0101
D10191,D02213,P,248,unclassified,d0101
D10191,D02234,P,249,unclassified,d0101
D10191,D02237,CI,250,unclassified,d0101
D10191,D02242,CI,251,unclassified,d0101
D10191,D02246,P,252,unclassified,d0101
D10191,D02247,P,253,unclassified,d0101
D10191,D02248,P,254,unclassified,d0101
D10191,D02260,CI,255,unclassified,d0101
D10191,D02271,P,256,unclassified,d0101
D10191,D02281,P,257,unclassified,d0101
D10191,D02349,P,258,unclassified,d0101
D10191,D02354,P,259,unclassified,d0101
D10191,D02359,P,260,unclassified,d0101
D10191,D02360,CI,261,unclassified,d0101
D10191,D02362,CI,262,unclassified,d0101
D10191,D02372,P,263,unclassified,d0101
D10191,D02388,P,264,unclassified,d0101
D10191,D02396,P,265,unclassified,d0101
D10191,D02404,P,266,unclassified,d0101
D10191,D02408,CI,267,unclassified,d0101
D10191,D02409,P,268,unclassified,d0101
D10191,D02484,P,269,unclassified,d0101
D10191,D02535,P,270,unclassified,d0101
D10191,D02537,P,271,unclassified,d0101
D10191,D02559,CI,272,Enzyme-Target: MAOA,d0101
D10191,D02560,CI,273,Enzyme-Target: MAOA,d0101
D10191,D02561,CI,274,Enzyme-Target: MAOA,d0101
D10191,D02562,CI,275,Target: MAOB,d0101
D10191,D02563,CI,276,Enzyme-Target: MAOA,d0101
D10191,D02564,CI,277,Target: MAOB / Enzyme-Target: MAOA,d0101
D10191,D02565,CI,278,unclassified,d0101
D10191,D02566,CI,279,unclassified,d0101
D10191,D02567,CI,280,unclassified,d0101
D10191,D02570,CI,281,unclassified,d0101
D10191,D02572,CI,282,unclassified,d0101
D10191,D02573,CI,283,unclassified,d0101
D10191,D02574,CI,284,unclassified,d0101
D10191,D02579,CI,285,Target: MAOB / Enzyme-Target: MAOA,d0101
D10191,D02580,CI,286,Target: MAOB / Enzyme-Target: MAOA,d0101
D10191,D02581,CI,287,Enzyme-Target: MAOA,d0101
D10191,D02604,P,288,unclassified,d0101
D10191,D02605,P,289,unclassified,d0101
D10191,D02607,P,290,unclassified,d0101
D10191,D02608,P,291,unclassified,d0101
D10191,D02609,P,292,unclassified,d0101
D10191,D02610,P,293,unclassified,d0101
D10191,D02614,P,294,unclassified,d0101
D10191,D02620,P,295,unclassified,d0101
D10191,D02621,P,296,unclassified,d0101
D10191,D02622,P,297,unclassified,d0101
D10191,D02623,P,298,unclassified,d0101
D10191,D02625,P,299,unclassified,d0101
D10191,D02626,P,300,unclassified,d0101
D10191,D02627,P,301,unclassified,d0101
D10191,D02628,P,302,unclassified,d0101
D10191,D02642,P,303,unclassified,d0101
D10191,D02643,P,304,unclassified,d0101
D10191,D02644,P,305,unclassified,d0101
D10191,D02651,P,306,unclassified,d0101
D10191,D02653,P,307,unclassified,d0101
D10191,D02668,P,308,unclassified,d0101
D10191,D02671,P,309,unclassified,d0101
D10191,D02679,P,310,unclassified,d0101
D10191,D02680,P,311,unclassified,d0101
D10191,D02686,P,312,unclassified,d0101
D10191,D02691,P,313,unclassified,d0101
D10191,D02702,P,314,unclassified,d0101
D10191,D02704,CI,315,unclassified,d0101
D10191,D02732,P,316,unclassified,d0101
D10191,D02774,P,317,unclassified,d0101
D10191,D02787,CI,318,unclassified,d0101
D10191,D02901,P,319,unclassified,d0101
D10191,D02910,P,320,unclassified,d0101
D10191,D02968,P,321,unclassified,d0101
D10191,D02972,CI,322,unclassified,d0101
D10191,D02976,P,323,unclassified,d0101
D10191,D02981,P,324,unclassified,d0101
D10191,D03038,CI,325,unclassified,d0101
D10191,D03071,CI,326,unclassified,d0101
D10191,D03106,P,327,unclassified,d0101
D10191,D03195,P,328,unclassified,d0101
D10191,D03199,CI,329,unclassified,d0101
D10191,D03230,P,330,unclassified,d0101
D10191,D03239,CI,331,Target: MAOB / Enzyme-Target: MAOA,d0101
D10191,D03248,CI,332,Enzyme-Target: MAOA,d0101
D10191,D03250,P,333,unclassified,d0101
D10191,D03274,P,334,unclassified,d0101
D10191,D03402,P,335,unclassified,d0101
D10191,D03409,CI,336,Target: MAOB / Enzyme-Target: MAOA,d0101
D10191,D03491,CI,337,unclassified,d0101
D10191,D03502,P,338,unclassified,d0101
D10191,D03587,P,339,unclassified,d0101
D10191,D03649,CI,340,unclassified,d0101
D10191,D03658,P,341,unclassified,d0101
D10191,D03666,P,342,unclassified,d0101
D10191,D03669,P,343,unclassified,d0101
D10191,D03702,P,344,unclassified,d0101
D10191,D03731,CI,345,Target: MAOB,d0101
D10191,D03733,CI,346,Target: MAOB,d0101
D10191,D03740,CI,347,unclassified,d0101
D10191,D03855,CI,348,unclassified,d0101
D10191,D03879,P,349,unclassified,d0101
D10191,D03880,P,350,unclassified,d0101
D10191,D03881,P,351,unclassified,d0101
D10191,D03891,P,352,unclassified,d0101
D10191,D03892,P,353,unclassified,d0101
D10191,D03914,P,354,unclassified,d0101
D10191,D03921,P,355,unclassified,d0101
D10191,D04018,P,356,unclassified,d0101
D10191,D04024,P,357,unclassified,d0101
D10191,D04034,P,358,unclassified,d0101
D10191,D04038,P,359,unclassified,d0101
D10191,D04044,P,360,unclassified,d0101
D10191,D04052,P,361,unclassified,d0101
D10191,D04055,CI,362,unclassified,d0101
D10191,D04062,P,363,unclassified,d0101
D10191,D04081,P,364,unclassified,d0101
D10191,D04092,CI,365,Target: MAOB / Enzyme-Target: MAOA,d0101
D10191,D04105,CI,366,unclassified,d0101
D10191,D04148,CI,367,unclassified,d0101
D10191,D04157,P,368,unclassified,d0101
D10191,D04251,CI,369,unclassified,d0101
D10191,D04259,P,370,unclassified,d0101
D10191,D04261,P,371,unclassified,d0101
D10191,D04313,P,372,unclassified,d0101
D10191,D04340,P,373,unclassified,d0101
D10191,D04342,P,374,unclassified,d0101
D10191,D04364,P,375,unclassified,d0101
D10191,D04382,CI,376,unclassified,d0101
D10191,D04447,P,377,unclassified,d0101
D10191,D04473,CI,378,unclassified,d0101
D10191,D04475,P,379,unclassified,d0101
D10191,D04477,P,380,unclassified,d0101
D10191,D04539,P,381,unclassified,d0101
D10191,D04540,P,382,unclassified,d0101
D10191,D04547,P,383,unclassified,d0101
D10191,D04556,CI,384,unclassified,d0101
D10191,D04605,CI,385,unclassified,d0101
D10191,D04616,P,386,unclassified,d0101
D10191,D04625,P,387,unclassified,d0101
D10191,D04626,P,388,unclassified,d0101
D10191,D04641,P,389,unclassified,d0101
D10191,D04652,CI,390,unclassified,d0101
D10191,D04666,P,391,unclassified,d0101
D10191,D04681,CI,392,Target: MAOB,d0101
D10191,D04701,P,393,unclassified,d0101
D10191,D04703,P,394,unclassified,d0101
D10191,D04708,P,395,unclassified,d0101
D10191,D04747,CI,396,unclassified,d0101
D10191,D04765,P,397,unclassified,d0101
D10191,D04781,CI,398,unclassified,d0101
D10191,D04813,P,399,unclassified,d0101
D10191,D04883,P,400,unclassified,d0101
D10191,D04911,P,401,unclassified,d0101
D10191,D04935,P,402,unclassified,d0101
D10191,D04954,P,403,unclassified,d0101
D10191,D04965,P,404,unclassified,d0101
D10191,D05008,P,405,unclassified,d0101
D10191,D05033,CI,406,Target: MAOB,d0101
D10191,D05037,P,407,unclassified,d0101
D10191,D05039,CI,408,Enzyme-Target: MAOA,d0101
D10191,D05040,CI,409,Enzyme-Target: MAOA,d0101
D10191,D05120,CI,410,unclassified,d0101
D10191,D05173,CI,411,unclassified,d0101
D10191,D05200,CI,412,unclassified,d0101
D10191,D05206,P,413,unclassified,d0101
D10191,D05231,CI,414,unclassified,d0101
D10191,D05277,P,415,unclassified,d0101
D10191,D05284,CI,416,unclassified,d0101
D10191,D05366,P,417,unclassified,d0101
D10191,D05374,CI,418,unclassified,d0101
D10191,D05375,CI,419,unclassified,d0101
D10191,D05462,P,420,unclassified,d0101
D10191,D05466,P,421,unclassified,d0101
D10191,D05476,P,422,unclassified,d0101
D10191,D05491,CI,423,unclassified,d0101
D10191,D05495,P,424,unclassified,d0101
D10191,D05606,P,425,unclassified,d0101
D10191,D05648,P,426,unclassified,d0101
D10191,D05649,P,427,unclassified,d0101
D10191,D05691,P,428,unclassified,d0101
D10191,D05718,P,429,unclassified,d0101
D10191,D05730,P,430,unclassified,d0101
D10191,D05768,P,431,unclassified,d0101
D10191,D05775,P,432,unclassified,d0101
D10191,D05792,P,433,unclassified,d0101
D10191,D05832,P,434,unclassified,d0101
D10191,D05879,P,435,unclassified,d0101
D10191,D05997,CI,436,unclassified,d0101
D10191,D06004,CI,437,unclassified,d0101
D10191,D06273,P,438,unclassified,d0101
D10191,D06344,P,439,unclassified,d0101
D10191,D06367,CI,440,unclassified,d0101
D10191,D06374,P,441,unclassified,d0101
D10191,D06394,P,442,unclassified,d0101
D10191,D06413,P,443,unclassified,d0101
D10191,D06414,P,444,unclassified,d0101
D10191,D06553,P,445,unclassified,d0101
D10191,D06597,P,446,unclassified,d0101
D10191,D06645,P,447,unclassified,d0101
D10191,D06698,P,448,unclassified,d0101
D10191,D06921,P,449,unclassified,d0101
D10191,D06927,P,450,unclassified,d0101
D10191,D06928,P,451,unclassified,d0101
D10191,D06951,P,452,unclassified,d0101
D10191,D06953,P,453,unclassified,d0101
D10191,D06955,P,454,unclassified,d0101
D10191,D06956,P,455,unclassified,d0101
D10191,D06987,P,456,unclassified,d0101
D10191,D06994,P,457,unclassified,d0101
D10191,D07041,P,458,unclassified,d0101
D10191,D07042,P,459,unclassified,d0101
D10191,D07043,P,460,unclassified,d0101
D10191,D07044,P,461,unclassified,d0101
D10191,D07045,P,462,unclassified,d0101
D10191,D07048,P,463,unclassified,d0101
D10191,D07065,P,464,unclassified,d0101
D10191,D07080,P,465,unclassified,d0101
D10191,D07132,P,466,unclassified,d0101
D10191,D07148,P,467,unclassified,d0101
D10191,D07307,P,468,unclassified,d0101
D10191,D07308,P,469,unclassified,d0101
D10191,D07309,P,470,unclassified,d0101
D10191,D07334,CI,471,unclassified,d0101
D10191,D07335,CI,472,unclassified,d0101
D10191,D07336,CI,473,unclassified,d0101
D10191,D07337,CI,474,Target: MAOB / Enzyme-Target: MAOA,d0101
D10191,D07338,CI,475,Target: MAOB / Enzyme-Target: MAOA,d0101
D10191,D07377,P,476,unclassified,d0101
D10191,D07448,CI,477,unclassified,d0101
D10191,D07461,P,478,unclassified,d0101
D10191,D07463,P,479,unclassified,d0101
D10191,D07473,CI,480,unclassified,d0101
D10191,D07489,P,481,unclassified,d0101
D10191,D07534,P,482,unclassified,d0101
D10191,D07540,P,483,unclassified,d0101
D10191,D07560,P,484,unclassified,d0101
D10191,D07583,P,485,unclassified,d0101
D10191,D07595,P,486,unclassified,d0101
D10191,D07601,CI,487,unclassified,d0101
D10191,D07685,P,488,unclassified,d0101
D10191,D07704,CI,489,unclassified,d0101
D10191,D07705,CI,490,unclassified,d0101
D10191,D07713,P,491,unclassified,d0101
D10191,D07727,CI,492,unclassified,d0101
D10191,D07756,P,493,unclassified,d0101
D10191,D07791,CI,494,unclassified,d0101
D10191,D07793,CI,495,unclassified,d0101
D10191,D07795,P,496,unclassified,d0101
D10191,D07812,CI,497,unclassified,d0101
D10191,D07865,P,498,unclassified,d0101
D10191,D07872,CI,499,unclassified,d0101
D10191,D07875,CI,500,unclassified,d0101
D10191,D07880,CI,501,unclassified,d0101
D10191,D07913,CI,502,unclassified,d0101
D10191,D07977,P,503,unclassified,d0101
D10191,D07984,CI,504,unclassified,d0101
D10191,D07990,P,505,unclassified,d0101
D10191,D08030,CI,506,unclassified,d0101
D10191,D08031,P,507,unclassified,d0101
D10191,D08035,P,508,unclassified,d0101
D10191,D08039,P,509,unclassified,d0101
D10191,D08070,CI,510,unclassified,d0101
D10191,D08071,CI,511,unclassified,d0101
D10191,D08072,CI,512,unclassified,d0101
D10191,D08080,P,513,unclassified,d0101
D10191,D08085,CI,514,Target: MAOB / Enzyme-Target: MAOA,d0101
D10191,D08090,P,515,unclassified,d0101
D10191,D08092,P,516,unclassified,d0101
D10191,D08093,P,517,unclassified,d0101
D10191,D08124,P,518,unclassified,d0101
D10191,D08140,CI,519,unclassified,d0101
D10191,D08141,P,520,unclassified,d0101
D10191,D08165,P,521,unclassified,d0101
D10191,D08171,CI,522,unclassified,d0101
D10191,D08172,P,523,unclassified,d0101
D10191,D08192,P,524,unclassified,d0101
D10191,D08201,P,525,unclassified,d0101
D10191,D08205,P,526,unclassified,d0101
D10191,D08206,P,527,unclassified,d0101
D10191,D08216,CI,528,unclassified,d0101
D10191,D08220,P,529,unclassified,d0101
D10191,D08222,CI,530,unclassified,d0101
D10191,D08253,P,531,unclassified,d0101
D10191,D08284,P,532,unclassified,d0101
D10191,D08286,P,533,unclassified,d0101
D10191,D08288,CI,534,unclassified,d0101
D10191,D08297,CI,535,unclassified,d0101
D10191,D08300,P,536,unclassified,d0101
D10191,D08308,P,537,unclassified,d0101
D10191,D08309,P,538,unclassified,d0101
D10191,D08322,P,539,unclassified,d0101
D10191,D08341,P,540,unclassified,d0101
D10191,D08342,P,541,unclassified,d0101
D10191,D08347,CI,542,unclassified,d0101
D10191,D08348,CI,543,unclassified,d0101
D10191,D08349,CI,544,Target: MAOB / Enzyme-Target: MAOA,d0101
D10191,D08365,P,545,unclassified,d0101
D10191,D08366,P,546,unclassified,d0101
D10191,D08368,P,547,unclassified,d0101
D10191,D08385,P,548,unclassified,d0101
D10191,D08387,P,549,unclassified,d0101
D10191,D08392,CI,550,Enzyme-Target: MAOA,d0101
D10191,D08393,CI,551,Enzyme-Target: MAOA,d0101
D10191,D08424,P,552,unclassified,d0101
D10191,D08430,P,553,unclassified,d0101
D10191,D08447,CI,554,unclassified,d0101
D10191,D08449,P,555,unclassified,d0101
D10191,D08453,CI,556,Target: MAOB / Enzyme-Target: MAOA,d0101
D10191,D08469,CI,557,Target: MAOB,d0101
D10191,D08472,CI,558,unclassified,d0101
D10191,D08474,P,559,unclassified,d0101
D10191,D08487,P,560,unclassified,d0101
D10191,D08511,CI,561,unclassified,d0101
D10191,D08570,P,562,unclassified,d0101
D10191,D08575,CI,563,unclassified,d0101
D10191,D08578,P,564,unclassified,d0101
D10191,D08585,P,565,unclassified,d0101
D10191,D08611,P,566,unclassified,d0101
D10191,D08625,CI,567,Target: MAOB / Enzyme-Target: MAOA,d0101
D10191,D08629,P,568,unclassified,d0101
D10191,D08636,P,569,unclassified,d0101
D10191,D08637,P,570,unclassified,d0101
D10191,D08670,CI,571,unclassified,d0101
D10191,D08673,CI,572,unclassified,d0101
D10191,D08683,P,573,unclassified,d0101
D10191,D08695,P,574,unclassified,d0101
D10191,D08769,P,575,unclassified,d0101
D10191,D08850,P,576,unclassified,d0101
D10191,D08851,P,577,unclassified,d0101
D10191,D08897,P,578,unclassified,d0101
D10191,D08923,P,579,unclassified,d0101
D10191,D08945,P,580,unclassified,d0101
D10191,D08966,P,581,unclassified,d0101
D10191,D09186,P,582,unclassified,d0101
D10191,D09216,P,583,unclassified,d0101
D10191,D09318,P,584,unclassified,d0101
D10191,D09319,P,585,unclassified,d0101
D10191,D09340,CI,586,unclassified,d0101
D10191,D09341,CI,587,unclassified,d0101
D10191,D09344,P,588,unclassified,d0101
D10191,D09535,P,589,unclassified,d0101
D10191,D09566,P,590,unclassified,d0101
D10191,D09592,P,591,unclassified,d0101
D10191,D09638,P,592,unclassified,d0101
D10191,D09696,P,593,unclassified,d0101
D10191,D09697,P,594,unclassified,d0101
D10191,D09727,P,595,unclassified,d0101
D10191,D09731,P,596,unclassified,d0101
D10191,D09732,P,597,unclassified,d0101
D10191,D09744,P,598,unclassified,d0101
D10191,D09753,P,599,unclassified,d0101
D10191,D09756,P,600,unclassified,d0101
D10191,D09763,P,601,unclassified,d0101
D10191,D09773,CI,602,unclassified,d0101
D10191,D09780,P,603,unclassified,d0101
D10191,D09784,P,604,unclassified,d0101
D10191,D09794,P,605,unclassified,d0101
D10191,D09799,P,606,unclassified,d0101
D10191,D09819,P,607,unclassified,d0101
D10191,D09842,P,608,unclassified,d0101
D10191,D09848,P,609,unclassified,d0101
D10191,D09889,P,610,unclassified,d0101
D10191,D09890,CI,611,unclassified,d0101
D10191,D09891,CI,612,unclassified,d0101
D10191,D09978,P,613,unclassified,d0101
D10191,D09993,P,614,unclassified,d0101
D10191,D09996,P,615,unclassified,d0101
D10191,D09999,CI,616,unclassified,d0101
D10191,D10003,P,617,unclassified,d0101
D10191,D10020,P,618,unclassified,d0101
D10191,D10104,P,619,unclassified,d0101
D10191,D10127,P,620,unclassified,d0101
D10191,D10145,P,621,unclassified,d0101
D10191,D10158,CI,622,Enzyme: MAOA / Target: MAOB,d0101
D10191,D10159,P,623,unclassified,d0101
D10191,D10160,P,624,unclassified,d0101
D10191,D10161,P,625,unclassified,d0101
D10191,D10179,P,626,unclassified,d0101
D10191,D10185,CI,627,unclassified,d0101
D10191,D10191,CI,628,Enzyme: MAOA / Target: MAOB,d0101
D10191,D10195,P,629,unclassified,d0101
D10191,D10199,CI,630,unclassified,d0101
D10191,D10200,P,631,unclassified,d0101
D10191,D10218,P,632,unclassified,d0101
D10191,D10219,P,633,unclassified,d0101
D10191,D10220,P,634,unclassified,d0101
D10191,D10252,P,635,unclassified,d0101
D10191,D10253,P,636,unclassified,d0101
D10191,D10293,P,637,unclassified,d0101
D10191,D10298,P,638,unclassified,d0101
D10191,D10317,P,639,unclassified,d0101
D10191,D10372,P,640,unclassified,d0101
D10191,D10424,P,641,unclassified,d0101
D10191,D10459,P,642,unclassified,d0101
D10191,D10466,P,643,unclassified,d0101
D10191,D10505,P,644,unclassified,d0101
D10191,D10533,P,645,unclassified,d0101
D10191,D10551,P,646,unclassified,d0101
D10191,D10564,P,647,unclassified,d0101
D10191,D10566,P,648,unclassified,d0101
D10191,D10570,P,649,unclassified,d0101
D10191,D10588,P,650,unclassified,d0101
D10191,D10633,P,651,unclassified,d0101
D10191,D10643,P,652,unclassified,d0101
D10191,D10743,P,653,unclassified,d0101
D10191,D10744,P,654,unclassified,d0101
D10191,D10762,P,655,unclassified,d0101
D10191,D10774,P,656,unclassified,d0101
D10191,D10775,P,657,unclassified,d0101
D10191,D10801,P,658,unclassified,d0101
D10191,D10825,P,659,unclassified,d0101
D10191,D10829,CI,660,Target: MAOB,d0101
D10191,D10854,P,661,unclassified,d0101
D10191,D10897,P,662,unclassified,d0101
D10191,D10926,P,663,unclassified,d0101
D10191,D10967,P,664,unclassified,d0101
D10191,D10990,P,665,unclassified,d0101
D10191,D10999,P,666,unclassified,d0101
D10191,D11009,P,667,unclassified,d0101
D10191,D11012,P,668,unclassified,d0101
D10191,D11034,P,669,unclassified,d0101
D10191,D11040,P,670,unclassified,d0101
D10191,D11053,P,671,unclassified,d0101
D10191,D11056,CI,672,unclassified,d0101
D10191,D11064,P,673,unclassified,d0101
D10191,D11088,P,674,unclassified,d0101
D10191,D11090,P,675,unclassified,d0101
D10191,D11109,P,676,unclassified,d0101
D10191,D11138,P,677,unclassified,d0101
D10191,D11194,P,678,unclassified,d0101
D10191,D11290,P,679,unclassified,d0101
D10191,D11296,P,680,unclassified,d0101
D10191,D11370,P,681,unclassified,d0101
D10191,D11371,P,682,unclassified,d0101
D10191,D11422,P,683,unclassified,d0101
D10191,D11454,P,684,unclassified,d0101
D10191,D11485,P,685,unclassified,d0101
D10191,D11557,P,686,unclassified,d0101
D10191,D11567,P,687,unclassified,d0101
D10191,D11619,CI,688,unclassified,d0101
D10191,D11674,P,689,unclassified,d0101
D10191,D11713,P,690,unclassified,d0101
D10191,D11804,P,691,unclassified,d0101
D10191,D11807,P,692,unclassified,d0101
D10191,D11816,P,693,unclassified,d0101
D10191,D11835,P,694,unclassified,d0101
D10191,D11861,P,695,unclassified,d0101
D10191,D11862,P,696,unclassified,d0101
D10191,D11873,P,697,unclassified,d0101
D10191,D11887,P,698,unclassified,d0101
D10191,D11920,P,699,unclassified,d0101
D10191,D11954,P,700,unclassified,d0101
D10191,D11970,P,701,unclassified,d0101
D10191,D12049,P,702,unclassified,d0101
D10191,D12050,P,703,unclassified,d0101
D10191,D12055,P,704,unclassified,d0101
D10191,D12245,P,705,unclassified,d0101
D10191,D12252,P,706,unclassified,d0101
D10191,D12358,P,707,unclassified,d0101
D10191,D12403,CI,708,unclassified,d0101
D10191,D12437,P,709,unclassified,d0101
D10191,D12442,P,710,unclassified,d0101
D10191,D12444,P,711,unclassified,d0101
D10191,D12494,P,712,unclassified,d0101
D10191,D12586,P,713,unclassified,d0101
D10191,D12837,P,714,unclassified,d0101
D10191,D12934,P,715,unclassified,d0101
D10191,D12935,P,716,unclassified,d0101
D10191,D13245,P,717,unclassified,d0101
D10829,D00059,P,1,unclassified,d0099
D10829,D00076,P,2,unclassified,d0099
D10829,D00095,P,3,unclassified,d0099
D10829,D00211,P,4,unclassified,d0099
D10829,D00216,P,5,unclassified,d0099
D10829,D00225,P,6,unclassified,d0099
D10829,D00228,CI,7,unclassified,d0099
D10829,D00252,P,8,unclassified,d0099
D10829,D00253,P,9,unclassified,d0099
D10829,D00265,P,10,unclassified,d0099
D10829,D00267,P,11,unclassified,d0099
D10829,D00280,P,12,unclassified,d0099
D10829,D00283,P,13,Enzyme: CYP1A2,d0099
D10829,D00293,P,14,unclassified,d0099
D10829,D00308,P,15,unclassified,d0099
D10829,D00311,P,16,unclassified,d0099
D10829,D00320,P,17,unclassified,d0099
D10829,D00336,P,18,unclassified,d0099
D10829,D00365,P,19,unclassified,d0099
D10829,D00367,CI,20,unclassified,d0099
D10829,D00387,P,21,unclassified,d0099
D10829,D00388,P,22,unclassified,d0099
D10829,D00402,P,23,unclassified,d0099
D10829,D00405,P,24,unclassified,d0099
D10829,D00415,CI,25,Enzyme: CYP1A2,d0099
D10829,D00451,CI,26,unclassified,d0099
D10829,D00457,P,27,unclassified,d0099
D10829,D00474,P,28,unclassified,d0099
D10829,D00481,P,29,unclassified,d0099
D10829,D00506,P,30,unclassified,d0099
D10829,D00511,P,31,unclassified,d0099
D10829,D00520,CI,32,unclassified,d0099
D10829,D00531,P,33,unclassified,d0099
D10829,D00550,P,34,unclassified,d0099
D10829,D00559,P,35,unclassified,d0099
D10829,D00563,CI,36,Enzyme: CYP1A2,d0099
D10829,D00593,P,37,unclassified,d0099
D10829,D00594,P,38,unclassified,d0099
D10829,D00625,P,39,unclassified,d0099
D10829,D00633,P,40,Enzyme-Target: MAOB,d0099
D10829,D00665,P,41,unclassified,d0099
D10829,D00666,P,42,unclassified,d0099
D10829,D00668,P,43,unclassified,d0099
D10829,D00669,P,44,unclassified,d0099
D10829,D00672,P,45,unclassified,d0099
D10829,D00675,CI,46,unclassified,d0099
D10829,D00676,CI,47,unclassified,d0099
D10829,D00677,P,48,unclassified,d0099
D10829,D00678,P,49,Enzyme: CYP1A2,d0099
D10829,D00694,P,50,unclassified,d0099
D10829,D00701,P,51,unclassified,d0099
D10829,D00713,P,52,unclassified,d0099
D10829,D00714,P,53,unclassified,d0099
D10829,D00720,P,54,unclassified,d0099
D10829,D00722,P,55,unclassified,d0099
D10829,D00744,P,56,unclassified,d0099
D10829,D00765,P,57,unclassified,d0099
D10829,D00770,P,58,unclassified,d0099
D10829,D00777,P,59,unclassified,d0099
D10829,D00780,P,60,unclassified,d0099
D10829,D00781,P,61,unclassified,d0099
D10829,D00784,P,62,Enzyme: CYP1A2,d0099
D10829,D00785,CI,63,Target: MAOB,d0099
D10829,D00787,P,64,unclassified,d0099
D10829,D00809,CI,65,unclassified,d0099
D10829,D00811,CI,66,unclassified,d0099
D10829,D00815,CI,67,unclassified,d0099
D10829,D00816,CI,68,unclassified,d0099
D10829,D00818,CI,69,unclassified,d0099
D10829,D00820,P,70,unclassified,d0099
D10829,D00821,CI,71,unclassified,d0099
D10829,D00824,CI,72,CYP inhibition: CYP1A2,d0099
D10829,D00825,CI,73,unclassified,d0099
D10829,D00836,P,74,unclassified,d0099
D10829,D00839,P,75,unclassified,d0099
D10829,D00842,P,76,unclassified,d0099
D10829,D00848,P,77,unclassified,d0099
D10829,D00944,P,78,unclassified,d0099
D10829,D00945,P,79,unclassified,d0099
D10829,D00947,P,80,unclassified,d0099
D10829,D01007,P,81,unclassified,d0099
D10829,D01008,CI,82,unclassified,d0099
D10829,D01021,CI,83,unclassified,d0099
D10829,D01022,P,84,unclassified,d0099
D10829,D01096,P,85,unclassified,d0099
D10829,D01107,CI,86,unclassified,d0099
D10829,D01111,P,87,unclassified,d0099
D10829,D01165,P,88,unclassified,d0099
D10829,D01179,CI,89,Enzyme: CYP1A2,d0099
D10829,D01226,P,90,unclassified,d0099
D10829,D01230,P,91,unclassified,d0099
D10829,D01245,P,92,unclassified,d0099
D10829,D01253,P,93,unclassified,d0099
D10829,D01268,P,94,unclassified,d0099
D10829,D01269,P,95,unclassified,d0099
D10829,D01277,P,96,unclassified,d0099
D10829,D01278,P,97,unclassified,d0099
D10829,D01280,P,98,unclassified,d0099
D10829,D01292,P,99,unclassified,d0099
D10829,D01293,P,100,unclassified,d0099
D10829,D01296,CI,101,unclassified,d0099
D10829,D01302,P,102,unclassified,d0099
D10829,D01324,P,103,unclassified,d0099
D10829,D01328,P,104,unclassified,d0099
D10829,D01347,CI,105,unclassified,d0099
D10829,D01355,CI,106,unclassified,d0099
D10829,D01358,CI,107,Enzyme: CYP1A2,d0099
D10829,D01383,CI,108,unclassified,d0099
D10829,D01386,P,109,unclassified,d0099
D10829,D01389,P,110,unclassified,d0099
D10829,D01399,P,111,unclassified,d0099
D10829,D01408,P,112,unclassified,d0099
D10829,D01451,P,113,unclassified,d0099
D10829,D01453,P,114,Enzyme: CYP1A2,d0099
D10829,D01481,P,115,unclassified,d0099
D10829,D01514,P,116,unclassified,d0099
D10829,D01564,P,117,unclassified,d0099
D10829,D01599,P,118,unclassified,d0099
D10829,D01657,P,119,unclassified,d0099
D10829,D01665,P,120,unclassified,d0099
D10829,D01744,P,121,unclassified,d0099
D10829,D01832,P,122,CYP induction: CYP1A2,d0099
D10829,D01854,P,123,unclassified,d0099
D10829,D01872,P,124,unclassified,d0099
D10829,D01875,P,125,unclassified,d0099
D10829,D01898,P,126,unclassified,d0099
D10829,D01903,P,127,unclassified,d0099
D10829,D02016,P,128,Enzyme: CYP1A2,d0099
D10829,D02034,CI,129,unclassified,d0099
D10829,D02064,P,130,unclassified,d0099
D10829,D02069,P,131,unclassified,d0099
D10829,D02076,P,132,unclassified,d0099
D10829,D02101,P,133,unclassified,d0099
D10829,D02102,P,134,unclassified,d0099
D10829,D02109,P,135,unclassified,d0099
D10829,D02135,P,136,unclassified,d0099
D10829,D02234,P,137,unclassified,d0099
D10829,D02242,CI,138,unclassified,d0099
D10829,D02246,P,139,unclassified,d0099
D10829,D02247,P,140,unclassified,d0099
D10829,D02260,CI,141,unclassified,d0099
D10829,D02271,P,142,unclassified,d0099
D10829,D02408,CI,143,unclassified,d0099
D10829,D02409,P,144,unclassified,d0099
D10829,D02535,P,145,unclassified,d0099
D10829,D02562,CI,146,Enzyme: CYP1A2 / Target: MAOB,d0099
D10829,D02567,CI,147,unclassified,d0099
D10829,D02574,CI,148,unclassified,d0099
D10829,D03230,P,149,CYP induction: CYP1A2,d0099
D10829,D03250,P,150,CYP induction: CYP1A2,d0099
D10829,D03855,CI,151,unclassified,d0099
D10829,D04044,P,152,unclassified,d0099
D10829,D04052,P,153,Enzyme: CYP1A2,d0099
D10829,D04062,P,154,unclassified,d0099
D10829,D04081,P,155,unclassified,d0099
D10829,D04148,CI,156,Enzyme: CYP1A2,d0099
D10829,D04251,CI,157,unclassified,d0099
D10829,D04259,P,158,unclassified,d0099
D10829,D04261,P,159,unclassified,d0099
D10829,D04313,P,160,unclassified,d0099
D10829,D04340,P,161,unclassified,d0099
D10829,D04342,P,162,unclassified,d0099
D10829,D04364,P,163,unclassified,d0099
D10829,D04447,P,164,unclassified,d0099
D10829,D04475,P,165,CYP induction: CYP1A2,d0099
D10829,D04477,P,166,CYP induction: CYP1A2,d0099
D10829,D04539,P,167,CYP induction: CYP1A2,d0099
D10829,D04540,P,168,CYP induction: CYP1A2,d0099
D10829,D04547,P,169,CYP induction: CYP1A2,d0099
D10829,D04616,P,170,unclassified,d0099
D10829,D04747,CI,171,unclassified,d0099
D10829,D04813,P,172,Enzyme: CYP1A2,d0099
D10829,D04911,P,173,unclassified,d0099
D10829,D04935,P,174,unclassified,d0099
D10829,D05462,P,175,unclassified,d0099
D10829,D05768,P,176,unclassified,d0099
D10829,D06273,P,177,unclassified,d0099
D10829,D06553,P,178,unclassified,d0099
D10829,D06645,P,179,unclassified,d0099
D10829,D06698,P,180,unclassified,d0099
D10829,D06921,P,181,unclassified,d0099
D10829,D06927,P,182,unclassified,d0099
D10829,D06928,P,183,unclassified,d0099
D10829,D06951,P,184,unclassified,d0099
D10829,D06953,P,185,unclassified,d0099
D10829,D06955,P,186,unclassified,d0099
D10829,D06956,P,187,unclassified,d0099
D10829,D06987,P,188,unclassified,d0099
D10829,D06994,P,189,unclassified,d0099
D10829,D07041,P,190,unclassified,d0099
D10829,D07042,P,191,unclassified,d0099
D10829,D07043,P,192,unclassified,d0099
D10829,D07044,P,193,unclassified,d0099
D10829,D07045,P,194,unclassified,d0099
D10829,D07048,P,195,unclassified,d0099
D10829,D07080,P,196,unclassified,d0099
D10829,D07132,P,197,unclassified,d0099
D10829,D07583,P,198,unclassified,d0099
D10829,D08080,P,199,CYP induction: CYP1A2,d0099
D10829,D08575,CI,200,Enzyme: CYP1A2,d0099
D10829,D08695,P,201,unclassified,d0099
D10829,D08769,P,202,unclassified,d0099
D10829,D08897,P,203,unclassified,d0099
D10829,D08923,P,204,unclassified,d0099
D10829,D09186,P,205,unclassified,d0099
D10829,D09319,P,206,unclassified,d0099
D10829,D09566,P,207,unclassified,d0099
D10829,D09592,P,208,unclassified,d0099
D10829,D09727,P,209,unclassified,d0099
D10829,D09744,P,210,unclassified,d0099
D10829,D09753,P,211,unclassified,d0099
D10829,D09756,P,212,unclassified,d0099
D10829,D09763,P,213,unclassified,d0099
D10829,D09780,P,214,unclassified,d0099
D10829,D09848,P,215,unclassified,d0099
D10829,D09889,P,216,unclassified,d0099
D10829,D09978,P,217,unclassified,d0099
D10829,D09993,P,218,unclassified,d0099
D10829,D09996,P,219,CYP inhibition: CYP1A2,d0099
D10829,D09999,CI,220,unclassified,d0099
D10829,D10159,P,221,unclassified,d0099
D10829,D10160,P,222,unclassified,d0099
D10829,D10179,P,223,unclassified,d0099
D10829,D10185,CI,224,unclassified,d0099
D10829,D10191,CI,225,Target: MAOB,d0099
D10829,D10195,P,226,unclassified,d0099
D10829,D10200,P,227,unclassified,d0099
D10829,D10252,P,228,unclassified,d0099
D10829,D10253,P,229,unclassified,d0099
D10829,D10293,P,230,unclassified,d0099
D10829,D10298,P,231,unclassified,d0099
D10829,D10317,P,232,unclassified,d0099
D10829,D10424,P,233,unclassified,d0099
D10829,D10459,P,234,unclassified,d0099
D10829,D10505,P,235,unclassified,d0099
D10829,D10570,P,236,unclassified,d0099
D10829,D10588,P,237,unclassified,d0099
D10829,D10743,P,238,unclassified,d0099
D10829,D10744,P,239,unclassified,d0099
D10829,D10825,P,240,unclassified,d0099
D10829,D10854,P,241,unclassified,d0099
D10829,D10891,P,242,unclassified,d0099
D10829,D10897,P,243,unclassified,d0099
D10829,D10967,P,244,unclassified,d0099
D10829,D10999,P,245,unclassified,d0099
D10829,D11027,P,246,unclassified,d0099
D10829,D11034,P,247,unclassified,d0099
D10829,D11062,P,248,unclassified,d0099
D10829,D11064,P,249,unclassified,d0099
D10829,D11109,P,250,unclassified,d0099
D10829,D11290,P,251,unclassified,d0099
D10829,D11567,P,252,unclassified,d0099
D10829,D11708,P,253,unclassified,d0099
D10829,D11807,P,254,unclassified,d0099
D10829,D11861,P,255,unclassified,d0099
D10829,D11862,P,256,unclassified,d0099
D10829,D11970,P,257,CYP inhibition: CYP1A2,d0099
D10829,D12358,P,258,unclassified,d0099
D10829,D12364,P,259,unclassified,d0099
D10829,D12437,P,260,unclassified,d0099
D10829,D12494,P,261,unclassified,d0099
D10829,D13245,P,262,unclassified,d0099
